"city","city_lat","city_lon","grid_lat","grid_lon","year","month","tas_C"
"McMurdo Station",-77.85,166.67,-77.5,166.875,2015,1,-2.57
"McMurdo Station",-77.85,166.67,-77.5,166.875,2015,2,-12.83
"McMurdo Station",-77.85,166.67,-77.5,166.875,2015,3,-18.58
"McMurdo Station",-77.85,166.67,-77.5,166.875,2015,4,-26.41
"McMurdo Station",-77.85,166.67,-77.5,166.875,2015,5,-26.66
"McMurdo Station",-77.85,166.67,-77.5,166.875,2015,6,-24.64
"McMurdo Station",-77.85,166.67,-77.5,166.875,2015,7,-32.37
"McMurdo Station",-77.85,166.67,-77.5,166.875,2015,8,-34.06
"McMurdo Station",-77.85,166.67,-77.5,166.875,2015,9,-37.27
"McMurdo Station",-77.85,166.67,-77.5,166.875,2015,10,-31.03
"McMurdo Station",-77.85,166.67,-77.5,166.875,2015,11,-19.01
"McMurdo Station",-77.85,166.67,-77.5,166.875,2015,12,-7.24
"McMurdo Station",-77.85,166.67,-77.5,166.875,2016,1,-4.77
"McMurdo Station",-77.85,166.67,-77.5,166.875,2016,2,-10.22
"McMurdo Station",-77.85,166.67,-77.5,166.875,2016,3,-21.21
"McMurdo Station",-77.85,166.67,-77.5,166.875,2016,4,-28.52
"McMurdo Station",-77.85,166.67,-77.5,166.875,2016,5,-26.05
"McMurdo Station",-77.85,166.67,-77.5,166.875,2016,6,-28.66
"McMurdo Station",-77.85,166.67,-77.5,166.875,2016,7,-30.38
"McMurdo Station",-77.85,166.67,-77.5,166.875,2016,8,-33.45
"McMurdo Station",-77.85,166.67,-77.5,166.875,2016,9,-36.08
"McMurdo Station",-77.85,166.67,-77.5,166.875,2016,10,-28.5
"McMurdo Station",-77.85,166.67,-77.5,166.875,2016,11,-16.15
"McMurdo Station",-77.85,166.67,-77.5,166.875,2016,12,-5.1
"McMurdo Station",-77.85,166.67,-77.5,166.875,2017,1,-3.14
"McMurdo Station",-77.85,166.67,-77.5,166.875,2017,2,-10.94
"McMurdo Station",-77.85,166.67,-77.5,166.875,2017,3,-20.9
"McMurdo Station",-77.85,166.67,-77.5,166.875,2017,4,-26.37
"McMurdo Station",-77.85,166.67,-77.5,166.875,2017,5,-26.83
"McMurdo Station",-77.85,166.67,-77.5,166.875,2017,6,-30.64
"McMurdo Station",-77.85,166.67,-77.5,166.875,2017,7,-34.17
"McMurdo Station",-77.85,166.67,-77.5,166.875,2017,8,-37.43
"McMurdo Station",-77.85,166.67,-77.5,166.875,2017,9,-32.96
"McMurdo Station",-77.85,166.67,-77.5,166.875,2017,10,-28.08
"McMurdo Station",-77.85,166.67,-77.5,166.875,2017,11,-15.55
"McMurdo Station",-77.85,166.67,-77.5,166.875,2017,12,-6.16
"McMurdo Station",-77.85,166.67,-77.5,166.875,2018,1,-3.01
"McMurdo Station",-77.85,166.67,-77.5,166.875,2018,2,-8.35
"McMurdo Station",-77.85,166.67,-77.5,166.875,2018,3,-22.61
"McMurdo Station",-77.85,166.67,-77.5,166.875,2018,4,-24.38
"McMurdo Station",-77.85,166.67,-77.5,166.875,2018,5,-30.9
"McMurdo Station",-77.85,166.67,-77.5,166.875,2018,6,-28.59
"McMurdo Station",-77.85,166.67,-77.5,166.875,2018,7,-30.55
"McMurdo Station",-77.85,166.67,-77.5,166.875,2018,8,-27.72
"McMurdo Station",-77.85,166.67,-77.5,166.875,2018,9,-31.34
"McMurdo Station",-77.85,166.67,-77.5,166.875,2018,10,-27.19
"McMurdo Station",-77.85,166.67,-77.5,166.875,2018,11,-18.31
"McMurdo Station",-77.85,166.67,-77.5,166.875,2018,12,-6.81
"McMurdo Station",-77.85,166.67,-77.5,166.875,2019,1,-5.14
"McMurdo Station",-77.85,166.67,-77.5,166.875,2019,2,-10.59
"McMurdo Station",-77.85,166.67,-77.5,166.875,2019,3,-23.73
"McMurdo Station",-77.85,166.67,-77.5,166.875,2019,4,-26.99
"McMurdo Station",-77.85,166.67,-77.5,166.875,2019,5,-25.31
"McMurdo Station",-77.85,166.67,-77.5,166.875,2019,6,-30.06
"McMurdo Station",-77.85,166.67,-77.5,166.875,2019,7,-31.49
"McMurdo Station",-77.85,166.67,-77.5,166.875,2019,8,-29.83
"McMurdo Station",-77.85,166.67,-77.5,166.875,2019,9,-32.41
"McMurdo Station",-77.85,166.67,-77.5,166.875,2019,10,-25.18
"McMurdo Station",-77.85,166.67,-77.5,166.875,2019,11,-16.45
"McMurdo Station",-77.85,166.67,-77.5,166.875,2019,12,-5.78
"McMurdo Station",-77.85,166.67,-77.5,166.875,2020,1,-4.14
"McMurdo Station",-77.85,166.67,-77.5,166.875,2020,2,-13.31
"McMurdo Station",-77.85,166.67,-77.5,166.875,2020,3,-23.69
"McMurdo Station",-77.85,166.67,-77.5,166.875,2020,4,-26.31
"McMurdo Station",-77.85,166.67,-77.5,166.875,2020,5,-25.72
"McMurdo Station",-77.85,166.67,-77.5,166.875,2020,6,-28.14
"McMurdo Station",-77.85,166.67,-77.5,166.875,2020,7,-33.23
"McMurdo Station",-77.85,166.67,-77.5,166.875,2020,8,-31.58
"McMurdo Station",-77.85,166.67,-77.5,166.875,2020,9,-32.86
"McMurdo Station",-77.85,166.67,-77.5,166.875,2020,10,-26.78
"McMurdo Station",-77.85,166.67,-77.5,166.875,2020,11,-14.26
"McMurdo Station",-77.85,166.67,-77.5,166.875,2020,12,-6.05
"McMurdo Station",-77.85,166.67,-77.5,166.875,2021,1,-2.35
"McMurdo Station",-77.85,166.67,-77.5,166.875,2021,2,-9.38
"McMurdo Station",-77.85,166.67,-77.5,166.875,2021,3,-21.44
"McMurdo Station",-77.85,166.67,-77.5,166.875,2021,4,-25.11
"McMurdo Station",-77.85,166.67,-77.5,166.875,2021,5,-29.84
"McMurdo Station",-77.85,166.67,-77.5,166.875,2021,6,-29.96
"McMurdo Station",-77.85,166.67,-77.5,166.875,2021,7,-32.28
"McMurdo Station",-77.85,166.67,-77.5,166.875,2021,8,-33.71
"McMurdo Station",-77.85,166.67,-77.5,166.875,2021,9,-35.93
"McMurdo Station",-77.85,166.67,-77.5,166.875,2021,10,-26.66
"McMurdo Station",-77.85,166.67,-77.5,166.875,2021,11,-15.93
"McMurdo Station",-77.85,166.67,-77.5,166.875,2021,12,-6.7
"McMurdo Station",-77.85,166.67,-77.5,166.875,2022,1,-2.55
"McMurdo Station",-77.85,166.67,-77.5,166.875,2022,2,-13.05
"McMurdo Station",-77.85,166.67,-77.5,166.875,2022,3,-20.78
"McMurdo Station",-77.85,166.67,-77.5,166.875,2022,4,-26.09
"McMurdo Station",-77.85,166.67,-77.5,166.875,2022,5,-24.86
"McMurdo Station",-77.85,166.67,-77.5,166.875,2022,6,-27.07
"McMurdo Station",-77.85,166.67,-77.5,166.875,2022,7,-29.02
"McMurdo Station",-77.85,166.67,-77.5,166.875,2022,8,-31.66
"McMurdo Station",-77.85,166.67,-77.5,166.875,2022,9,-32.43
"McMurdo Station",-77.85,166.67,-77.5,166.875,2022,10,-27.16
"McMurdo Station",-77.85,166.67,-77.5,166.875,2022,11,-15.41
"McMurdo Station",-77.85,166.67,-77.5,166.875,2022,12,-4.81
"McMurdo Station",-77.85,166.67,-77.5,166.875,2023,1,-2
"McMurdo Station",-77.85,166.67,-77.5,166.875,2023,2,-11.43
"McMurdo Station",-77.85,166.67,-77.5,166.875,2023,3,-19.62
"McMurdo Station",-77.85,166.67,-77.5,166.875,2023,4,-28.46
"McMurdo Station",-77.85,166.67,-77.5,166.875,2023,5,-26.68
"McMurdo Station",-77.85,166.67,-77.5,166.875,2023,6,-31.72
"McMurdo Station",-77.85,166.67,-77.5,166.875,2023,7,-32.95
"McMurdo Station",-77.85,166.67,-77.5,166.875,2023,8,-32.82
"McMurdo Station",-77.85,166.67,-77.5,166.875,2023,9,-30.77
"McMurdo Station",-77.85,166.67,-77.5,166.875,2023,10,-28.4
"McMurdo Station",-77.85,166.67,-77.5,166.875,2023,11,-13.17
"McMurdo Station",-77.85,166.67,-77.5,166.875,2023,12,-5.13
"McMurdo Station",-77.85,166.67,-77.5,166.875,2024,1,-4.52
"McMurdo Station",-77.85,166.67,-77.5,166.875,2024,2,-12.96
"McMurdo Station",-77.85,166.67,-77.5,166.875,2024,3,-22.05
"McMurdo Station",-77.85,166.67,-77.5,166.875,2024,4,-25.97
"McMurdo Station",-77.85,166.67,-77.5,166.875,2024,5,-26.41
"McMurdo Station",-77.85,166.67,-77.5,166.875,2024,6,-25.7
"McMurdo Station",-77.85,166.67,-77.5,166.875,2024,7,-26.95
"McMurdo Station",-77.85,166.67,-77.5,166.875,2024,8,-32.99
"McMurdo Station",-77.85,166.67,-77.5,166.875,2024,9,-31.45
"McMurdo Station",-77.85,166.67,-77.5,166.875,2024,10,-24.58
"McMurdo Station",-77.85,166.67,-77.5,166.875,2024,11,-13.44
"McMurdo Station",-77.85,166.67,-77.5,166.875,2024,12,-5.46
"McMurdo Station",-77.85,166.67,-77.5,166.875,2025,1,-4.18
"McMurdo Station",-77.85,166.67,-77.5,166.875,2025,2,-13.85
"McMurdo Station",-77.85,166.67,-77.5,166.875,2025,3,-21.55
"McMurdo Station",-77.85,166.67,-77.5,166.875,2025,4,-21.78
"McMurdo Station",-77.85,166.67,-77.5,166.875,2025,5,-26.26
"McMurdo Station",-77.85,166.67,-77.5,166.875,2025,6,-26.59
"McMurdo Station",-77.85,166.67,-77.5,166.875,2025,7,-29.42
"McMurdo Station",-77.85,166.67,-77.5,166.875,2025,8,-36.66
"McMurdo Station",-77.85,166.67,-77.5,166.875,2025,9,-35.81
"McMurdo Station",-77.85,166.67,-77.5,166.875,2025,10,-29.59
"McMurdo Station",-77.85,166.67,-77.5,166.875,2025,11,-18.06
"McMurdo Station",-77.85,166.67,-77.5,166.875,2025,12,-7.73
"McMurdo Station",-77.85,166.67,-77.5,166.875,2026,1,-3.51
"McMurdo Station",-77.85,166.67,-77.5,166.875,2026,2,-10.47
"McMurdo Station",-77.85,166.67,-77.5,166.875,2026,3,-20.13
"McMurdo Station",-77.85,166.67,-77.5,166.875,2026,4,-23.2
"McMurdo Station",-77.85,166.67,-77.5,166.875,2026,5,-31.1
"McMurdo Station",-77.85,166.67,-77.5,166.875,2026,6,-29.48
"McMurdo Station",-77.85,166.67,-77.5,166.875,2026,7,-27.83
"McMurdo Station",-77.85,166.67,-77.5,166.875,2026,8,-35.38
"McMurdo Station",-77.85,166.67,-77.5,166.875,2026,9,-30.17
"McMurdo Station",-77.85,166.67,-77.5,166.875,2026,10,-28.5
"McMurdo Station",-77.85,166.67,-77.5,166.875,2026,11,-16.66
"McMurdo Station",-77.85,166.67,-77.5,166.875,2026,12,-6.93
"McMurdo Station",-77.85,166.67,-77.5,166.875,2027,1,-3.14
"McMurdo Station",-77.85,166.67,-77.5,166.875,2027,2,-11.43
"McMurdo Station",-77.85,166.67,-77.5,166.875,2027,3,-19.6
"McMurdo Station",-77.85,166.67,-77.5,166.875,2027,4,-24.7
"McMurdo Station",-77.85,166.67,-77.5,166.875,2027,5,-26.05
"McMurdo Station",-77.85,166.67,-77.5,166.875,2027,6,-28.85
"McMurdo Station",-77.85,166.67,-77.5,166.875,2027,7,-27.82
"McMurdo Station",-77.85,166.67,-77.5,166.875,2027,8,-26.34
"McMurdo Station",-77.85,166.67,-77.5,166.875,2027,9,-29.94
"McMurdo Station",-77.85,166.67,-77.5,166.875,2027,10,-24.66
"McMurdo Station",-77.85,166.67,-77.5,166.875,2027,11,-12.98
"McMurdo Station",-77.85,166.67,-77.5,166.875,2027,12,-4.04
"McMurdo Station",-77.85,166.67,-77.5,166.875,2028,1,-2.45
"McMurdo Station",-77.85,166.67,-77.5,166.875,2028,2,-9.18
"McMurdo Station",-77.85,166.67,-77.5,166.875,2028,3,-18.64
"McMurdo Station",-77.85,166.67,-77.5,166.875,2028,4,-25.67
"McMurdo Station",-77.85,166.67,-77.5,166.875,2028,5,-24.22
"McMurdo Station",-77.85,166.67,-77.5,166.875,2028,6,-25.17
"McMurdo Station",-77.85,166.67,-77.5,166.875,2028,7,-32.28
"McMurdo Station",-77.85,166.67,-77.5,166.875,2028,8,-29.85
"McMurdo Station",-77.85,166.67,-77.5,166.875,2028,9,-28.29
"McMurdo Station",-77.85,166.67,-77.5,166.875,2028,10,-27.35
"McMurdo Station",-77.85,166.67,-77.5,166.875,2028,11,-18.14
"McMurdo Station",-77.85,166.67,-77.5,166.875,2028,12,-5.05
"McMurdo Station",-77.85,166.67,-77.5,166.875,2029,1,-2.9
"McMurdo Station",-77.85,166.67,-77.5,166.875,2029,2,-10.16
"McMurdo Station",-77.85,166.67,-77.5,166.875,2029,3,-20.87
"McMurdo Station",-77.85,166.67,-77.5,166.875,2029,4,-28.68
"McMurdo Station",-77.85,166.67,-77.5,166.875,2029,5,-32.75
"McMurdo Station",-77.85,166.67,-77.5,166.875,2029,6,-28.16
"McMurdo Station",-77.85,166.67,-77.5,166.875,2029,7,-26.32
"McMurdo Station",-77.85,166.67,-77.5,166.875,2029,8,-29.99
"McMurdo Station",-77.85,166.67,-77.5,166.875,2029,9,-32.32
"McMurdo Station",-77.85,166.67,-77.5,166.875,2029,10,-27.93
"McMurdo Station",-77.85,166.67,-77.5,166.875,2029,11,-15.93
"McMurdo Station",-77.85,166.67,-77.5,166.875,2029,12,-6.85
"McMurdo Station",-77.85,166.67,-77.5,166.875,2030,1,-4.15
"McMurdo Station",-77.85,166.67,-77.5,166.875,2030,2,-12.35
"McMurdo Station",-77.85,166.67,-77.5,166.875,2030,3,-18.62
"McMurdo Station",-77.85,166.67,-77.5,166.875,2030,4,-27.94
"McMurdo Station",-77.85,166.67,-77.5,166.875,2030,5,-27.74
"McMurdo Station",-77.85,166.67,-77.5,166.875,2030,6,-25.93
"McMurdo Station",-77.85,166.67,-77.5,166.875,2030,7,-27.36
"McMurdo Station",-77.85,166.67,-77.5,166.875,2030,8,-32.99
"McMurdo Station",-77.85,166.67,-77.5,166.875,2030,9,-33.25
"McMurdo Station",-77.85,166.67,-77.5,166.875,2030,10,-26.62
"McMurdo Station",-77.85,166.67,-77.5,166.875,2030,11,-16.5
"McMurdo Station",-77.85,166.67,-77.5,166.875,2030,12,-7.3
"McMurdo Station",-77.85,166.67,-77.5,166.875,2031,1,-2.91
"McMurdo Station",-77.85,166.67,-77.5,166.875,2031,2,-11.29
"McMurdo Station",-77.85,166.67,-77.5,166.875,2031,3,-22.78
"McMurdo Station",-77.85,166.67,-77.5,166.875,2031,4,-24.52
"McMurdo Station",-77.85,166.67,-77.5,166.875,2031,5,-24.26
"McMurdo Station",-77.85,166.67,-77.5,166.875,2031,6,-25.96
"McMurdo Station",-77.85,166.67,-77.5,166.875,2031,7,-29.81
"McMurdo Station",-77.85,166.67,-77.5,166.875,2031,8,-31.37
"McMurdo Station",-77.85,166.67,-77.5,166.875,2031,9,-33.01
"McMurdo Station",-77.85,166.67,-77.5,166.875,2031,10,-25.25
"McMurdo Station",-77.85,166.67,-77.5,166.875,2031,11,-15.16
"McMurdo Station",-77.85,166.67,-77.5,166.875,2031,12,-6.62
"McMurdo Station",-77.85,166.67,-77.5,166.875,2032,1,-3.48
"McMurdo Station",-77.85,166.67,-77.5,166.875,2032,2,-10.31
"McMurdo Station",-77.85,166.67,-77.5,166.875,2032,3,-18.65
"McMurdo Station",-77.85,166.67,-77.5,166.875,2032,4,-27.74
"McMurdo Station",-77.85,166.67,-77.5,166.875,2032,5,-32.32
"McMurdo Station",-77.85,166.67,-77.5,166.875,2032,6,-31.52
"McMurdo Station",-77.85,166.67,-77.5,166.875,2032,7,-28.47
"McMurdo Station",-77.85,166.67,-77.5,166.875,2032,8,-32.93
"McMurdo Station",-77.85,166.67,-77.5,166.875,2032,9,-31.27
"McMurdo Station",-77.85,166.67,-77.5,166.875,2032,10,-29.13
"McMurdo Station",-77.85,166.67,-77.5,166.875,2032,11,-14.68
"McMurdo Station",-77.85,166.67,-77.5,166.875,2032,12,-5.26
"McMurdo Station",-77.85,166.67,-77.5,166.875,2033,1,-4.1
"McMurdo Station",-77.85,166.67,-77.5,166.875,2033,2,-10.45
"McMurdo Station",-77.85,166.67,-77.5,166.875,2033,3,-17.7
"McMurdo Station",-77.85,166.67,-77.5,166.875,2033,4,-27.13
"McMurdo Station",-77.85,166.67,-77.5,166.875,2033,5,-26.56
"McMurdo Station",-77.85,166.67,-77.5,166.875,2033,6,-30.69
"McMurdo Station",-77.85,166.67,-77.5,166.875,2033,7,-30.83
"McMurdo Station",-77.85,166.67,-77.5,166.875,2033,8,-32.45
"McMurdo Station",-77.85,166.67,-77.5,166.875,2033,9,-28.53
"McMurdo Station",-77.85,166.67,-77.5,166.875,2033,10,-29.27
"McMurdo Station",-77.85,166.67,-77.5,166.875,2033,11,-13.32
"McMurdo Station",-77.85,166.67,-77.5,166.875,2033,12,-5.31
"McMurdo Station",-77.85,166.67,-77.5,166.875,2034,1,-3.15
"McMurdo Station",-77.85,166.67,-77.5,166.875,2034,2,-9.54
"McMurdo Station",-77.85,166.67,-77.5,166.875,2034,3,-23.48
"McMurdo Station",-77.85,166.67,-77.5,166.875,2034,4,-25
"McMurdo Station",-77.85,166.67,-77.5,166.875,2034,5,-27.26
"McMurdo Station",-77.85,166.67,-77.5,166.875,2034,6,-26.82
"McMurdo Station",-77.85,166.67,-77.5,166.875,2034,7,-28.2
"McMurdo Station",-77.85,166.67,-77.5,166.875,2034,8,-28.15
"McMurdo Station",-77.85,166.67,-77.5,166.875,2034,9,-26.03
"McMurdo Station",-77.85,166.67,-77.5,166.875,2034,10,-30.47
"McMurdo Station",-77.85,166.67,-77.5,166.875,2034,11,-17.63
"McMurdo Station",-77.85,166.67,-77.5,166.875,2034,12,-5.53
"McMurdo Station",-77.85,166.67,-77.5,166.875,2035,1,-4.5
"McMurdo Station",-77.85,166.67,-77.5,166.875,2035,2,-15.22
"McMurdo Station",-77.85,166.67,-77.5,166.875,2035,3,-18.81
"McMurdo Station",-77.85,166.67,-77.5,166.875,2035,4,-29.11
"McMurdo Station",-77.85,166.67,-77.5,166.875,2035,5,-25.13
"McMurdo Station",-77.85,166.67,-77.5,166.875,2035,6,-28.99
"McMurdo Station",-77.85,166.67,-77.5,166.875,2035,7,-33.1
"McMurdo Station",-77.85,166.67,-77.5,166.875,2035,8,-34.73
"McMurdo Station",-77.85,166.67,-77.5,166.875,2035,9,-26.54
"McMurdo Station",-77.85,166.67,-77.5,166.875,2035,10,-24.15
"McMurdo Station",-77.85,166.67,-77.5,166.875,2035,11,-14.42
"McMurdo Station",-77.85,166.67,-77.5,166.875,2035,12,-5.78
"McMurdo Station",-77.85,166.67,-77.5,166.875,2036,1,-3.39
"McMurdo Station",-77.85,166.67,-77.5,166.875,2036,2,-9.52
"McMurdo Station",-77.85,166.67,-77.5,166.875,2036,3,-19.25
"McMurdo Station",-77.85,166.67,-77.5,166.875,2036,4,-24.34
"McMurdo Station",-77.85,166.67,-77.5,166.875,2036,5,-29.77
"McMurdo Station",-77.85,166.67,-77.5,166.875,2036,6,-34.78
"McMurdo Station",-77.85,166.67,-77.5,166.875,2036,7,-33.6
"McMurdo Station",-77.85,166.67,-77.5,166.875,2036,8,-28.7
"McMurdo Station",-77.85,166.67,-77.5,166.875,2036,9,-31.83
"McMurdo Station",-77.85,166.67,-77.5,166.875,2036,10,-26.25
"McMurdo Station",-77.85,166.67,-77.5,166.875,2036,11,-14.92
"McMurdo Station",-77.85,166.67,-77.5,166.875,2036,12,-6.36
"McMurdo Station",-77.85,166.67,-77.5,166.875,2037,1,-3.2
"McMurdo Station",-77.85,166.67,-77.5,166.875,2037,2,-11.58
"McMurdo Station",-77.85,166.67,-77.5,166.875,2037,3,-19.94
"McMurdo Station",-77.85,166.67,-77.5,166.875,2037,4,-20.92
"McMurdo Station",-77.85,166.67,-77.5,166.875,2037,5,-27.85
"McMurdo Station",-77.85,166.67,-77.5,166.875,2037,6,-24.64
"McMurdo Station",-77.85,166.67,-77.5,166.875,2037,7,-32.23
"McMurdo Station",-77.85,166.67,-77.5,166.875,2037,8,-34.15
"McMurdo Station",-77.85,166.67,-77.5,166.875,2037,9,-34.26
"McMurdo Station",-77.85,166.67,-77.5,166.875,2037,10,-30.04
"McMurdo Station",-77.85,166.67,-77.5,166.875,2037,11,-14.99
"McMurdo Station",-77.85,166.67,-77.5,166.875,2037,12,-4.38
"McMurdo Station",-77.85,166.67,-77.5,166.875,2038,1,-2.12
"McMurdo Station",-77.85,166.67,-77.5,166.875,2038,2,-10.11
"McMurdo Station",-77.85,166.67,-77.5,166.875,2038,3,-19.11
"McMurdo Station",-77.85,166.67,-77.5,166.875,2038,4,-21.66
"McMurdo Station",-77.85,166.67,-77.5,166.875,2038,5,-26.14
"McMurdo Station",-77.85,166.67,-77.5,166.875,2038,6,-30.59
"McMurdo Station",-77.85,166.67,-77.5,166.875,2038,7,-33.03
"McMurdo Station",-77.85,166.67,-77.5,166.875,2038,8,-33.54
"McMurdo Station",-77.85,166.67,-77.5,166.875,2038,9,-34.66
"McMurdo Station",-77.85,166.67,-77.5,166.875,2038,10,-28.5
"McMurdo Station",-77.85,166.67,-77.5,166.875,2038,11,-17.3
"McMurdo Station",-77.85,166.67,-77.5,166.875,2038,12,-4.57
"McMurdo Station",-77.85,166.67,-77.5,166.875,2039,1,-2.91
"McMurdo Station",-77.85,166.67,-77.5,166.875,2039,2,-12.58
"McMurdo Station",-77.85,166.67,-77.5,166.875,2039,3,-19.64
"McMurdo Station",-77.85,166.67,-77.5,166.875,2039,4,-30.61
"McMurdo Station",-77.85,166.67,-77.5,166.875,2039,5,-24.36
"McMurdo Station",-77.85,166.67,-77.5,166.875,2039,6,-29.32
"McMurdo Station",-77.85,166.67,-77.5,166.875,2039,7,-30.17
"McMurdo Station",-77.85,166.67,-77.5,166.875,2039,8,-32.84
"McMurdo Station",-77.85,166.67,-77.5,166.875,2039,9,-29.5
"McMurdo Station",-77.85,166.67,-77.5,166.875,2039,10,-26.13
"McMurdo Station",-77.85,166.67,-77.5,166.875,2039,11,-15.84
"McMurdo Station",-77.85,166.67,-77.5,166.875,2039,12,-3.67
"McMurdo Station",-77.85,166.67,-77.5,166.875,2040,1,-2.94
"McMurdo Station",-77.85,166.67,-77.5,166.875,2040,2,-11.87
"McMurdo Station",-77.85,166.67,-77.5,166.875,2040,3,-19.58
"McMurdo Station",-77.85,166.67,-77.5,166.875,2040,4,-22.8
"McMurdo Station",-77.85,166.67,-77.5,166.875,2040,5,-28.2
"McMurdo Station",-77.85,166.67,-77.5,166.875,2040,6,-30.83
"McMurdo Station",-77.85,166.67,-77.5,166.875,2040,7,-35.15
"McMurdo Station",-77.85,166.67,-77.5,166.875,2040,8,-31.26
"McMurdo Station",-77.85,166.67,-77.5,166.875,2040,9,-29.47
"McMurdo Station",-77.85,166.67,-77.5,166.875,2040,10,-24.23
"McMurdo Station",-77.85,166.67,-77.5,166.875,2040,11,-13.44
"McMurdo Station",-77.85,166.67,-77.5,166.875,2040,12,-4.58
"McMurdo Station",-77.85,166.67,-77.5,166.875,2041,1,-2.69
"McMurdo Station",-77.85,166.67,-77.5,166.875,2041,2,-9.31
"McMurdo Station",-77.85,166.67,-77.5,166.875,2041,3,-13.74
"McMurdo Station",-77.85,166.67,-77.5,166.875,2041,4,-21.25
"McMurdo Station",-77.85,166.67,-77.5,166.875,2041,5,-26.71
"McMurdo Station",-77.85,166.67,-77.5,166.875,2041,6,-28.15
"McMurdo Station",-77.85,166.67,-77.5,166.875,2041,7,-28.63
"McMurdo Station",-77.85,166.67,-77.5,166.875,2041,8,-29.85
"McMurdo Station",-77.85,166.67,-77.5,166.875,2041,9,-30.73
"McMurdo Station",-77.85,166.67,-77.5,166.875,2041,10,-24.11
"McMurdo Station",-77.85,166.67,-77.5,166.875,2041,11,-13.54
"McMurdo Station",-77.85,166.67,-77.5,166.875,2041,12,-4.18
"McMurdo Station",-77.85,166.67,-77.5,166.875,2042,1,-2.16
"McMurdo Station",-77.85,166.67,-77.5,166.875,2042,2,-9
"McMurdo Station",-77.85,166.67,-77.5,166.875,2042,3,-18.64
"McMurdo Station",-77.85,166.67,-77.5,166.875,2042,4,-23.75
"McMurdo Station",-77.85,166.67,-77.5,166.875,2042,5,-25.18
"McMurdo Station",-77.85,166.67,-77.5,166.875,2042,6,-27.91
"McMurdo Station",-77.85,166.67,-77.5,166.875,2042,7,-30.98
"McMurdo Station",-77.85,166.67,-77.5,166.875,2042,8,-28.89
"McMurdo Station",-77.85,166.67,-77.5,166.875,2042,9,-28.14
"McMurdo Station",-77.85,166.67,-77.5,166.875,2042,10,-25.46
"McMurdo Station",-77.85,166.67,-77.5,166.875,2042,11,-14.18
"McMurdo Station",-77.85,166.67,-77.5,166.875,2042,12,-5.61
"McMurdo Station",-77.85,166.67,-77.5,166.875,2043,1,-2.56
"McMurdo Station",-77.85,166.67,-77.5,166.875,2043,2,-10.81
"McMurdo Station",-77.85,166.67,-77.5,166.875,2043,3,-20.17
"McMurdo Station",-77.85,166.67,-77.5,166.875,2043,4,-22.81
"McMurdo Station",-77.85,166.67,-77.5,166.875,2043,5,-25.81
"McMurdo Station",-77.85,166.67,-77.5,166.875,2043,6,-25.64
"McMurdo Station",-77.85,166.67,-77.5,166.875,2043,7,-30.01
"McMurdo Station",-77.85,166.67,-77.5,166.875,2043,8,-25.68
"McMurdo Station",-77.85,166.67,-77.5,166.875,2043,9,-32.43
"McMurdo Station",-77.85,166.67,-77.5,166.875,2043,10,-22.75
"McMurdo Station",-77.85,166.67,-77.5,166.875,2043,11,-13.94
"McMurdo Station",-77.85,166.67,-77.5,166.875,2043,12,-4.55
"McMurdo Station",-77.85,166.67,-77.5,166.875,2044,1,-2.89
"McMurdo Station",-77.85,166.67,-77.5,166.875,2044,2,-9.3
"McMurdo Station",-77.85,166.67,-77.5,166.875,2044,3,-19.95
"McMurdo Station",-77.85,166.67,-77.5,166.875,2044,4,-25.38
"McMurdo Station",-77.85,166.67,-77.5,166.875,2044,5,-25.2
"McMurdo Station",-77.85,166.67,-77.5,166.875,2044,6,-24.54
"McMurdo Station",-77.85,166.67,-77.5,166.875,2044,7,-29.46
"McMurdo Station",-77.85,166.67,-77.5,166.875,2044,8,-32.63
"McMurdo Station",-77.85,166.67,-77.5,166.875,2044,9,-26.71
"McMurdo Station",-77.85,166.67,-77.5,166.875,2044,10,-26.66
"McMurdo Station",-77.85,166.67,-77.5,166.875,2044,11,-16.86
"McMurdo Station",-77.85,166.67,-77.5,166.875,2044,12,-5.03
"McMurdo Station",-77.85,166.67,-77.5,166.875,2045,1,-2.75
"McMurdo Station",-77.85,166.67,-77.5,166.875,2045,2,-9.59
"McMurdo Station",-77.85,166.67,-77.5,166.875,2045,3,-20.59
"McMurdo Station",-77.85,166.67,-77.5,166.875,2045,4,-21.55
"McMurdo Station",-77.85,166.67,-77.5,166.875,2045,5,-27.57
"McMurdo Station",-77.85,166.67,-77.5,166.875,2045,6,-27.32
"McMurdo Station",-77.85,166.67,-77.5,166.875,2045,7,-26.94
"McMurdo Station",-77.85,166.67,-77.5,166.875,2045,8,-32.92
"McMurdo Station",-77.85,166.67,-77.5,166.875,2045,9,-30.23
"McMurdo Station",-77.85,166.67,-77.5,166.875,2045,10,-30.3
"McMurdo Station",-77.85,166.67,-77.5,166.875,2045,11,-16.4
"McMurdo Station",-77.85,166.67,-77.5,166.875,2045,12,-5.52
"McMurdo Station",-77.85,166.67,-77.5,166.875,2046,1,-3.75
"McMurdo Station",-77.85,166.67,-77.5,166.875,2046,2,-8.79
"McMurdo Station",-77.85,166.67,-77.5,166.875,2046,3,-21.81
"McMurdo Station",-77.85,166.67,-77.5,166.875,2046,4,-26.27
"McMurdo Station",-77.85,166.67,-77.5,166.875,2046,5,-26.72
"McMurdo Station",-77.85,166.67,-77.5,166.875,2046,6,-27.36
"McMurdo Station",-77.85,166.67,-77.5,166.875,2046,7,-30.29
"McMurdo Station",-77.85,166.67,-77.5,166.875,2046,8,-35.21
"McMurdo Station",-77.85,166.67,-77.5,166.875,2046,9,-29.69
"McMurdo Station",-77.85,166.67,-77.5,166.875,2046,10,-25.41
"McMurdo Station",-77.85,166.67,-77.5,166.875,2046,11,-14.76
"McMurdo Station",-77.85,166.67,-77.5,166.875,2046,12,-4.97
"McMurdo Station",-77.85,166.67,-77.5,166.875,2047,1,-2.64
"McMurdo Station",-77.85,166.67,-77.5,166.875,2047,2,-8.37
"McMurdo Station",-77.85,166.67,-77.5,166.875,2047,3,-21.9
"McMurdo Station",-77.85,166.67,-77.5,166.875,2047,4,-28.2
"McMurdo Station",-77.85,166.67,-77.5,166.875,2047,5,-28.11
"McMurdo Station",-77.85,166.67,-77.5,166.875,2047,6,-30.43
"McMurdo Station",-77.85,166.67,-77.5,166.875,2047,7,-25.71
"McMurdo Station",-77.85,166.67,-77.5,166.875,2047,8,-32.95
"McMurdo Station",-77.85,166.67,-77.5,166.875,2047,9,-29.24
"McMurdo Station",-77.85,166.67,-77.5,166.875,2047,10,-23.3
"McMurdo Station",-77.85,166.67,-77.5,166.875,2047,11,-14.28
"McMurdo Station",-77.85,166.67,-77.5,166.875,2047,12,-4.99
"McMurdo Station",-77.85,166.67,-77.5,166.875,2048,1,-2.84
"McMurdo Station",-77.85,166.67,-77.5,166.875,2048,2,-10.23
"McMurdo Station",-77.85,166.67,-77.5,166.875,2048,3,-17.9
"McMurdo Station",-77.85,166.67,-77.5,166.875,2048,4,-23.99
"McMurdo Station",-77.85,166.67,-77.5,166.875,2048,5,-23.82
"McMurdo Station",-77.85,166.67,-77.5,166.875,2048,6,-25.32
"McMurdo Station",-77.85,166.67,-77.5,166.875,2048,7,-27.24
"McMurdo Station",-77.85,166.67,-77.5,166.875,2048,8,-29.34
"McMurdo Station",-77.85,166.67,-77.5,166.875,2048,9,-31.94
"McMurdo Station",-77.85,166.67,-77.5,166.875,2048,10,-26.88
"McMurdo Station",-77.85,166.67,-77.5,166.875,2048,11,-14.88
"McMurdo Station",-77.85,166.67,-77.5,166.875,2048,12,-5.81
"McMurdo Station",-77.85,166.67,-77.5,166.875,2049,1,-4.15
"McMurdo Station",-77.85,166.67,-77.5,166.875,2049,2,-10.92
"McMurdo Station",-77.85,166.67,-77.5,166.875,2049,3,-20.63
"McMurdo Station",-77.85,166.67,-77.5,166.875,2049,4,-22.83
"McMurdo Station",-77.85,166.67,-77.5,166.875,2049,5,-23.93
"McMurdo Station",-77.85,166.67,-77.5,166.875,2049,6,-21.48
"McMurdo Station",-77.85,166.67,-77.5,166.875,2049,7,-24.84
"McMurdo Station",-77.85,166.67,-77.5,166.875,2049,8,-29.22
"McMurdo Station",-77.85,166.67,-77.5,166.875,2049,9,-33.66
"McMurdo Station",-77.85,166.67,-77.5,166.875,2049,10,-24.87
"McMurdo Station",-77.85,166.67,-77.5,166.875,2049,11,-16.45
"McMurdo Station",-77.85,166.67,-77.5,166.875,2049,12,-4.99
"McMurdo Station",-77.85,166.67,-77.5,166.875,2050,1,-2.86
"McMurdo Station",-77.85,166.67,-77.5,166.875,2050,2,-9.3
"McMurdo Station",-77.85,166.67,-77.5,166.875,2050,3,-18.43
"McMurdo Station",-77.85,166.67,-77.5,166.875,2050,4,-26.97
"McMurdo Station",-77.85,166.67,-77.5,166.875,2050,5,-25.76
"McMurdo Station",-77.85,166.67,-77.5,166.875,2050,6,-25.23
"McMurdo Station",-77.85,166.67,-77.5,166.875,2050,7,-26.92
"McMurdo Station",-77.85,166.67,-77.5,166.875,2050,8,-30.33
"McMurdo Station",-77.85,166.67,-77.5,166.875,2050,9,-33.73
"McMurdo Station",-77.85,166.67,-77.5,166.875,2050,10,-24.36
"McMurdo Station",-77.85,166.67,-77.5,166.875,2050,11,-13.04
"McMurdo Station",-77.85,166.67,-77.5,166.875,2050,12,-4.57
"McMurdo Station",-77.85,166.67,-77.5,166.875,2051,1,-1.69
"McMurdo Station",-77.85,166.67,-77.5,166.875,2051,2,-9.26
"McMurdo Station",-77.85,166.67,-77.5,166.875,2051,3,-21.55
"McMurdo Station",-77.85,166.67,-77.5,166.875,2051,4,-24.51
"McMurdo Station",-77.85,166.67,-77.5,166.875,2051,5,-24.8
"McMurdo Station",-77.85,166.67,-77.5,166.875,2051,6,-28.16
"McMurdo Station",-77.85,166.67,-77.5,166.875,2051,7,-30.77
"McMurdo Station",-77.85,166.67,-77.5,166.875,2051,8,-32.05
"McMurdo Station",-77.85,166.67,-77.5,166.875,2051,9,-37.01
"McMurdo Station",-77.85,166.67,-77.5,166.875,2051,10,-26.18
"McMurdo Station",-77.85,166.67,-77.5,166.875,2051,11,-15.21
"McMurdo Station",-77.85,166.67,-77.5,166.875,2051,12,-4.54
"McMurdo Station",-77.85,166.67,-77.5,166.875,2052,1,-2.19
"McMurdo Station",-77.85,166.67,-77.5,166.875,2052,2,-10.07
"McMurdo Station",-77.85,166.67,-77.5,166.875,2052,3,-19.14
"McMurdo Station",-77.85,166.67,-77.5,166.875,2052,4,-18.17
"McMurdo Station",-77.85,166.67,-77.5,166.875,2052,5,-22.6
"McMurdo Station",-77.85,166.67,-77.5,166.875,2052,6,-26.79
"McMurdo Station",-77.85,166.67,-77.5,166.875,2052,7,-25.89
"McMurdo Station",-77.85,166.67,-77.5,166.875,2052,8,-34.59
"McMurdo Station",-77.85,166.67,-77.5,166.875,2052,9,-26.43
"McMurdo Station",-77.85,166.67,-77.5,166.875,2052,10,-21.15
"McMurdo Station",-77.85,166.67,-77.5,166.875,2052,11,-15.26
"McMurdo Station",-77.85,166.67,-77.5,166.875,2052,12,-4.57
"McMurdo Station",-77.85,166.67,-77.5,166.875,2053,1,-3
"McMurdo Station",-77.85,166.67,-77.5,166.875,2053,2,-8.78
"McMurdo Station",-77.85,166.67,-77.5,166.875,2053,3,-18.84
"McMurdo Station",-77.85,166.67,-77.5,166.875,2053,4,-20.4
"McMurdo Station",-77.85,166.67,-77.5,166.875,2053,5,-25.52
"McMurdo Station",-77.85,166.67,-77.5,166.875,2053,6,-28.74
"McMurdo Station",-77.85,166.67,-77.5,166.875,2053,7,-33.5
"McMurdo Station",-77.85,166.67,-77.5,166.875,2053,8,-32.37
"McMurdo Station",-77.85,166.67,-77.5,166.875,2053,9,-33.38
"McMurdo Station",-77.85,166.67,-77.5,166.875,2053,10,-27.57
"McMurdo Station",-77.85,166.67,-77.5,166.875,2053,11,-13.3
"McMurdo Station",-77.85,166.67,-77.5,166.875,2053,12,-4.44
"McMurdo Station",-77.85,166.67,-77.5,166.875,2054,1,-1.61
"McMurdo Station",-77.85,166.67,-77.5,166.875,2054,2,-9.42
"McMurdo Station",-77.85,166.67,-77.5,166.875,2054,3,-20.8
"McMurdo Station",-77.85,166.67,-77.5,166.875,2054,4,-24.34
"McMurdo Station",-77.85,166.67,-77.5,166.875,2054,5,-28.76
"McMurdo Station",-77.85,166.67,-77.5,166.875,2054,6,-29.14
"McMurdo Station",-77.85,166.67,-77.5,166.875,2054,7,-29.5
"McMurdo Station",-77.85,166.67,-77.5,166.875,2054,8,-33.53
"McMurdo Station",-77.85,166.67,-77.5,166.875,2054,9,-28.51
"McMurdo Station",-77.85,166.67,-77.5,166.875,2054,10,-26.38
"McMurdo Station",-77.85,166.67,-77.5,166.875,2054,11,-15.06
"McMurdo Station",-77.85,166.67,-77.5,166.875,2054,12,-4.17
"McMurdo Station",-77.85,166.67,-77.5,166.875,2055,1,-2.02
"McMurdo Station",-77.85,166.67,-77.5,166.875,2055,2,-9.23
"McMurdo Station",-77.85,166.67,-77.5,166.875,2055,3,-16.88
"McMurdo Station",-77.85,166.67,-77.5,166.875,2055,4,-22.53
"McMurdo Station",-77.85,166.67,-77.5,166.875,2055,5,-28.75
"McMurdo Station",-77.85,166.67,-77.5,166.875,2055,6,-22.42
"McMurdo Station",-77.85,166.67,-77.5,166.875,2055,7,-28.07
"McMurdo Station",-77.85,166.67,-77.5,166.875,2055,8,-35.21
"McMurdo Station",-77.85,166.67,-77.5,166.875,2055,9,-32.07
"McMurdo Station",-77.85,166.67,-77.5,166.875,2055,10,-23.29
"McMurdo Station",-77.85,166.67,-77.5,166.875,2055,11,-13.38
"McMurdo Station",-77.85,166.67,-77.5,166.875,2055,12,-3.95
"McMurdo Station",-77.85,166.67,-77.5,166.875,2056,1,-1.49
"McMurdo Station",-77.85,166.67,-77.5,166.875,2056,2,-7.38
"McMurdo Station",-77.85,166.67,-77.5,166.875,2056,3,-15.85
"McMurdo Station",-77.85,166.67,-77.5,166.875,2056,4,-24.93
"McMurdo Station",-77.85,166.67,-77.5,166.875,2056,5,-23.49
"McMurdo Station",-77.85,166.67,-77.5,166.875,2056,6,-29.81
"McMurdo Station",-77.85,166.67,-77.5,166.875,2056,7,-29.04
"McMurdo Station",-77.85,166.67,-77.5,166.875,2056,8,-31.92
"McMurdo Station",-77.85,166.67,-77.5,166.875,2056,9,-33.17
"McMurdo Station",-77.85,166.67,-77.5,166.875,2056,10,-27.07
"McMurdo Station",-77.85,166.67,-77.5,166.875,2056,11,-15.78
"McMurdo Station",-77.85,166.67,-77.5,166.875,2056,12,-2.87
"McMurdo Station",-77.85,166.67,-77.5,166.875,2057,1,-1.58
"McMurdo Station",-77.85,166.67,-77.5,166.875,2057,2,-8.19
"McMurdo Station",-77.85,166.67,-77.5,166.875,2057,3,-21.14
"McMurdo Station",-77.85,166.67,-77.5,166.875,2057,4,-25.5
"McMurdo Station",-77.85,166.67,-77.5,166.875,2057,5,-26.29
"McMurdo Station",-77.85,166.67,-77.5,166.875,2057,6,-27.78
"McMurdo Station",-77.85,166.67,-77.5,166.875,2057,7,-28.31
"McMurdo Station",-77.85,166.67,-77.5,166.875,2057,8,-31.04
"McMurdo Station",-77.85,166.67,-77.5,166.875,2057,9,-28.07
"McMurdo Station",-77.85,166.67,-77.5,166.875,2057,10,-28.72
"McMurdo Station",-77.85,166.67,-77.5,166.875,2057,11,-14.98
"McMurdo Station",-77.85,166.67,-77.5,166.875,2057,12,-5.98
"McMurdo Station",-77.85,166.67,-77.5,166.875,2058,1,-3.29
"McMurdo Station",-77.85,166.67,-77.5,166.875,2058,2,-10.14
"McMurdo Station",-77.85,166.67,-77.5,166.875,2058,3,-18.63
"McMurdo Station",-77.85,166.67,-77.5,166.875,2058,4,-26.51
"McMurdo Station",-77.85,166.67,-77.5,166.875,2058,5,-27.89
"McMurdo Station",-77.85,166.67,-77.5,166.875,2058,6,-32.29
"McMurdo Station",-77.85,166.67,-77.5,166.875,2058,7,-26.11
"McMurdo Station",-77.85,166.67,-77.5,166.875,2058,8,-28.35
"McMurdo Station",-77.85,166.67,-77.5,166.875,2058,9,-29.62
"McMurdo Station",-77.85,166.67,-77.5,166.875,2058,10,-22.57
"McMurdo Station",-77.85,166.67,-77.5,166.875,2058,11,-10.84
"McMurdo Station",-77.85,166.67,-77.5,166.875,2058,12,-4.23
"McMurdo Station",-77.85,166.67,-77.5,166.875,2059,1,-2.14
"McMurdo Station",-77.85,166.67,-77.5,166.875,2059,2,-9.38
"McMurdo Station",-77.85,166.67,-77.5,166.875,2059,3,-18.72
"McMurdo Station",-77.85,166.67,-77.5,166.875,2059,4,-25.14
"McMurdo Station",-77.85,166.67,-77.5,166.875,2059,5,-24.53
"McMurdo Station",-77.85,166.67,-77.5,166.875,2059,6,-30.19
"McMurdo Station",-77.85,166.67,-77.5,166.875,2059,7,-30.2
"McMurdo Station",-77.85,166.67,-77.5,166.875,2059,8,-33.16
"McMurdo Station",-77.85,166.67,-77.5,166.875,2059,9,-30.96
"McMurdo Station",-77.85,166.67,-77.5,166.875,2059,10,-26.59
"McMurdo Station",-77.85,166.67,-77.5,166.875,2059,11,-15.44
"McMurdo Station",-77.85,166.67,-77.5,166.875,2059,12,-4.62
"McMurdo Station",-77.85,166.67,-77.5,166.875,2060,1,-1.72
"McMurdo Station",-77.85,166.67,-77.5,166.875,2060,2,-9.06
"McMurdo Station",-77.85,166.67,-77.5,166.875,2060,3,-14.41
"McMurdo Station",-77.85,166.67,-77.5,166.875,2060,4,-23.72
"McMurdo Station",-77.85,166.67,-77.5,166.875,2060,5,-27.7
"McMurdo Station",-77.85,166.67,-77.5,166.875,2060,6,-25.67
"McMurdo Station",-77.85,166.67,-77.5,166.875,2060,7,-31.48
"McMurdo Station",-77.85,166.67,-77.5,166.875,2060,8,-31.72
"McMurdo Station",-77.85,166.67,-77.5,166.875,2060,9,-31.62
"McMurdo Station",-77.85,166.67,-77.5,166.875,2060,10,-25.3
"McMurdo Station",-77.85,166.67,-77.5,166.875,2060,11,-17.22
"McMurdo Station",-77.85,166.67,-77.5,166.875,2060,12,-3.53
"McMurdo Station",-77.85,166.67,-77.5,166.875,2061,1,-2.14
"McMurdo Station",-77.85,166.67,-77.5,166.875,2061,2,-8.83
"McMurdo Station",-77.85,166.67,-77.5,166.875,2061,3,-17.25
"McMurdo Station",-77.85,166.67,-77.5,166.875,2061,4,-25.11
"McMurdo Station",-77.85,166.67,-77.5,166.875,2061,5,-25.93
"McMurdo Station",-77.85,166.67,-77.5,166.875,2061,6,-26.46
"McMurdo Station",-77.85,166.67,-77.5,166.875,2061,7,-24.73
"McMurdo Station",-77.85,166.67,-77.5,166.875,2061,8,-28.38
"McMurdo Station",-77.85,166.67,-77.5,166.875,2061,9,-30.98
"McMurdo Station",-77.85,166.67,-77.5,166.875,2061,10,-25.1
"McMurdo Station",-77.85,166.67,-77.5,166.875,2061,11,-14.18
"McMurdo Station",-77.85,166.67,-77.5,166.875,2061,12,-5.15
"McMurdo Station",-77.85,166.67,-77.5,166.875,2062,1,-3.13
"McMurdo Station",-77.85,166.67,-77.5,166.875,2062,2,-9.7
"McMurdo Station",-77.85,166.67,-77.5,166.875,2062,3,-23.2
"McMurdo Station",-77.85,166.67,-77.5,166.875,2062,4,-21.1
"McMurdo Station",-77.85,166.67,-77.5,166.875,2062,5,-26.16
"McMurdo Station",-77.85,166.67,-77.5,166.875,2062,6,-31.36
"McMurdo Station",-77.85,166.67,-77.5,166.875,2062,7,-27.57
"McMurdo Station",-77.85,166.67,-77.5,166.875,2062,8,-28.66
"McMurdo Station",-77.85,166.67,-77.5,166.875,2062,9,-31.66
"McMurdo Station",-77.85,166.67,-77.5,166.875,2062,10,-26.24
"McMurdo Station",-77.85,166.67,-77.5,166.875,2062,11,-12.33
"McMurdo Station",-77.85,166.67,-77.5,166.875,2062,12,-3.6
"McMurdo Station",-77.85,166.67,-77.5,166.875,2063,1,-2.44
"McMurdo Station",-77.85,166.67,-77.5,166.875,2063,2,-9.81
"McMurdo Station",-77.85,166.67,-77.5,166.875,2063,3,-23.41
"McMurdo Station",-77.85,166.67,-77.5,166.875,2063,4,-27.91
"McMurdo Station",-77.85,166.67,-77.5,166.875,2063,5,-26.35
"McMurdo Station",-77.85,166.67,-77.5,166.875,2063,6,-26.23
"McMurdo Station",-77.85,166.67,-77.5,166.875,2063,7,-29.7
"McMurdo Station",-77.85,166.67,-77.5,166.875,2063,8,-36.4
"McMurdo Station",-77.85,166.67,-77.5,166.875,2063,9,-27.23
"McMurdo Station",-77.85,166.67,-77.5,166.875,2063,10,-26.09
"McMurdo Station",-77.85,166.67,-77.5,166.875,2063,11,-15.22
"McMurdo Station",-77.85,166.67,-77.5,166.875,2063,12,-3.98
"McMurdo Station",-77.85,166.67,-77.5,166.875,2064,1,-2.1
"McMurdo Station",-77.85,166.67,-77.5,166.875,2064,2,-8.05
"McMurdo Station",-77.85,166.67,-77.5,166.875,2064,3,-17.44
"McMurdo Station",-77.85,166.67,-77.5,166.875,2064,4,-22.18
"McMurdo Station",-77.85,166.67,-77.5,166.875,2064,5,-26.66
"McMurdo Station",-77.85,166.67,-77.5,166.875,2064,6,-29.72
"McMurdo Station",-77.85,166.67,-77.5,166.875,2064,7,-32.32
"McMurdo Station",-77.85,166.67,-77.5,166.875,2064,8,-31.94
"McMurdo Station",-77.85,166.67,-77.5,166.875,2064,9,-33.16
"McMurdo Station",-77.85,166.67,-77.5,166.875,2064,10,-27.63
"McMurdo Station",-77.85,166.67,-77.5,166.875,2064,11,-13.87
"McMurdo Station",-77.85,166.67,-77.5,166.875,2064,12,-4.96
"McMurdo Station",-77.85,166.67,-77.5,166.875,2065,1,-1.85
"McMurdo Station",-77.85,166.67,-77.5,166.875,2065,2,-8.23
"McMurdo Station",-77.85,166.67,-77.5,166.875,2065,3,-18.51
"McMurdo Station",-77.85,166.67,-77.5,166.875,2065,4,-23.79
"McMurdo Station",-77.85,166.67,-77.5,166.875,2065,5,-20.1
"McMurdo Station",-77.85,166.67,-77.5,166.875,2065,6,-27.44
"McMurdo Station",-77.85,166.67,-77.5,166.875,2065,7,-26.17
"McMurdo Station",-77.85,166.67,-77.5,166.875,2065,8,-29.06
"McMurdo Station",-77.85,166.67,-77.5,166.875,2065,9,-31.38
"McMurdo Station",-77.85,166.67,-77.5,166.875,2065,10,-23.46
"McMurdo Station",-77.85,166.67,-77.5,166.875,2065,11,-13.24
"McMurdo Station",-77.85,166.67,-77.5,166.875,2065,12,-4.37
"McMurdo Station",-77.85,166.67,-77.5,166.875,2066,1,-2.31
"McMurdo Station",-77.85,166.67,-77.5,166.875,2066,2,-9.79
"McMurdo Station",-77.85,166.67,-77.5,166.875,2066,3,-15.63
"McMurdo Station",-77.85,166.67,-77.5,166.875,2066,4,-28.6
"McMurdo Station",-77.85,166.67,-77.5,166.875,2066,5,-27.54
"McMurdo Station",-77.85,166.67,-77.5,166.875,2066,6,-28.71
"McMurdo Station",-77.85,166.67,-77.5,166.875,2066,7,-27.02
"McMurdo Station",-77.85,166.67,-77.5,166.875,2066,8,-30.26
"McMurdo Station",-77.85,166.67,-77.5,166.875,2066,9,-28.79
"McMurdo Station",-77.85,166.67,-77.5,166.875,2066,10,-22.83
"McMurdo Station",-77.85,166.67,-77.5,166.875,2066,11,-12.57
"McMurdo Station",-77.85,166.67,-77.5,166.875,2066,12,-3.94
"McMurdo Station",-77.85,166.67,-77.5,166.875,2067,1,-3.25
"McMurdo Station",-77.85,166.67,-77.5,166.875,2067,2,-8.44
"McMurdo Station",-77.85,166.67,-77.5,166.875,2067,3,-19.08
"McMurdo Station",-77.85,166.67,-77.5,166.875,2067,4,-25.26
"McMurdo Station",-77.85,166.67,-77.5,166.875,2067,5,-25
"McMurdo Station",-77.85,166.67,-77.5,166.875,2067,6,-23.42
"McMurdo Station",-77.85,166.67,-77.5,166.875,2067,7,-27.38
"McMurdo Station",-77.85,166.67,-77.5,166.875,2067,8,-31.38
"McMurdo Station",-77.85,166.67,-77.5,166.875,2067,9,-31.07
"McMurdo Station",-77.85,166.67,-77.5,166.875,2067,10,-22.75
"McMurdo Station",-77.85,166.67,-77.5,166.875,2067,11,-14.32
"McMurdo Station",-77.85,166.67,-77.5,166.875,2067,12,-3.98
"McMurdo Station",-77.85,166.67,-77.5,166.875,2068,1,-1.55
"McMurdo Station",-77.85,166.67,-77.5,166.875,2068,2,-6.93
"McMurdo Station",-77.85,166.67,-77.5,166.875,2068,3,-18.94
"McMurdo Station",-77.85,166.67,-77.5,166.875,2068,4,-24.96
"McMurdo Station",-77.85,166.67,-77.5,166.875,2068,5,-24.76
"McMurdo Station",-77.85,166.67,-77.5,166.875,2068,6,-23.48
"McMurdo Station",-77.85,166.67,-77.5,166.875,2068,7,-26.09
"McMurdo Station",-77.85,166.67,-77.5,166.875,2068,8,-26.67
"McMurdo Station",-77.85,166.67,-77.5,166.875,2068,9,-27.13
"McMurdo Station",-77.85,166.67,-77.5,166.875,2068,10,-22.66
"McMurdo Station",-77.85,166.67,-77.5,166.875,2068,11,-14.17
"McMurdo Station",-77.85,166.67,-77.5,166.875,2068,12,-3.73
"McMurdo Station",-77.85,166.67,-77.5,166.875,2069,1,-2.14
"McMurdo Station",-77.85,166.67,-77.5,166.875,2069,2,-9.73
"McMurdo Station",-77.85,166.67,-77.5,166.875,2069,3,-17.26
"McMurdo Station",-77.85,166.67,-77.5,166.875,2069,4,-25.93
"McMurdo Station",-77.85,166.67,-77.5,166.875,2069,5,-24.43
"McMurdo Station",-77.85,166.67,-77.5,166.875,2069,6,-26.95
"McMurdo Station",-77.85,166.67,-77.5,166.875,2069,7,-32.12
"McMurdo Station",-77.85,166.67,-77.5,166.875,2069,8,-28.49
"McMurdo Station",-77.85,166.67,-77.5,166.875,2069,9,-27.6
"McMurdo Station",-77.85,166.67,-77.5,166.875,2069,10,-21.3
"McMurdo Station",-77.85,166.67,-77.5,166.875,2069,11,-12
"McMurdo Station",-77.85,166.67,-77.5,166.875,2069,12,-3.87
"McMurdo Station",-77.85,166.67,-77.5,166.875,2070,1,-1.92
"McMurdo Station",-77.85,166.67,-77.5,166.875,2070,2,-7.32
"McMurdo Station",-77.85,166.67,-77.5,166.875,2070,3,-19.92
"McMurdo Station",-77.85,166.67,-77.5,166.875,2070,4,-22.08
"McMurdo Station",-77.85,166.67,-77.5,166.875,2070,5,-25.49
"McMurdo Station",-77.85,166.67,-77.5,166.875,2070,6,-26.87
"McMurdo Station",-77.85,166.67,-77.5,166.875,2070,7,-33.35
"McMurdo Station",-77.85,166.67,-77.5,166.875,2070,8,-30.53
"McMurdo Station",-77.85,166.67,-77.5,166.875,2070,9,-31.28
"McMurdo Station",-77.85,166.67,-77.5,166.875,2070,10,-24.74
"McMurdo Station",-77.85,166.67,-77.5,166.875,2070,11,-12.71
"McMurdo Station",-77.85,166.67,-77.5,166.875,2070,12,-2.93
"McMurdo Station",-77.85,166.67,-77.5,166.875,2071,1,-0.77
"McMurdo Station",-77.85,166.67,-77.5,166.875,2071,2,-7.19
"McMurdo Station",-77.85,166.67,-77.5,166.875,2071,3,-19.16
"McMurdo Station",-77.85,166.67,-77.5,166.875,2071,4,-24.67
"McMurdo Station",-77.85,166.67,-77.5,166.875,2071,5,-25.24
"McMurdo Station",-77.85,166.67,-77.5,166.875,2071,6,-29.6
"McMurdo Station",-77.85,166.67,-77.5,166.875,2071,7,-33.28
"McMurdo Station",-77.85,166.67,-77.5,166.875,2071,8,-30.58
"McMurdo Station",-77.85,166.67,-77.5,166.875,2071,9,-33.29
"McMurdo Station",-77.85,166.67,-77.5,166.875,2071,10,-28.74
"McMurdo Station",-77.85,166.67,-77.5,166.875,2071,11,-14.88
"McMurdo Station",-77.85,166.67,-77.5,166.875,2071,12,-3.15
"McMurdo Station",-77.85,166.67,-77.5,166.875,2072,1,-1.7
"McMurdo Station",-77.85,166.67,-77.5,166.875,2072,2,-6.86
"McMurdo Station",-77.85,166.67,-77.5,166.875,2072,3,-18.97
"McMurdo Station",-77.85,166.67,-77.5,166.875,2072,4,-25.38
"McMurdo Station",-77.85,166.67,-77.5,166.875,2072,5,-25.44
"McMurdo Station",-77.85,166.67,-77.5,166.875,2072,6,-25.24
"McMurdo Station",-77.85,166.67,-77.5,166.875,2072,7,-23.2
"McMurdo Station",-77.85,166.67,-77.5,166.875,2072,8,-23.63
"McMurdo Station",-77.85,166.67,-77.5,166.875,2072,9,-32.64
"McMurdo Station",-77.85,166.67,-77.5,166.875,2072,10,-26.9
"McMurdo Station",-77.85,166.67,-77.5,166.875,2072,11,-13.71
"McMurdo Station",-77.85,166.67,-77.5,166.875,2072,12,-3.67
"McMurdo Station",-77.85,166.67,-77.5,166.875,2073,1,-2.32
"McMurdo Station",-77.85,166.67,-77.5,166.875,2073,2,-6.65
"McMurdo Station",-77.85,166.67,-77.5,166.875,2073,3,-18.17
"McMurdo Station",-77.85,166.67,-77.5,166.875,2073,4,-24.66
"McMurdo Station",-77.85,166.67,-77.5,166.875,2073,5,-22.22
"McMurdo Station",-77.85,166.67,-77.5,166.875,2073,6,-24.78
"McMurdo Station",-77.85,166.67,-77.5,166.875,2073,7,-26.7
"McMurdo Station",-77.85,166.67,-77.5,166.875,2073,8,-24.93
"McMurdo Station",-77.85,166.67,-77.5,166.875,2073,9,-30.48
"McMurdo Station",-77.85,166.67,-77.5,166.875,2073,10,-24.13
"McMurdo Station",-77.85,166.67,-77.5,166.875,2073,11,-14.13
"McMurdo Station",-77.85,166.67,-77.5,166.875,2073,12,-1.41
"McMurdo Station",-77.85,166.67,-77.5,166.875,2074,1,-1.44
"McMurdo Station",-77.85,166.67,-77.5,166.875,2074,2,-6.03
"McMurdo Station",-77.85,166.67,-77.5,166.875,2074,3,-18.66
"McMurdo Station",-77.85,166.67,-77.5,166.875,2074,4,-27.6
"McMurdo Station",-77.85,166.67,-77.5,166.875,2074,5,-29.25
"McMurdo Station",-77.85,166.67,-77.5,166.875,2074,6,-27.45
"McMurdo Station",-77.85,166.67,-77.5,166.875,2074,7,-23.5
"McMurdo Station",-77.85,166.67,-77.5,166.875,2074,8,-26.54
"McMurdo Station",-77.85,166.67,-77.5,166.875,2074,9,-32.14
"McMurdo Station",-77.85,166.67,-77.5,166.875,2074,10,-26.13
"McMurdo Station",-77.85,166.67,-77.5,166.875,2074,11,-12.62
"McMurdo Station",-77.85,166.67,-77.5,166.875,2074,12,-4.04
"McMurdo Station",-77.85,166.67,-77.5,166.875,2075,1,-1.59
"McMurdo Station",-77.85,166.67,-77.5,166.875,2075,2,-8.06
"McMurdo Station",-77.85,166.67,-77.5,166.875,2075,3,-18.11
"McMurdo Station",-77.85,166.67,-77.5,166.875,2075,4,-22.07
"McMurdo Station",-77.85,166.67,-77.5,166.875,2075,5,-23.65
"McMurdo Station",-77.85,166.67,-77.5,166.875,2075,6,-30.16
"McMurdo Station",-77.85,166.67,-77.5,166.875,2075,7,-27.8
"McMurdo Station",-77.85,166.67,-77.5,166.875,2075,8,-29.97
"McMurdo Station",-77.85,166.67,-77.5,166.875,2075,9,-31.25
"McMurdo Station",-77.85,166.67,-77.5,166.875,2075,10,-23.22
"McMurdo Station",-77.85,166.67,-77.5,166.875,2075,11,-11.86
"McMurdo Station",-77.85,166.67,-77.5,166.875,2075,12,-2.83
"McMurdo Station",-77.85,166.67,-77.5,166.875,2076,1,-1.92
"McMurdo Station",-77.85,166.67,-77.5,166.875,2076,2,-8.42
"McMurdo Station",-77.85,166.67,-77.5,166.875,2076,3,-17.75
"McMurdo Station",-77.85,166.67,-77.5,166.875,2076,4,-18.59
"McMurdo Station",-77.85,166.67,-77.5,166.875,2076,5,-25.52
"McMurdo Station",-77.85,166.67,-77.5,166.875,2076,6,-27.56
"McMurdo Station",-77.85,166.67,-77.5,166.875,2076,7,-31.22
"McMurdo Station",-77.85,166.67,-77.5,166.875,2076,8,-27.46
"McMurdo Station",-77.85,166.67,-77.5,166.875,2076,9,-30.29
"McMurdo Station",-77.85,166.67,-77.5,166.875,2076,10,-23.89
"McMurdo Station",-77.85,166.67,-77.5,166.875,2076,11,-13
"McMurdo Station",-77.85,166.67,-77.5,166.875,2076,12,-3.65
"McMurdo Station",-77.85,166.67,-77.5,166.875,2077,1,-2.93
"McMurdo Station",-77.85,166.67,-77.5,166.875,2077,2,-9.65
"McMurdo Station",-77.85,166.67,-77.5,166.875,2077,3,-19.27
"McMurdo Station",-77.85,166.67,-77.5,166.875,2077,4,-20.56
"McMurdo Station",-77.85,166.67,-77.5,166.875,2077,5,-24
"McMurdo Station",-77.85,166.67,-77.5,166.875,2077,6,-30.25
"McMurdo Station",-77.85,166.67,-77.5,166.875,2077,7,-30.58
"McMurdo Station",-77.85,166.67,-77.5,166.875,2077,8,-33.18
"McMurdo Station",-77.85,166.67,-77.5,166.875,2077,9,-28.52
"McMurdo Station",-77.85,166.67,-77.5,166.875,2077,10,-22.66
"McMurdo Station",-77.85,166.67,-77.5,166.875,2077,11,-13.63
"McMurdo Station",-77.85,166.67,-77.5,166.875,2077,12,-4.51
"McMurdo Station",-77.85,166.67,-77.5,166.875,2078,1,-1.9
"McMurdo Station",-77.85,166.67,-77.5,166.875,2078,2,-8.65
"McMurdo Station",-77.85,166.67,-77.5,166.875,2078,3,-20.97
"McMurdo Station",-77.85,166.67,-77.5,166.875,2078,4,-20.97
"McMurdo Station",-77.85,166.67,-77.5,166.875,2078,5,-23.38
"McMurdo Station",-77.85,166.67,-77.5,166.875,2078,6,-24.34
"McMurdo Station",-77.85,166.67,-77.5,166.875,2078,7,-24.37
"McMurdo Station",-77.85,166.67,-77.5,166.875,2078,8,-27.08
"McMurdo Station",-77.85,166.67,-77.5,166.875,2078,9,-29.32
"McMurdo Station",-77.85,166.67,-77.5,166.875,2078,10,-21.76
"McMurdo Station",-77.85,166.67,-77.5,166.875,2078,11,-12.44
"McMurdo Station",-77.85,166.67,-77.5,166.875,2078,12,-4.58
"McMurdo Station",-77.85,166.67,-77.5,166.875,2079,1,-1.67
"McMurdo Station",-77.85,166.67,-77.5,166.875,2079,2,-9.12
"McMurdo Station",-77.85,166.67,-77.5,166.875,2079,3,-17.8
"McMurdo Station",-77.85,166.67,-77.5,166.875,2079,4,-24.57
"McMurdo Station",-77.85,166.67,-77.5,166.875,2079,5,-21.99
"McMurdo Station",-77.85,166.67,-77.5,166.875,2079,6,-23.34
"McMurdo Station",-77.85,166.67,-77.5,166.875,2079,7,-28.26
"McMurdo Station",-77.85,166.67,-77.5,166.875,2079,8,-30.99
"McMurdo Station",-77.85,166.67,-77.5,166.875,2079,9,-31.87
"McMurdo Station",-77.85,166.67,-77.5,166.875,2079,10,-26.81
"McMurdo Station",-77.85,166.67,-77.5,166.875,2079,11,-14.85
"McMurdo Station",-77.85,166.67,-77.5,166.875,2079,12,-3.92
"McMurdo Station",-77.85,166.67,-77.5,166.875,2080,1,-1.88
"McMurdo Station",-77.85,166.67,-77.5,166.875,2080,2,-7.78
"McMurdo Station",-77.85,166.67,-77.5,166.875,2080,3,-16.17
"McMurdo Station",-77.85,166.67,-77.5,166.875,2080,4,-25.66
"McMurdo Station",-77.85,166.67,-77.5,166.875,2080,5,-31.23
"McMurdo Station",-77.85,166.67,-77.5,166.875,2080,6,-31.66
"McMurdo Station",-77.85,166.67,-77.5,166.875,2080,7,-29.25
"McMurdo Station",-77.85,166.67,-77.5,166.875,2080,8,-25.06
"McMurdo Station",-77.85,166.67,-77.5,166.875,2080,9,-29.1
"McMurdo Station",-77.85,166.67,-77.5,166.875,2080,10,-24.82
"McMurdo Station",-77.85,166.67,-77.5,166.875,2080,11,-12.71
"McMurdo Station",-77.85,166.67,-77.5,166.875,2080,12,-3.59
"McMurdo Station",-77.85,166.67,-77.5,166.875,2081,1,-1.57
"McMurdo Station",-77.85,166.67,-77.5,166.875,2081,2,-7.61
"McMurdo Station",-77.85,166.67,-77.5,166.875,2081,3,-15.35
"McMurdo Station",-77.85,166.67,-77.5,166.875,2081,4,-24.99
"McMurdo Station",-77.85,166.67,-77.5,166.875,2081,5,-24.49
"McMurdo Station",-77.85,166.67,-77.5,166.875,2081,6,-25.62
"McMurdo Station",-77.85,166.67,-77.5,166.875,2081,7,-29.8
"McMurdo Station",-77.85,166.67,-77.5,166.875,2081,8,-29.35
"McMurdo Station",-77.85,166.67,-77.5,166.875,2081,9,-32.37
"McMurdo Station",-77.85,166.67,-77.5,166.875,2081,10,-20.16
"McMurdo Station",-77.85,166.67,-77.5,166.875,2081,11,-9.68
"McMurdo Station",-77.85,166.67,-77.5,166.875,2081,12,-3.03
"McMurdo Station",-77.85,166.67,-77.5,166.875,2082,1,-1.04
"McMurdo Station",-77.85,166.67,-77.5,166.875,2082,2,-7.11
"McMurdo Station",-77.85,166.67,-77.5,166.875,2082,3,-14.5
"McMurdo Station",-77.85,166.67,-77.5,166.875,2082,4,-21.58
"McMurdo Station",-77.85,166.67,-77.5,166.875,2082,5,-26.55
"McMurdo Station",-77.85,166.67,-77.5,166.875,2082,6,-26.78
"McMurdo Station",-77.85,166.67,-77.5,166.875,2082,7,-27.3
"McMurdo Station",-77.85,166.67,-77.5,166.875,2082,8,-24.85
"McMurdo Station",-77.85,166.67,-77.5,166.875,2082,9,-25.77
"McMurdo Station",-77.85,166.67,-77.5,166.875,2082,10,-23.7
"McMurdo Station",-77.85,166.67,-77.5,166.875,2082,11,-11.87
"McMurdo Station",-77.85,166.67,-77.5,166.875,2082,12,-3.44
"McMurdo Station",-77.85,166.67,-77.5,166.875,2083,1,-1.52
"McMurdo Station",-77.85,166.67,-77.5,166.875,2083,2,-7.52
"McMurdo Station",-77.85,166.67,-77.5,166.875,2083,3,-19.1
"McMurdo Station",-77.85,166.67,-77.5,166.875,2083,4,-26.37
"McMurdo Station",-77.85,166.67,-77.5,166.875,2083,5,-24.31
"McMurdo Station",-77.85,166.67,-77.5,166.875,2083,6,-24.58
"McMurdo Station",-77.85,166.67,-77.5,166.875,2083,7,-29.12
"McMurdo Station",-77.85,166.67,-77.5,166.875,2083,8,-27.07
"McMurdo Station",-77.85,166.67,-77.5,166.875,2083,9,-26.29
"McMurdo Station",-77.85,166.67,-77.5,166.875,2083,10,-23.49
"McMurdo Station",-77.85,166.67,-77.5,166.875,2083,11,-13.56
"McMurdo Station",-77.85,166.67,-77.5,166.875,2083,12,-2.88
"McMurdo Station",-77.85,166.67,-77.5,166.875,2084,1,-0.8
"McMurdo Station",-77.85,166.67,-77.5,166.875,2084,2,-7.16
"McMurdo Station",-77.85,166.67,-77.5,166.875,2084,3,-17.23
"McMurdo Station",-77.85,166.67,-77.5,166.875,2084,4,-23.86
"McMurdo Station",-77.85,166.67,-77.5,166.875,2084,5,-25.13
"McMurdo Station",-77.85,166.67,-77.5,166.875,2084,6,-33.07
"McMurdo Station",-77.85,166.67,-77.5,166.875,2084,7,-33.69
"McMurdo Station",-77.85,166.67,-77.5,166.875,2084,8,-26.24
"McMurdo Station",-77.85,166.67,-77.5,166.875,2084,9,-32.75
"McMurdo Station",-77.85,166.67,-77.5,166.875,2084,10,-23.74
"McMurdo Station",-77.85,166.67,-77.5,166.875,2084,11,-11.26
"McMurdo Station",-77.85,166.67,-77.5,166.875,2084,12,-3.28
"McMurdo Station",-77.85,166.67,-77.5,166.875,2085,1,-1.21
"McMurdo Station",-77.85,166.67,-77.5,166.875,2085,2,-7.93
"McMurdo Station",-77.85,166.67,-77.5,166.875,2085,3,-19.84
"McMurdo Station",-77.85,166.67,-77.5,166.875,2085,4,-22.22
"McMurdo Station",-77.85,166.67,-77.5,166.875,2085,5,-20.71
"McMurdo Station",-77.85,166.67,-77.5,166.875,2085,6,-27.59
"McMurdo Station",-77.85,166.67,-77.5,166.875,2085,7,-23.46
"McMurdo Station",-77.85,166.67,-77.5,166.875,2085,8,-28.89
"McMurdo Station",-77.85,166.67,-77.5,166.875,2085,9,-30.56
"McMurdo Station",-77.85,166.67,-77.5,166.875,2085,10,-22.36
"McMurdo Station",-77.85,166.67,-77.5,166.875,2085,11,-13.32
"McMurdo Station",-77.85,166.67,-77.5,166.875,2085,12,-3.89
"McMurdo Station",-77.85,166.67,-77.5,166.875,2086,1,-0.91
"McMurdo Station",-77.85,166.67,-77.5,166.875,2086,2,-6.3
"McMurdo Station",-77.85,166.67,-77.5,166.875,2086,3,-17.49
"McMurdo Station",-77.85,166.67,-77.5,166.875,2086,4,-19.69
"McMurdo Station",-77.85,166.67,-77.5,166.875,2086,5,-23.94
"McMurdo Station",-77.85,166.67,-77.5,166.875,2086,6,-22.29
"McMurdo Station",-77.85,166.67,-77.5,166.875,2086,7,-27.1
"McMurdo Station",-77.85,166.67,-77.5,166.875,2086,8,-26.57
"McMurdo Station",-77.85,166.67,-77.5,166.875,2086,9,-28.54
"McMurdo Station",-77.85,166.67,-77.5,166.875,2086,10,-23.55
"McMurdo Station",-77.85,166.67,-77.5,166.875,2086,11,-12.04
"McMurdo Station",-77.85,166.67,-77.5,166.875,2086,12,-2.88
"McMurdo Station",-77.85,166.67,-77.5,166.875,2087,1,-1.94
"McMurdo Station",-77.85,166.67,-77.5,166.875,2087,2,-6.29
"McMurdo Station",-77.85,166.67,-77.5,166.875,2087,3,-14.83
"McMurdo Station",-77.85,166.67,-77.5,166.875,2087,4,-23.32
"McMurdo Station",-77.85,166.67,-77.5,166.875,2087,5,-22.94
"McMurdo Station",-77.85,166.67,-77.5,166.875,2087,6,-28.97
"McMurdo Station",-77.85,166.67,-77.5,166.875,2087,7,-24.58
"McMurdo Station",-77.85,166.67,-77.5,166.875,2087,8,-27.61
"McMurdo Station",-77.85,166.67,-77.5,166.875,2087,9,-32.82
"McMurdo Station",-77.85,166.67,-77.5,166.875,2087,10,-19.87
"McMurdo Station",-77.85,166.67,-77.5,166.875,2087,11,-11.21
"McMurdo Station",-77.85,166.67,-77.5,166.875,2087,12,-3.02
"McMurdo Station",-77.85,166.67,-77.5,166.875,2088,1,-1.31
"McMurdo Station",-77.85,166.67,-77.5,166.875,2088,2,-7.9
"McMurdo Station",-77.85,166.67,-77.5,166.875,2088,3,-15.13
"McMurdo Station",-77.85,166.67,-77.5,166.875,2088,4,-16.07
"McMurdo Station",-77.85,166.67,-77.5,166.875,2088,5,-25.55
"McMurdo Station",-77.85,166.67,-77.5,166.875,2088,6,-24.25
"McMurdo Station",-77.85,166.67,-77.5,166.875,2088,7,-27.99
"McMurdo Station",-77.85,166.67,-77.5,166.875,2088,8,-24.8
"McMurdo Station",-77.85,166.67,-77.5,166.875,2088,9,-33.02
"McMurdo Station",-77.85,166.67,-77.5,166.875,2088,10,-24.15
"McMurdo Station",-77.85,166.67,-77.5,166.875,2088,11,-13.35
"McMurdo Station",-77.85,166.67,-77.5,166.875,2088,12,-3.48
"McMurdo Station",-77.85,166.67,-77.5,166.875,2089,1,-1.12
"McMurdo Station",-77.85,166.67,-77.5,166.875,2089,2,-5.17
"McMurdo Station",-77.85,166.67,-77.5,166.875,2089,3,-15.97
"McMurdo Station",-77.85,166.67,-77.5,166.875,2089,4,-19.45
"McMurdo Station",-77.85,166.67,-77.5,166.875,2089,5,-25.23
"McMurdo Station",-77.85,166.67,-77.5,166.875,2089,6,-22.42
"McMurdo Station",-77.85,166.67,-77.5,166.875,2089,7,-22.27
"McMurdo Station",-77.85,166.67,-77.5,166.875,2089,8,-24.11
"McMurdo Station",-77.85,166.67,-77.5,166.875,2089,9,-27.31
"McMurdo Station",-77.85,166.67,-77.5,166.875,2089,10,-25.01
"McMurdo Station",-77.85,166.67,-77.5,166.875,2089,11,-11.94
"McMurdo Station",-77.85,166.67,-77.5,166.875,2089,12,-3.1
"McMurdo Station",-77.85,166.67,-77.5,166.875,2090,1,-0.76
"McMurdo Station",-77.85,166.67,-77.5,166.875,2090,2,-6.1
"McMurdo Station",-77.85,166.67,-77.5,166.875,2090,3,-17.03
"McMurdo Station",-77.85,166.67,-77.5,166.875,2090,4,-21.37
"McMurdo Station",-77.85,166.67,-77.5,166.875,2090,5,-26.94
"McMurdo Station",-77.85,166.67,-77.5,166.875,2090,6,-23.43
"McMurdo Station",-77.85,166.67,-77.5,166.875,2090,7,-27.24
"McMurdo Station",-77.85,166.67,-77.5,166.875,2090,8,-31.12
"McMurdo Station",-77.85,166.67,-77.5,166.875,2090,9,-34.17
"McMurdo Station",-77.85,166.67,-77.5,166.875,2090,10,-25.33
"McMurdo Station",-77.85,166.67,-77.5,166.875,2090,11,-12.27
"McMurdo Station",-77.85,166.67,-77.5,166.875,2090,12,-3.94
"McMurdo Station",-77.85,166.67,-77.5,166.875,2091,1,0.36
"McMurdo Station",-77.85,166.67,-77.5,166.875,2091,2,-4.49
"McMurdo Station",-77.85,166.67,-77.5,166.875,2091,3,-17.85
"McMurdo Station",-77.85,166.67,-77.5,166.875,2091,4,-20.46
"McMurdo Station",-77.85,166.67,-77.5,166.875,2091,5,-21.95
"McMurdo Station",-77.85,166.67,-77.5,166.875,2091,6,-26.45
"McMurdo Station",-77.85,166.67,-77.5,166.875,2091,7,-22.8
"McMurdo Station",-77.85,166.67,-77.5,166.875,2091,8,-26.4
"McMurdo Station",-77.85,166.67,-77.5,166.875,2091,9,-27.4
"McMurdo Station",-77.85,166.67,-77.5,166.875,2091,10,-22.83
"McMurdo Station",-77.85,166.67,-77.5,166.875,2091,11,-12.26
"McMurdo Station",-77.85,166.67,-77.5,166.875,2091,12,-2.64
"McMurdo Station",-77.85,166.67,-77.5,166.875,2092,1,-0.06
"McMurdo Station",-77.85,166.67,-77.5,166.875,2092,2,-5.33
"McMurdo Station",-77.85,166.67,-77.5,166.875,2092,3,-20.17
"McMurdo Station",-77.85,166.67,-77.5,166.875,2092,4,-19.51
"McMurdo Station",-77.85,166.67,-77.5,166.875,2092,5,-22.46
"McMurdo Station",-77.85,166.67,-77.5,166.875,2092,6,-22.19
"McMurdo Station",-77.85,166.67,-77.5,166.875,2092,7,-24.26
"McMurdo Station",-77.85,166.67,-77.5,166.875,2092,8,-29.97
"McMurdo Station",-77.85,166.67,-77.5,166.875,2092,9,-30.11
"McMurdo Station",-77.85,166.67,-77.5,166.875,2092,10,-25.65
"McMurdo Station",-77.85,166.67,-77.5,166.875,2092,11,-11.93
"McMurdo Station",-77.85,166.67,-77.5,166.875,2092,12,-2.79
"McMurdo Station",-77.85,166.67,-77.5,166.875,2093,1,0.08
"McMurdo Station",-77.85,166.67,-77.5,166.875,2093,2,-7.13
"McMurdo Station",-77.85,166.67,-77.5,166.875,2093,3,-19.46
"McMurdo Station",-77.85,166.67,-77.5,166.875,2093,4,-21.4
"McMurdo Station",-77.85,166.67,-77.5,166.875,2093,5,-25
"McMurdo Station",-77.85,166.67,-77.5,166.875,2093,6,-25.45
"McMurdo Station",-77.85,166.67,-77.5,166.875,2093,7,-24.8
"McMurdo Station",-77.85,166.67,-77.5,166.875,2093,8,-28
"McMurdo Station",-77.85,166.67,-77.5,166.875,2093,9,-30.58
"McMurdo Station",-77.85,166.67,-77.5,166.875,2093,10,-22.25
"McMurdo Station",-77.85,166.67,-77.5,166.875,2093,11,-12.54
"McMurdo Station",-77.85,166.67,-77.5,166.875,2093,12,-1.94
"McMurdo Station",-77.85,166.67,-77.5,166.875,2094,1,-1.16
"McMurdo Station",-77.85,166.67,-77.5,166.875,2094,2,-7.36
"McMurdo Station",-77.85,166.67,-77.5,166.875,2094,3,-19.86
"McMurdo Station",-77.85,166.67,-77.5,166.875,2094,4,-18.46
"McMurdo Station",-77.85,166.67,-77.5,166.875,2094,5,-21
"McMurdo Station",-77.85,166.67,-77.5,166.875,2094,6,-24.35
"McMurdo Station",-77.85,166.67,-77.5,166.875,2094,7,-27.27
"McMurdo Station",-77.85,166.67,-77.5,166.875,2094,8,-25.54
"McMurdo Station",-77.85,166.67,-77.5,166.875,2094,9,-28.51
"McMurdo Station",-77.85,166.67,-77.5,166.875,2094,10,-21.09
"McMurdo Station",-77.85,166.67,-77.5,166.875,2094,11,-10.8
"McMurdo Station",-77.85,166.67,-77.5,166.875,2094,12,-2.18
"McMurdo Station",-77.85,166.67,-77.5,166.875,2095,1,-0.15
"McMurdo Station",-77.85,166.67,-77.5,166.875,2095,2,-4.86
"McMurdo Station",-77.85,166.67,-77.5,166.875,2095,3,-14.53
"McMurdo Station",-77.85,166.67,-77.5,166.875,2095,4,-18.42
"McMurdo Station",-77.85,166.67,-77.5,166.875,2095,5,-19.84
"McMurdo Station",-77.85,166.67,-77.5,166.875,2095,6,-22.44
"McMurdo Station",-77.85,166.67,-77.5,166.875,2095,7,-24.26
"McMurdo Station",-77.85,166.67,-77.5,166.875,2095,8,-23.2
"McMurdo Station",-77.85,166.67,-77.5,166.875,2095,9,-33.44
"McMurdo Station",-77.85,166.67,-77.5,166.875,2095,10,-23.31
"McMurdo Station",-77.85,166.67,-77.5,166.875,2095,11,-10.64
"McMurdo Station",-77.85,166.67,-77.5,166.875,2095,12,-3.12
"McMurdo Station",-77.85,166.67,-77.5,166.875,2096,1,-0.51
"McMurdo Station",-77.85,166.67,-77.5,166.875,2096,2,-5.28
"McMurdo Station",-77.85,166.67,-77.5,166.875,2096,3,-17.59
"McMurdo Station",-77.85,166.67,-77.5,166.875,2096,4,-22.24
"McMurdo Station",-77.85,166.67,-77.5,166.875,2096,5,-20.54
"McMurdo Station",-77.85,166.67,-77.5,166.875,2096,6,-25.93
"McMurdo Station",-77.85,166.67,-77.5,166.875,2096,7,-28.53
"McMurdo Station",-77.85,166.67,-77.5,166.875,2096,8,-27.83
"McMurdo Station",-77.85,166.67,-77.5,166.875,2096,9,-29.65
"McMurdo Station",-77.85,166.67,-77.5,166.875,2096,10,-23.5
"McMurdo Station",-77.85,166.67,-77.5,166.875,2096,11,-9.26
"McMurdo Station",-77.85,166.67,-77.5,166.875,2096,12,-2.47
"McMurdo Station",-77.85,166.67,-77.5,166.875,2097,1,-0.3
"McMurdo Station",-77.85,166.67,-77.5,166.875,2097,2,-5.45
"McMurdo Station",-77.85,166.67,-77.5,166.875,2097,3,-17.98
"McMurdo Station",-77.85,166.67,-77.5,166.875,2097,4,-22.07
"McMurdo Station",-77.85,166.67,-77.5,166.875,2097,5,-22.95
"McMurdo Station",-77.85,166.67,-77.5,166.875,2097,6,-24.93
"McMurdo Station",-77.85,166.67,-77.5,166.875,2097,7,-25.37
"McMurdo Station",-77.85,166.67,-77.5,166.875,2097,8,-23.97
"McMurdo Station",-77.85,166.67,-77.5,166.875,2097,9,-25.78
"McMurdo Station",-77.85,166.67,-77.5,166.875,2097,10,-21.77
"McMurdo Station",-77.85,166.67,-77.5,166.875,2097,11,-11.66
"McMurdo Station",-77.85,166.67,-77.5,166.875,2097,12,-2.77
"McMurdo Station",-77.85,166.67,-77.5,166.875,2098,1,-1.21
"McMurdo Station",-77.85,166.67,-77.5,166.875,2098,2,-4.65
"McMurdo Station",-77.85,166.67,-77.5,166.875,2098,3,-19.16
"McMurdo Station",-77.85,166.67,-77.5,166.875,2098,4,-19.25
"McMurdo Station",-77.85,166.67,-77.5,166.875,2098,5,-29.26
"McMurdo Station",-77.85,166.67,-77.5,166.875,2098,6,-23.98
"McMurdo Station",-77.85,166.67,-77.5,166.875,2098,7,-24.01
"McMurdo Station",-77.85,166.67,-77.5,166.875,2098,8,-28.34
"McMurdo Station",-77.85,166.67,-77.5,166.875,2098,9,-29.43
"McMurdo Station",-77.85,166.67,-77.5,166.875,2098,10,-22.82
"McMurdo Station",-77.85,166.67,-77.5,166.875,2098,11,-9.64
"McMurdo Station",-77.85,166.67,-77.5,166.875,2098,12,-2.17
"McMurdo Station",-77.85,166.67,-77.5,166.875,2099,1,-0.45
"McMurdo Station",-77.85,166.67,-77.5,166.875,2099,2,-4.07
"McMurdo Station",-77.85,166.67,-77.5,166.875,2099,3,-15.06
"McMurdo Station",-77.85,166.67,-77.5,166.875,2099,4,-18.46
"McMurdo Station",-77.85,166.67,-77.5,166.875,2099,5,-21.54
"McMurdo Station",-77.85,166.67,-77.5,166.875,2099,6,-25.83
"McMurdo Station",-77.85,166.67,-77.5,166.875,2099,7,-28.27
"McMurdo Station",-77.85,166.67,-77.5,166.875,2099,8,-25.21
"McMurdo Station",-77.85,166.67,-77.5,166.875,2099,9,-27.81
"McMurdo Station",-77.85,166.67,-77.5,166.875,2099,10,-20.29
"McMurdo Station",-77.85,166.67,-77.5,166.875,2099,11,-10.61
"McMurdo Station",-77.85,166.67,-77.5,166.875,2099,12,-1.83
"McMurdo Station",-77.85,166.67,-77.5,166.875,2100,1,-0.52
"McMurdo Station",-77.85,166.67,-77.5,166.875,2100,2,-3.8
"McMurdo Station",-77.85,166.67,-77.5,166.875,2100,3,-12.66
"McMurdo Station",-77.85,166.67,-77.5,166.875,2100,4,-22.61
"McMurdo Station",-77.85,166.67,-77.5,166.875,2100,5,-21.74
"McMurdo Station",-77.85,166.67,-77.5,166.875,2100,6,-22.83
"McMurdo Station",-77.85,166.67,-77.5,166.875,2100,7,-24.78
"McMurdo Station",-77.85,166.67,-77.5,166.875,2100,8,-24.88
"McMurdo Station",-77.85,166.67,-77.5,166.875,2100,9,-20.73
"McMurdo Station",-77.85,166.67,-77.5,166.875,2100,10,-18.46
"McMurdo Station",-77.85,166.67,-77.5,166.875,2100,11,-10.88
"McMurdo Station",-77.85,166.67,-77.5,166.875,2100,12,-1.61
"Punta Arenas",-53.16,-70.91,-53.5,-70.625,2015,1,8.45
"Punta Arenas",-53.16,-70.91,-53.5,-70.625,2015,2,8.41
"Punta Arenas",-53.16,-70.91,-53.5,-70.625,2015,3,8.27
"Punta Arenas",-53.16,-70.91,-53.5,-70.625,2015,4,5.5
"Punta Arenas",-53.16,-70.91,-53.5,-70.625,2015,5,3.77
"Punta Arenas",-53.16,-70.91,-53.5,-70.625,2015,6,3.42
"Punta Arenas",-53.16,-70.91,-53.5,-70.625,2015,7,2.48
"Punta Arenas",-53.16,-70.91,-53.5,-70.625,2015,8,1.9
"Punta Arenas",-53.16,-70.91,-53.5,-70.625,2015,9,2.71
"Punta Arenas",-53.16,-70.91,-53.5,-70.625,2015,10,3.38
"Punta Arenas",-53.16,-70.91,-53.5,-70.625,2015,11,5.57
"Punta Arenas",-53.16,-70.91,-53.5,-70.625,2015,12,7.54
"Punta Arenas",-53.16,-70.91,-53.5,-70.625,2016,1,7.32
"Punta Arenas",-53.16,-70.91,-53.5,-70.625,2016,2,7.55
"Punta Arenas",-53.16,-70.91,-53.5,-70.625,2016,3,8.1
"Punta Arenas",-53.16,-70.91,-53.5,-70.625,2016,4,4.04
"Punta Arenas",-53.16,-70.91,-53.5,-70.625,2016,5,1.64
"Punta Arenas",-53.16,-70.91,-53.5,-70.625,2016,6,0.35
"Punta Arenas",-53.16,-70.91,-53.5,-70.625,2016,7,1.82
"Punta Arenas",-53.16,-70.91,-53.5,-70.625,2016,8,1.23
"Punta Arenas",-53.16,-70.91,-53.5,-70.625,2016,9,2.49
"Punta Arenas",-53.16,-70.91,-53.5,-70.625,2016,10,4.19
"Punta Arenas",-53.16,-70.91,-53.5,-70.625,2016,11,5.56
"Punta Arenas",-53.16,-70.91,-53.5,-70.625,2016,12,7.01
"Punta Arenas",-53.16,-70.91,-53.5,-70.625,2017,1,7.78
"Punta Arenas",-53.16,-70.91,-53.5,-70.625,2017,2,9.54
"Punta Arenas",-53.16,-70.91,-53.5,-70.625,2017,3,8.11
"Punta Arenas",-53.16,-70.91,-53.5,-70.625,2017,4,4.14
"Punta Arenas",-53.16,-70.91,-53.5,-70.625,2017,5,2.19
"Punta Arenas",-53.16,-70.91,-53.5,-70.625,2017,6,2.45
"Punta Arenas",-53.16,-70.91,-53.5,-70.625,2017,7,1.49
"Punta Arenas",-53.16,-70.91,-53.5,-70.625,2017,8,0.65
"Punta Arenas",-53.16,-70.91,-53.5,-70.625,2017,9,2.93
"Punta Arenas",-53.16,-70.91,-53.5,-70.625,2017,10,4.05
"Punta Arenas",-53.16,-70.91,-53.5,-70.625,2017,11,6.69
"Punta Arenas",-53.16,-70.91,-53.5,-70.625,2017,12,7.85
"Punta Arenas",-53.16,-70.91,-53.5,-70.625,2018,1,8.26
"Punta Arenas",-53.16,-70.91,-53.5,-70.625,2018,2,10.13
"Punta Arenas",-53.16,-70.91,-53.5,-70.625,2018,3,6.05
"Punta Arenas",-53.16,-70.91,-53.5,-70.625,2018,4,5.98
"Punta Arenas",-53.16,-70.91,-53.5,-70.625,2018,5,5.71
"Punta Arenas",-53.16,-70.91,-53.5,-70.625,2018,6,0.27
"Punta Arenas",-53.16,-70.91,-53.5,-70.625,2018,7,0.42
"Punta Arenas",-53.16,-70.91,-53.5,-70.625,2018,8,0.97
"Punta Arenas",-53.16,-70.91,-53.5,-70.625,2018,9,2.26
"Punta Arenas",-53.16,-70.91,-53.5,-70.625,2018,10,4.49
"Punta Arenas",-53.16,-70.91,-53.5,-70.625,2018,11,5.56
"Punta Arenas",-53.16,-70.91,-53.5,-70.625,2018,12,7.88
"Punta Arenas",-53.16,-70.91,-53.5,-70.625,2019,1,7.43
"Punta Arenas",-53.16,-70.91,-53.5,-70.625,2019,2,9.86
"Punta Arenas",-53.16,-70.91,-53.5,-70.625,2019,3,7.25
"Punta Arenas",-53.16,-70.91,-53.5,-70.625,2019,4,5.3
"Punta Arenas",-53.16,-70.91,-53.5,-70.625,2019,5,1.25
"Punta Arenas",-53.16,-70.91,-53.5,-70.625,2019,6,3.3
"Punta Arenas",-53.16,-70.91,-53.5,-70.625,2019,7,0
"Punta Arenas",-53.16,-70.91,-53.5,-70.625,2019,8,-0.09
"Punta Arenas",-53.16,-70.91,-53.5,-70.625,2019,9,2.68
"Punta Arenas",-53.16,-70.91,-53.5,-70.625,2019,10,3.85
"Punta Arenas",-53.16,-70.91,-53.5,-70.625,2019,11,5.16
"Punta Arenas",-53.16,-70.91,-53.5,-70.625,2019,12,8.57
"Punta Arenas",-53.16,-70.91,-53.5,-70.625,2020,1,9.34
"Punta Arenas",-53.16,-70.91,-53.5,-70.625,2020,2,11.37
"Punta Arenas",-53.16,-70.91,-53.5,-70.625,2020,3,7.8
"Punta Arenas",-53.16,-70.91,-53.5,-70.625,2020,4,6.49
"Punta Arenas",-53.16,-70.91,-53.5,-70.625,2020,5,0.97
"Punta Arenas",-53.16,-70.91,-53.5,-70.625,2020,6,-0.45
"Punta Arenas",-53.16,-70.91,-53.5,-70.625,2020,7,0.85
"Punta Arenas",-53.16,-70.91,-53.5,-70.625,2020,8,2.64
"Punta Arenas",-53.16,-70.91,-53.5,-70.625,2020,9,0.76
"Punta Arenas",-53.16,-70.91,-53.5,-70.625,2020,10,5.54
"Punta Arenas",-53.16,-70.91,-53.5,-70.625,2020,11,5.6
"Punta Arenas",-53.16,-70.91,-53.5,-70.625,2020,12,7.88
"Punta Arenas",-53.16,-70.91,-53.5,-70.625,2021,1,11.04
"Punta Arenas",-53.16,-70.91,-53.5,-70.625,2021,2,9.76
"Punta Arenas",-53.16,-70.91,-53.5,-70.625,2021,3,8.03
"Punta Arenas",-53.16,-70.91,-53.5,-70.625,2021,4,5.98
"Punta Arenas",-53.16,-70.91,-53.5,-70.625,2021,5,2.32
"Punta Arenas",-53.16,-70.91,-53.5,-70.625,2021,6,2.62
"Punta Arenas",-53.16,-70.91,-53.5,-70.625,2021,7,1.9
"Punta Arenas",-53.16,-70.91,-53.5,-70.625,2021,8,1.34
"Punta Arenas",-53.16,-70.91,-53.5,-70.625,2021,9,0.9
"Punta Arenas",-53.16,-70.91,-53.5,-70.625,2021,10,6.11
"Punta Arenas",-53.16,-70.91,-53.5,-70.625,2021,11,5.66
"Punta Arenas",-53.16,-70.91,-53.5,-70.625,2021,12,7.71
"Punta Arenas",-53.16,-70.91,-53.5,-70.625,2022,1,9.05
"Punta Arenas",-53.16,-70.91,-53.5,-70.625,2022,2,9.53
"Punta Arenas",-53.16,-70.91,-53.5,-70.625,2022,3,9.67
"Punta Arenas",-53.16,-70.91,-53.5,-70.625,2022,4,6
"Punta Arenas",-53.16,-70.91,-53.5,-70.625,2022,5,4.75
"Punta Arenas",-53.16,-70.91,-53.5,-70.625,2022,6,2
"Punta Arenas",-53.16,-70.91,-53.5,-70.625,2022,7,-1.69
"Punta Arenas",-53.16,-70.91,-53.5,-70.625,2022,8,1.47
"Punta Arenas",-53.16,-70.91,-53.5,-70.625,2022,9,2.63
"Punta Arenas",-53.16,-70.91,-53.5,-70.625,2022,10,4.59
"Punta Arenas",-53.16,-70.91,-53.5,-70.625,2022,11,4.89
"Punta Arenas",-53.16,-70.91,-53.5,-70.625,2022,12,7.29
"Punta Arenas",-53.16,-70.91,-53.5,-70.625,2023,1,9.48
"Punta Arenas",-53.16,-70.91,-53.5,-70.625,2023,2,10.08
"Punta Arenas",-53.16,-70.91,-53.5,-70.625,2023,3,8.66
"Punta Arenas",-53.16,-70.91,-53.5,-70.625,2023,4,4.69
"Punta Arenas",-53.16,-70.91,-53.5,-70.625,2023,5,3.13
"Punta Arenas",-53.16,-70.91,-53.5,-70.625,2023,6,1.18
"Punta Arenas",-53.16,-70.91,-53.5,-70.625,2023,7,1.43
"Punta Arenas",-53.16,-70.91,-53.5,-70.625,2023,8,0.62
"Punta Arenas",-53.16,-70.91,-53.5,-70.625,2023,9,2.95
"Punta Arenas",-53.16,-70.91,-53.5,-70.625,2023,10,3.08
"Punta Arenas",-53.16,-70.91,-53.5,-70.625,2023,11,7.67
"Punta Arenas",-53.16,-70.91,-53.5,-70.625,2023,12,8.15
"Punta Arenas",-53.16,-70.91,-53.5,-70.625,2024,1,9.74
"Punta Arenas",-53.16,-70.91,-53.5,-70.625,2024,2,10.2
"Punta Arenas",-53.16,-70.91,-53.5,-70.625,2024,3,9.04
"Punta Arenas",-53.16,-70.91,-53.5,-70.625,2024,4,5.96
"Punta Arenas",-53.16,-70.91,-53.5,-70.625,2024,5,4.21
"Punta Arenas",-53.16,-70.91,-53.5,-70.625,2024,6,3.05
"Punta Arenas",-53.16,-70.91,-53.5,-70.625,2024,7,2.56
"Punta Arenas",-53.16,-70.91,-53.5,-70.625,2024,8,1.75
"Punta Arenas",-53.16,-70.91,-53.5,-70.625,2024,9,2.88
"Punta Arenas",-53.16,-70.91,-53.5,-70.625,2024,10,6.17
"Punta Arenas",-53.16,-70.91,-53.5,-70.625,2024,11,5.24
"Punta Arenas",-53.16,-70.91,-53.5,-70.625,2024,12,7.6
"Punta Arenas",-53.16,-70.91,-53.5,-70.625,2025,1,9.66
"Punta Arenas",-53.16,-70.91,-53.5,-70.625,2025,2,8.7
"Punta Arenas",-53.16,-70.91,-53.5,-70.625,2025,3,10.02
"Punta Arenas",-53.16,-70.91,-53.5,-70.625,2025,4,6.17
"Punta Arenas",-53.16,-70.91,-53.5,-70.625,2025,5,4.93
"Punta Arenas",-53.16,-70.91,-53.5,-70.625,2025,6,0.97
"Punta Arenas",-53.16,-70.91,-53.5,-70.625,2025,7,1.64
"Punta Arenas",-53.16,-70.91,-53.5,-70.625,2025,8,3.01
"Punta Arenas",-53.16,-70.91,-53.5,-70.625,2025,9,3.26
"Punta Arenas",-53.16,-70.91,-53.5,-70.625,2025,10,3.17
"Punta Arenas",-53.16,-70.91,-53.5,-70.625,2025,11,6.55
"Punta Arenas",-53.16,-70.91,-53.5,-70.625,2025,12,7.4
"Punta Arenas",-53.16,-70.91,-53.5,-70.625,2026,1,10.17
"Punta Arenas",-53.16,-70.91,-53.5,-70.625,2026,2,8.45
"Punta Arenas",-53.16,-70.91,-53.5,-70.625,2026,3,8.43
"Punta Arenas",-53.16,-70.91,-53.5,-70.625,2026,4,6.38
"Punta Arenas",-53.16,-70.91,-53.5,-70.625,2026,5,2.79
"Punta Arenas",-53.16,-70.91,-53.5,-70.625,2026,6,1.1
"Punta Arenas",-53.16,-70.91,-53.5,-70.625,2026,7,1.59
"Punta Arenas",-53.16,-70.91,-53.5,-70.625,2026,8,1.52
"Punta Arenas",-53.16,-70.91,-53.5,-70.625,2026,9,0.7
"Punta Arenas",-53.16,-70.91,-53.5,-70.625,2026,10,4.5
"Punta Arenas",-53.16,-70.91,-53.5,-70.625,2026,11,5.05
"Punta Arenas",-53.16,-70.91,-53.5,-70.625,2026,12,6.76
"Punta Arenas",-53.16,-70.91,-53.5,-70.625,2027,1,8.93
"Punta Arenas",-53.16,-70.91,-53.5,-70.625,2027,2,8.5
"Punta Arenas",-53.16,-70.91,-53.5,-70.625,2027,3,8.48
"Punta Arenas",-53.16,-70.91,-53.5,-70.625,2027,4,4.86
"Punta Arenas",-53.16,-70.91,-53.5,-70.625,2027,5,3.48
"Punta Arenas",-53.16,-70.91,-53.5,-70.625,2027,6,0.97
"Punta Arenas",-53.16,-70.91,-53.5,-70.625,2027,7,1.66
"Punta Arenas",-53.16,-70.91,-53.5,-70.625,2027,8,-1.35
"Punta Arenas",-53.16,-70.91,-53.5,-70.625,2027,9,2.75
"Punta Arenas",-53.16,-70.91,-53.5,-70.625,2027,10,6.02
"Punta Arenas",-53.16,-70.91,-53.5,-70.625,2027,11,7.71
"Punta Arenas",-53.16,-70.91,-53.5,-70.625,2027,12,10.63
"Punta Arenas",-53.16,-70.91,-53.5,-70.625,2028,1,13
"Punta Arenas",-53.16,-70.91,-53.5,-70.625,2028,2,11.69
"Punta Arenas",-53.16,-70.91,-53.5,-70.625,2028,3,9.38
"Punta Arenas",-53.16,-70.91,-53.5,-70.625,2028,4,8.25
"Punta Arenas",-53.16,-70.91,-53.5,-70.625,2028,5,5.45
"Punta Arenas",-53.16,-70.91,-53.5,-70.625,2028,6,2.98
"Punta Arenas",-53.16,-70.91,-53.5,-70.625,2028,7,2.91
"Punta Arenas",-53.16,-70.91,-53.5,-70.625,2028,8,3.2
"Punta Arenas",-53.16,-70.91,-53.5,-70.625,2028,9,4.63
"Punta Arenas",-53.16,-70.91,-53.5,-70.625,2028,10,6.24
"Punta Arenas",-53.16,-70.91,-53.5,-70.625,2028,11,7.03
"Punta Arenas",-53.16,-70.91,-53.5,-70.625,2028,12,8.56
"Punta Arenas",-53.16,-70.91,-53.5,-70.625,2029,1,8.99
"Punta Arenas",-53.16,-70.91,-53.5,-70.625,2029,2,9.23
"Punta Arenas",-53.16,-70.91,-53.5,-70.625,2029,3,10.38
"Punta Arenas",-53.16,-70.91,-53.5,-70.625,2029,4,7.41
"Punta Arenas",-53.16,-70.91,-53.5,-70.625,2029,5,2.91
"Punta Arenas",-53.16,-70.91,-53.5,-70.625,2029,6,1.82
"Punta Arenas",-53.16,-70.91,-53.5,-70.625,2029,7,-0.51
"Punta Arenas",-53.16,-70.91,-53.5,-70.625,2029,8,1.66
"Punta Arenas",-53.16,-70.91,-53.5,-70.625,2029,9,3.82
"Punta Arenas",-53.16,-70.91,-53.5,-70.625,2029,10,3.3
"Punta Arenas",-53.16,-70.91,-53.5,-70.625,2029,11,6.89
"Punta Arenas",-53.16,-70.91,-53.5,-70.625,2029,12,8.82
"Punta Arenas",-53.16,-70.91,-53.5,-70.625,2030,1,9.62
"Punta Arenas",-53.16,-70.91,-53.5,-70.625,2030,2,9.35
"Punta Arenas",-53.16,-70.91,-53.5,-70.625,2030,3,8.12
"Punta Arenas",-53.16,-70.91,-53.5,-70.625,2030,4,7.44
"Punta Arenas",-53.16,-70.91,-53.5,-70.625,2030,5,5.23
"Punta Arenas",-53.16,-70.91,-53.5,-70.625,2030,6,0.77
"Punta Arenas",-53.16,-70.91,-53.5,-70.625,2030,7,-1.59
"Punta Arenas",-53.16,-70.91,-53.5,-70.625,2030,8,2.44
"Punta Arenas",-53.16,-70.91,-53.5,-70.625,2030,9,2.72
"Punta Arenas",-53.16,-70.91,-53.5,-70.625,2030,10,5.32
"Punta Arenas",-53.16,-70.91,-53.5,-70.625,2030,11,6.46
"Punta Arenas",-53.16,-70.91,-53.5,-70.625,2030,12,9.17
"Punta Arenas",-53.16,-70.91,-53.5,-70.625,2031,1,11.35
"Punta Arenas",-53.16,-70.91,-53.5,-70.625,2031,2,9.57
"Punta Arenas",-53.16,-70.91,-53.5,-70.625,2031,3,10.87
"Punta Arenas",-53.16,-70.91,-53.5,-70.625,2031,4,7.81
"Punta Arenas",-53.16,-70.91,-53.5,-70.625,2031,5,5.42
"Punta Arenas",-53.16,-70.91,-53.5,-70.625,2031,6,4.23
"Punta Arenas",-53.16,-70.91,-53.5,-70.625,2031,7,0.93
"Punta Arenas",-53.16,-70.91,-53.5,-70.625,2031,8,3.64
"Punta Arenas",-53.16,-70.91,-53.5,-70.625,2031,9,4.04
"Punta Arenas",-53.16,-70.91,-53.5,-70.625,2031,10,4.75
"Punta Arenas",-53.16,-70.91,-53.5,-70.625,2031,11,6.82
"Punta Arenas",-53.16,-70.91,-53.5,-70.625,2031,12,9.57
"Punta Arenas",-53.16,-70.91,-53.5,-70.625,2032,1,8.98
"Punta Arenas",-53.16,-70.91,-53.5,-70.625,2032,2,9.89
"Punta Arenas",-53.16,-70.91,-53.5,-70.625,2032,3,7.7
"Punta Arenas",-53.16,-70.91,-53.5,-70.625,2032,4,6.91
"Punta Arenas",-53.16,-70.91,-53.5,-70.625,2032,5,3.38
"Punta Arenas",-53.16,-70.91,-53.5,-70.625,2032,6,1.55
"Punta Arenas",-53.16,-70.91,-53.5,-70.625,2032,7,1.53
"Punta Arenas",-53.16,-70.91,-53.5,-70.625,2032,8,1.86
"Punta Arenas",-53.16,-70.91,-53.5,-70.625,2032,9,3.42
"Punta Arenas",-53.16,-70.91,-53.5,-70.625,2032,10,5.77
"Punta Arenas",-53.16,-70.91,-53.5,-70.625,2032,11,6.34
"Punta Arenas",-53.16,-70.91,-53.5,-70.625,2032,12,7.9
"Punta Arenas",-53.16,-70.91,-53.5,-70.625,2033,1,8.79
"Punta Arenas",-53.16,-70.91,-53.5,-70.625,2033,2,9.1
"Punta Arenas",-53.16,-70.91,-53.5,-70.625,2033,3,9.17
"Punta Arenas",-53.16,-70.91,-53.5,-70.625,2033,4,7.05
"Punta Arenas",-53.16,-70.91,-53.5,-70.625,2033,5,3.48
"Punta Arenas",-53.16,-70.91,-53.5,-70.625,2033,6,2.65
"Punta Arenas",-53.16,-70.91,-53.5,-70.625,2033,7,0.3
"Punta Arenas",-53.16,-70.91,-53.5,-70.625,2033,8,1.06
"Punta Arenas",-53.16,-70.91,-53.5,-70.625,2033,9,4.11
"Punta Arenas",-53.16,-70.91,-53.5,-70.625,2033,10,5.45
"Punta Arenas",-53.16,-70.91,-53.5,-70.625,2033,11,5.83
"Punta Arenas",-53.16,-70.91,-53.5,-70.625,2033,12,7.93
"Punta Arenas",-53.16,-70.91,-53.5,-70.625,2034,1,8.75
"Punta Arenas",-53.16,-70.91,-53.5,-70.625,2034,2,9.31
"Punta Arenas",-53.16,-70.91,-53.5,-70.625,2034,3,10.5
"Punta Arenas",-53.16,-70.91,-53.5,-70.625,2034,4,6.21
"Punta Arenas",-53.16,-70.91,-53.5,-70.625,2034,5,5.01
"Punta Arenas",-53.16,-70.91,-53.5,-70.625,2034,6,5.06
"Punta Arenas",-53.16,-70.91,-53.5,-70.625,2034,7,2.61
"Punta Arenas",-53.16,-70.91,-53.5,-70.625,2034,8,2.85
"Punta Arenas",-53.16,-70.91,-53.5,-70.625,2034,9,4.43
"Punta Arenas",-53.16,-70.91,-53.5,-70.625,2034,10,5.82
"Punta Arenas",-53.16,-70.91,-53.5,-70.625,2034,11,7.22
"Punta Arenas",-53.16,-70.91,-53.5,-70.625,2034,12,9.04
"Punta Arenas",-53.16,-70.91,-53.5,-70.625,2035,1,10.65
"Punta Arenas",-53.16,-70.91,-53.5,-70.625,2035,2,10.77
"Punta Arenas",-53.16,-70.91,-53.5,-70.625,2035,3,9.28
"Punta Arenas",-53.16,-70.91,-53.5,-70.625,2035,4,6.3
"Punta Arenas",-53.16,-70.91,-53.5,-70.625,2035,5,5.78
"Punta Arenas",-53.16,-70.91,-53.5,-70.625,2035,6,2.51
"Punta Arenas",-53.16,-70.91,-53.5,-70.625,2035,7,2.05
"Punta Arenas",-53.16,-70.91,-53.5,-70.625,2035,8,0.92
"Punta Arenas",-53.16,-70.91,-53.5,-70.625,2035,9,2.27
"Punta Arenas",-53.16,-70.91,-53.5,-70.625,2035,10,4
"Punta Arenas",-53.16,-70.91,-53.5,-70.625,2035,11,6.44
"Punta Arenas",-53.16,-70.91,-53.5,-70.625,2035,12,8.28
"Punta Arenas",-53.16,-70.91,-53.5,-70.625,2036,1,8.91
"Punta Arenas",-53.16,-70.91,-53.5,-70.625,2036,2,10.72
"Punta Arenas",-53.16,-70.91,-53.5,-70.625,2036,3,8.34
"Punta Arenas",-53.16,-70.91,-53.5,-70.625,2036,4,6.31
"Punta Arenas",-53.16,-70.91,-53.5,-70.625,2036,5,2.87
"Punta Arenas",-53.16,-70.91,-53.5,-70.625,2036,6,1.44
"Punta Arenas",-53.16,-70.91,-53.5,-70.625,2036,7,-0.13
"Punta Arenas",-53.16,-70.91,-53.5,-70.625,2036,8,1.51
"Punta Arenas",-53.16,-70.91,-53.5,-70.625,2036,9,3.57
"Punta Arenas",-53.16,-70.91,-53.5,-70.625,2036,10,4.12
"Punta Arenas",-53.16,-70.91,-53.5,-70.625,2036,11,7.05
"Punta Arenas",-53.16,-70.91,-53.5,-70.625,2036,12,6.18
"Punta Arenas",-53.16,-70.91,-53.5,-70.625,2037,1,8.18
"Punta Arenas",-53.16,-70.91,-53.5,-70.625,2037,2,9.61
"Punta Arenas",-53.16,-70.91,-53.5,-70.625,2037,3,7.99
"Punta Arenas",-53.16,-70.91,-53.5,-70.625,2037,4,6.19
"Punta Arenas",-53.16,-70.91,-53.5,-70.625,2037,5,4.2
"Punta Arenas",-53.16,-70.91,-53.5,-70.625,2037,6,0.77
"Punta Arenas",-53.16,-70.91,-53.5,-70.625,2037,7,1.76
"Punta Arenas",-53.16,-70.91,-53.5,-70.625,2037,8,0.67
"Punta Arenas",-53.16,-70.91,-53.5,-70.625,2037,9,3.9
"Punta Arenas",-53.16,-70.91,-53.5,-70.625,2037,10,6.17
"Punta Arenas",-53.16,-70.91,-53.5,-70.625,2037,11,7.39
"Punta Arenas",-53.16,-70.91,-53.5,-70.625,2037,12,7.91
"Punta Arenas",-53.16,-70.91,-53.5,-70.625,2038,1,9.79
"Punta Arenas",-53.16,-70.91,-53.5,-70.625,2038,2,11.87
"Punta Arenas",-53.16,-70.91,-53.5,-70.625,2038,3,9.73
"Punta Arenas",-53.16,-70.91,-53.5,-70.625,2038,4,8.52
"Punta Arenas",-53.16,-70.91,-53.5,-70.625,2038,5,5.83
"Punta Arenas",-53.16,-70.91,-53.5,-70.625,2038,6,3.35
"Punta Arenas",-53.16,-70.91,-53.5,-70.625,2038,7,3.17
"Punta Arenas",-53.16,-70.91,-53.5,-70.625,2038,8,3.9
"Punta Arenas",-53.16,-70.91,-53.5,-70.625,2038,9,5.59
"Punta Arenas",-53.16,-70.91,-53.5,-70.625,2038,10,5.86
"Punta Arenas",-53.16,-70.91,-53.5,-70.625,2038,11,6.73
"Punta Arenas",-53.16,-70.91,-53.5,-70.625,2038,12,6.99
"Punta Arenas",-53.16,-70.91,-53.5,-70.625,2039,1,10.11
"Punta Arenas",-53.16,-70.91,-53.5,-70.625,2039,2,10.23
"Punta Arenas",-53.16,-70.91,-53.5,-70.625,2039,3,8.45
"Punta Arenas",-53.16,-70.91,-53.5,-70.625,2039,4,6.66
"Punta Arenas",-53.16,-70.91,-53.5,-70.625,2039,5,4.83
"Punta Arenas",-53.16,-70.91,-53.5,-70.625,2039,6,4.02
"Punta Arenas",-53.16,-70.91,-53.5,-70.625,2039,7,0.41
"Punta Arenas",-53.16,-70.91,-53.5,-70.625,2039,8,1.13
"Punta Arenas",-53.16,-70.91,-53.5,-70.625,2039,9,4.56
"Punta Arenas",-53.16,-70.91,-53.5,-70.625,2039,10,3.99
"Punta Arenas",-53.16,-70.91,-53.5,-70.625,2039,11,5.91
"Punta Arenas",-53.16,-70.91,-53.5,-70.625,2039,12,7.08
"Punta Arenas",-53.16,-70.91,-53.5,-70.625,2040,1,9.74
"Punta Arenas",-53.16,-70.91,-53.5,-70.625,2040,2,9.38
"Punta Arenas",-53.16,-70.91,-53.5,-70.625,2040,3,6.65
"Punta Arenas",-53.16,-70.91,-53.5,-70.625,2040,4,5.76
"Punta Arenas",-53.16,-70.91,-53.5,-70.625,2040,5,5.43
"Punta Arenas",-53.16,-70.91,-53.5,-70.625,2040,6,4.15
"Punta Arenas",-53.16,-70.91,-53.5,-70.625,2040,7,1.33
"Punta Arenas",-53.16,-70.91,-53.5,-70.625,2040,8,1.71
"Punta Arenas",-53.16,-70.91,-53.5,-70.625,2040,9,1.43
"Punta Arenas",-53.16,-70.91,-53.5,-70.625,2040,10,4.11
"Punta Arenas",-53.16,-70.91,-53.5,-70.625,2040,11,5.89
"Punta Arenas",-53.16,-70.91,-53.5,-70.625,2040,12,8.34
"Punta Arenas",-53.16,-70.91,-53.5,-70.625,2041,1,9.85
"Punta Arenas",-53.16,-70.91,-53.5,-70.625,2041,2,10.83
"Punta Arenas",-53.16,-70.91,-53.5,-70.625,2041,3,9.42
"Punta Arenas",-53.16,-70.91,-53.5,-70.625,2041,4,7.33
"Punta Arenas",-53.16,-70.91,-53.5,-70.625,2041,5,5.8
"Punta Arenas",-53.16,-70.91,-53.5,-70.625,2041,6,2.98
"Punta Arenas",-53.16,-70.91,-53.5,-70.625,2041,7,2.88
"Punta Arenas",-53.16,-70.91,-53.5,-70.625,2041,8,2.51
"Punta Arenas",-53.16,-70.91,-53.5,-70.625,2041,9,4.03
"Punta Arenas",-53.16,-70.91,-53.5,-70.625,2041,10,5.68
"Punta Arenas",-53.16,-70.91,-53.5,-70.625,2041,11,6.39
"Punta Arenas",-53.16,-70.91,-53.5,-70.625,2041,12,8.78
"Punta Arenas",-53.16,-70.91,-53.5,-70.625,2042,1,9.39
"Punta Arenas",-53.16,-70.91,-53.5,-70.625,2042,2,11.04
"Punta Arenas",-53.16,-70.91,-53.5,-70.625,2042,3,9.29
"Punta Arenas",-53.16,-70.91,-53.5,-70.625,2042,4,6.26
"Punta Arenas",-53.16,-70.91,-53.5,-70.625,2042,5,3.81
"Punta Arenas",-53.16,-70.91,-53.5,-70.625,2042,6,2.58
"Punta Arenas",-53.16,-70.91,-53.5,-70.625,2042,7,-0.42
"Punta Arenas",-53.16,-70.91,-53.5,-70.625,2042,8,1.59
"Punta Arenas",-53.16,-70.91,-53.5,-70.625,2042,9,3.61
"Punta Arenas",-53.16,-70.91,-53.5,-70.625,2042,10,6.14
"Punta Arenas",-53.16,-70.91,-53.5,-70.625,2042,11,5.02
"Punta Arenas",-53.16,-70.91,-53.5,-70.625,2042,12,7.9
"Punta Arenas",-53.16,-70.91,-53.5,-70.625,2043,1,9.3
"Punta Arenas",-53.16,-70.91,-53.5,-70.625,2043,2,10.14
"Punta Arenas",-53.16,-70.91,-53.5,-70.625,2043,3,7.86
"Punta Arenas",-53.16,-70.91,-53.5,-70.625,2043,4,6.1
"Punta Arenas",-53.16,-70.91,-53.5,-70.625,2043,5,3.95
"Punta Arenas",-53.16,-70.91,-53.5,-70.625,2043,6,-0.6
"Punta Arenas",-53.16,-70.91,-53.5,-70.625,2043,7,-0.95
"Punta Arenas",-53.16,-70.91,-53.5,-70.625,2043,8,0.17
"Punta Arenas",-53.16,-70.91,-53.5,-70.625,2043,9,2.69
"Punta Arenas",-53.16,-70.91,-53.5,-70.625,2043,10,6.32
"Punta Arenas",-53.16,-70.91,-53.5,-70.625,2043,11,8.04
"Punta Arenas",-53.16,-70.91,-53.5,-70.625,2043,12,9.32
"Punta Arenas",-53.16,-70.91,-53.5,-70.625,2044,1,12.64
"Punta Arenas",-53.16,-70.91,-53.5,-70.625,2044,2,8.64
"Punta Arenas",-53.16,-70.91,-53.5,-70.625,2044,3,9.46
"Punta Arenas",-53.16,-70.91,-53.5,-70.625,2044,4,8.26
"Punta Arenas",-53.16,-70.91,-53.5,-70.625,2044,5,7.29
"Punta Arenas",-53.16,-70.91,-53.5,-70.625,2044,6,5.3
"Punta Arenas",-53.16,-70.91,-53.5,-70.625,2044,7,3.69
"Punta Arenas",-53.16,-70.91,-53.5,-70.625,2044,8,3.65
"Punta Arenas",-53.16,-70.91,-53.5,-70.625,2044,9,3.81
"Punta Arenas",-53.16,-70.91,-53.5,-70.625,2044,10,6.91
"Punta Arenas",-53.16,-70.91,-53.5,-70.625,2044,11,6.92
"Punta Arenas",-53.16,-70.91,-53.5,-70.625,2044,12,8.53
"Punta Arenas",-53.16,-70.91,-53.5,-70.625,2045,1,9.74
"Punta Arenas",-53.16,-70.91,-53.5,-70.625,2045,2,11.22
"Punta Arenas",-53.16,-70.91,-53.5,-70.625,2045,3,9.18
"Punta Arenas",-53.16,-70.91,-53.5,-70.625,2045,4,6.88
"Punta Arenas",-53.16,-70.91,-53.5,-70.625,2045,5,4.64
"Punta Arenas",-53.16,-70.91,-53.5,-70.625,2045,6,2.08
"Punta Arenas",-53.16,-70.91,-53.5,-70.625,2045,7,4.59
"Punta Arenas",-53.16,-70.91,-53.5,-70.625,2045,8,2.34
"Punta Arenas",-53.16,-70.91,-53.5,-70.625,2045,9,3.72
"Punta Arenas",-53.16,-70.91,-53.5,-70.625,2045,10,5.47
"Punta Arenas",-53.16,-70.91,-53.5,-70.625,2045,11,5.12
"Punta Arenas",-53.16,-70.91,-53.5,-70.625,2045,12,8.95
"Punta Arenas",-53.16,-70.91,-53.5,-70.625,2046,1,9.12
"Punta Arenas",-53.16,-70.91,-53.5,-70.625,2046,2,8.84
"Punta Arenas",-53.16,-70.91,-53.5,-70.625,2046,3,8.49
"Punta Arenas",-53.16,-70.91,-53.5,-70.625,2046,4,7.61
"Punta Arenas",-53.16,-70.91,-53.5,-70.625,2046,5,4.48
"Punta Arenas",-53.16,-70.91,-53.5,-70.625,2046,6,2.7
"Punta Arenas",-53.16,-70.91,-53.5,-70.625,2046,7,3.03
"Punta Arenas",-53.16,-70.91,-53.5,-70.625,2046,8,2.98
"Punta Arenas",-53.16,-70.91,-53.5,-70.625,2046,9,2.12
"Punta Arenas",-53.16,-70.91,-53.5,-70.625,2046,10,4.56
"Punta Arenas",-53.16,-70.91,-53.5,-70.625,2046,11,7.31
"Punta Arenas",-53.16,-70.91,-53.5,-70.625,2046,12,9.16
"Punta Arenas",-53.16,-70.91,-53.5,-70.625,2047,1,9.98
"Punta Arenas",-53.16,-70.91,-53.5,-70.625,2047,2,12.51
"Punta Arenas",-53.16,-70.91,-53.5,-70.625,2047,3,10.14
"Punta Arenas",-53.16,-70.91,-53.5,-70.625,2047,4,7.25
"Punta Arenas",-53.16,-70.91,-53.5,-70.625,2047,5,5.9
"Punta Arenas",-53.16,-70.91,-53.5,-70.625,2047,6,2.86
"Punta Arenas",-53.16,-70.91,-53.5,-70.625,2047,7,1.1
"Punta Arenas",-53.16,-70.91,-53.5,-70.625,2047,8,2.42
"Punta Arenas",-53.16,-70.91,-53.5,-70.625,2047,9,4.07
"Punta Arenas",-53.16,-70.91,-53.5,-70.625,2047,10,5.58
"Punta Arenas",-53.16,-70.91,-53.5,-70.625,2047,11,6.34
"Punta Arenas",-53.16,-70.91,-53.5,-70.625,2047,12,10.43
"Punta Arenas",-53.16,-70.91,-53.5,-70.625,2048,1,11.46
"Punta Arenas",-53.16,-70.91,-53.5,-70.625,2048,2,10.12
"Punta Arenas",-53.16,-70.91,-53.5,-70.625,2048,3,9.52
"Punta Arenas",-53.16,-70.91,-53.5,-70.625,2048,4,7.41
"Punta Arenas",-53.16,-70.91,-53.5,-70.625,2048,5,5.47
"Punta Arenas",-53.16,-70.91,-53.5,-70.625,2048,6,2.53
"Punta Arenas",-53.16,-70.91,-53.5,-70.625,2048,7,1.88
"Punta Arenas",-53.16,-70.91,-53.5,-70.625,2048,8,3.71
"Punta Arenas",-53.16,-70.91,-53.5,-70.625,2048,9,4.25
"Punta Arenas",-53.16,-70.91,-53.5,-70.625,2048,10,5.24
"Punta Arenas",-53.16,-70.91,-53.5,-70.625,2048,11,5.9
"Punta Arenas",-53.16,-70.91,-53.5,-70.625,2048,12,7.7
"Punta Arenas",-53.16,-70.91,-53.5,-70.625,2049,1,8.78
"Punta Arenas",-53.16,-70.91,-53.5,-70.625,2049,2,9.8
"Punta Arenas",-53.16,-70.91,-53.5,-70.625,2049,3,8.42
"Punta Arenas",-53.16,-70.91,-53.5,-70.625,2049,4,6.74
"Punta Arenas",-53.16,-70.91,-53.5,-70.625,2049,5,4.93
"Punta Arenas",-53.16,-70.91,-53.5,-70.625,2049,6,2.59
"Punta Arenas",-53.16,-70.91,-53.5,-70.625,2049,7,-0.42
"Punta Arenas",-53.16,-70.91,-53.5,-70.625,2049,8,2.25
"Punta Arenas",-53.16,-70.91,-53.5,-70.625,2049,9,3.6
"Punta Arenas",-53.16,-70.91,-53.5,-70.625,2049,10,4.91
"Punta Arenas",-53.16,-70.91,-53.5,-70.625,2049,11,5.94
"Punta Arenas",-53.16,-70.91,-53.5,-70.625,2049,12,8.58
"Punta Arenas",-53.16,-70.91,-53.5,-70.625,2050,1,9.27
"Punta Arenas",-53.16,-70.91,-53.5,-70.625,2050,2,9.52
"Punta Arenas",-53.16,-70.91,-53.5,-70.625,2050,3,8.88
"Punta Arenas",-53.16,-70.91,-53.5,-70.625,2050,4,6.21
"Punta Arenas",-53.16,-70.91,-53.5,-70.625,2050,5,0.51
"Punta Arenas",-53.16,-70.91,-53.5,-70.625,2050,6,1.29
"Punta Arenas",-53.16,-70.91,-53.5,-70.625,2050,7,1.93
"Punta Arenas",-53.16,-70.91,-53.5,-70.625,2050,8,2.96
"Punta Arenas",-53.16,-70.91,-53.5,-70.625,2050,9,3.52
"Punta Arenas",-53.16,-70.91,-53.5,-70.625,2050,10,4.62
"Punta Arenas",-53.16,-70.91,-53.5,-70.625,2050,11,6.57
"Punta Arenas",-53.16,-70.91,-53.5,-70.625,2050,12,7.37
"Punta Arenas",-53.16,-70.91,-53.5,-70.625,2051,1,10.15
"Punta Arenas",-53.16,-70.91,-53.5,-70.625,2051,2,9.69
"Punta Arenas",-53.16,-70.91,-53.5,-70.625,2051,3,8.22
"Punta Arenas",-53.16,-70.91,-53.5,-70.625,2051,4,5.77
"Punta Arenas",-53.16,-70.91,-53.5,-70.625,2051,5,5.5
"Punta Arenas",-53.16,-70.91,-53.5,-70.625,2051,6,3.68
"Punta Arenas",-53.16,-70.91,-53.5,-70.625,2051,7,1.83
"Punta Arenas",-53.16,-70.91,-53.5,-70.625,2051,8,2.64
"Punta Arenas",-53.16,-70.91,-53.5,-70.625,2051,9,4.48
"Punta Arenas",-53.16,-70.91,-53.5,-70.625,2051,10,4.24
"Punta Arenas",-53.16,-70.91,-53.5,-70.625,2051,11,7.82
"Punta Arenas",-53.16,-70.91,-53.5,-70.625,2051,12,8.25
"Punta Arenas",-53.16,-70.91,-53.5,-70.625,2052,1,9.89
"Punta Arenas",-53.16,-70.91,-53.5,-70.625,2052,2,12.17
"Punta Arenas",-53.16,-70.91,-53.5,-70.625,2052,3,9.93
"Punta Arenas",-53.16,-70.91,-53.5,-70.625,2052,4,4.93
"Punta Arenas",-53.16,-70.91,-53.5,-70.625,2052,5,5.34
"Punta Arenas",-53.16,-70.91,-53.5,-70.625,2052,6,2.61
"Punta Arenas",-53.16,-70.91,-53.5,-70.625,2052,7,2.89
"Punta Arenas",-53.16,-70.91,-53.5,-70.625,2052,8,1.73
"Punta Arenas",-53.16,-70.91,-53.5,-70.625,2052,9,4.06
"Punta Arenas",-53.16,-70.91,-53.5,-70.625,2052,10,5.98
"Punta Arenas",-53.16,-70.91,-53.5,-70.625,2052,11,7.65
"Punta Arenas",-53.16,-70.91,-53.5,-70.625,2052,12,10.17
"Punta Arenas",-53.16,-70.91,-53.5,-70.625,2053,1,11.4
"Punta Arenas",-53.16,-70.91,-53.5,-70.625,2053,2,10.5
"Punta Arenas",-53.16,-70.91,-53.5,-70.625,2053,3,10.53
"Punta Arenas",-53.16,-70.91,-53.5,-70.625,2053,4,8.09
"Punta Arenas",-53.16,-70.91,-53.5,-70.625,2053,5,6.37
"Punta Arenas",-53.16,-70.91,-53.5,-70.625,2053,6,2.68
"Punta Arenas",-53.16,-70.91,-53.5,-70.625,2053,7,3.22
"Punta Arenas",-53.16,-70.91,-53.5,-70.625,2053,8,2.24
"Punta Arenas",-53.16,-70.91,-53.5,-70.625,2053,9,2.4
"Punta Arenas",-53.16,-70.91,-53.5,-70.625,2053,10,5.94
"Punta Arenas",-53.16,-70.91,-53.5,-70.625,2053,11,5.27
"Punta Arenas",-53.16,-70.91,-53.5,-70.625,2053,12,9.52
"Punta Arenas",-53.16,-70.91,-53.5,-70.625,2054,1,11.39
"Punta Arenas",-53.16,-70.91,-53.5,-70.625,2054,2,10.99
"Punta Arenas",-53.16,-70.91,-53.5,-70.625,2054,3,8.6
"Punta Arenas",-53.16,-70.91,-53.5,-70.625,2054,4,6.61
"Punta Arenas",-53.16,-70.91,-53.5,-70.625,2054,5,4.7
"Punta Arenas",-53.16,-70.91,-53.5,-70.625,2054,6,4.53
"Punta Arenas",-53.16,-70.91,-53.5,-70.625,2054,7,1.06
"Punta Arenas",-53.16,-70.91,-53.5,-70.625,2054,8,3.09
"Punta Arenas",-53.16,-70.91,-53.5,-70.625,2054,9,3.05
"Punta Arenas",-53.16,-70.91,-53.5,-70.625,2054,10,3.51
"Punta Arenas",-53.16,-70.91,-53.5,-70.625,2054,11,7.57
"Punta Arenas",-53.16,-70.91,-53.5,-70.625,2054,12,8.53
"Punta Arenas",-53.16,-70.91,-53.5,-70.625,2055,1,10.1
"Punta Arenas",-53.16,-70.91,-53.5,-70.625,2055,2,9.9
"Punta Arenas",-53.16,-70.91,-53.5,-70.625,2055,3,9.8
"Punta Arenas",-53.16,-70.91,-53.5,-70.625,2055,4,8.12
"Punta Arenas",-53.16,-70.91,-53.5,-70.625,2055,5,5.29
"Punta Arenas",-53.16,-70.91,-53.5,-70.625,2055,6,4.97
"Punta Arenas",-53.16,-70.91,-53.5,-70.625,2055,7,2.8
"Punta Arenas",-53.16,-70.91,-53.5,-70.625,2055,8,2.29
"Punta Arenas",-53.16,-70.91,-53.5,-70.625,2055,9,3.76
"Punta Arenas",-53.16,-70.91,-53.5,-70.625,2055,10,5.31
"Punta Arenas",-53.16,-70.91,-53.5,-70.625,2055,11,8.09
"Punta Arenas",-53.16,-70.91,-53.5,-70.625,2055,12,9.82
"Punta Arenas",-53.16,-70.91,-53.5,-70.625,2056,1,10.92
"Punta Arenas",-53.16,-70.91,-53.5,-70.625,2056,2,10.82
"Punta Arenas",-53.16,-70.91,-53.5,-70.625,2056,3,8.78
"Punta Arenas",-53.16,-70.91,-53.5,-70.625,2056,4,9.84
"Punta Arenas",-53.16,-70.91,-53.5,-70.625,2056,5,6.09
"Punta Arenas",-53.16,-70.91,-53.5,-70.625,2056,6,3.61
"Punta Arenas",-53.16,-70.91,-53.5,-70.625,2056,7,2.81
"Punta Arenas",-53.16,-70.91,-53.5,-70.625,2056,8,3.17
"Punta Arenas",-53.16,-70.91,-53.5,-70.625,2056,9,2.98
"Punta Arenas",-53.16,-70.91,-53.5,-70.625,2056,10,5.62
"Punta Arenas",-53.16,-70.91,-53.5,-70.625,2056,11,6.42
"Punta Arenas",-53.16,-70.91,-53.5,-70.625,2056,12,8.55
"Punta Arenas",-53.16,-70.91,-53.5,-70.625,2057,1,10.03
"Punta Arenas",-53.16,-70.91,-53.5,-70.625,2057,2,10.38
"Punta Arenas",-53.16,-70.91,-53.5,-70.625,2057,3,8.96
"Punta Arenas",-53.16,-70.91,-53.5,-70.625,2057,4,5.4
"Punta Arenas",-53.16,-70.91,-53.5,-70.625,2057,5,2.94
"Punta Arenas",-53.16,-70.91,-53.5,-70.625,2057,6,-0.14
"Punta Arenas",-53.16,-70.91,-53.5,-70.625,2057,7,-0.74
"Punta Arenas",-53.16,-70.91,-53.5,-70.625,2057,8,1.59
"Punta Arenas",-53.16,-70.91,-53.5,-70.625,2057,9,2.35
"Punta Arenas",-53.16,-70.91,-53.5,-70.625,2057,10,3.72
"Punta Arenas",-53.16,-70.91,-53.5,-70.625,2057,11,6.57
"Punta Arenas",-53.16,-70.91,-53.5,-70.625,2057,12,8.45
"Punta Arenas",-53.16,-70.91,-53.5,-70.625,2058,1,8.46
"Punta Arenas",-53.16,-70.91,-53.5,-70.625,2058,2,10.09
"Punta Arenas",-53.16,-70.91,-53.5,-70.625,2058,3,8.1
"Punta Arenas",-53.16,-70.91,-53.5,-70.625,2058,4,6.42
"Punta Arenas",-53.16,-70.91,-53.5,-70.625,2058,5,5.09
"Punta Arenas",-53.16,-70.91,-53.5,-70.625,2058,6,2.68
"Punta Arenas",-53.16,-70.91,-53.5,-70.625,2058,7,3.69
"Punta Arenas",-53.16,-70.91,-53.5,-70.625,2058,8,0.93
"Punta Arenas",-53.16,-70.91,-53.5,-70.625,2058,9,3.87
"Punta Arenas",-53.16,-70.91,-53.5,-70.625,2058,10,5.2
"Punta Arenas",-53.16,-70.91,-53.5,-70.625,2058,11,8.37
"Punta Arenas",-53.16,-70.91,-53.5,-70.625,2058,12,9.83
"Punta Arenas",-53.16,-70.91,-53.5,-70.625,2059,1,11.8
"Punta Arenas",-53.16,-70.91,-53.5,-70.625,2059,2,10.64
"Punta Arenas",-53.16,-70.91,-53.5,-70.625,2059,3,11
"Punta Arenas",-53.16,-70.91,-53.5,-70.625,2059,4,8.48
"Punta Arenas",-53.16,-70.91,-53.5,-70.625,2059,5,2.72
"Punta Arenas",-53.16,-70.91,-53.5,-70.625,2059,6,2.92
"Punta Arenas",-53.16,-70.91,-53.5,-70.625,2059,7,2.45
"Punta Arenas",-53.16,-70.91,-53.5,-70.625,2059,8,4.19
"Punta Arenas",-53.16,-70.91,-53.5,-70.625,2059,9,4.48
"Punta Arenas",-53.16,-70.91,-53.5,-70.625,2059,10,7.95
"Punta Arenas",-53.16,-70.91,-53.5,-70.625,2059,11,8.19
"Punta Arenas",-53.16,-70.91,-53.5,-70.625,2059,12,10.43
"Punta Arenas",-53.16,-70.91,-53.5,-70.625,2060,1,11.88
"Punta Arenas",-53.16,-70.91,-53.5,-70.625,2060,2,9.8
"Punta Arenas",-53.16,-70.91,-53.5,-70.625,2060,3,8.17
"Punta Arenas",-53.16,-70.91,-53.5,-70.625,2060,4,7.76
"Punta Arenas",-53.16,-70.91,-53.5,-70.625,2060,5,5.45
"Punta Arenas",-53.16,-70.91,-53.5,-70.625,2060,6,2.86
"Punta Arenas",-53.16,-70.91,-53.5,-70.625,2060,7,1.4
"Punta Arenas",-53.16,-70.91,-53.5,-70.625,2060,8,3.29
"Punta Arenas",-53.16,-70.91,-53.5,-70.625,2060,9,2.88
"Punta Arenas",-53.16,-70.91,-53.5,-70.625,2060,10,5.13
"Punta Arenas",-53.16,-70.91,-53.5,-70.625,2060,11,7.29
"Punta Arenas",-53.16,-70.91,-53.5,-70.625,2060,12,12.08
"Punta Arenas",-53.16,-70.91,-53.5,-70.625,2061,1,10.25
"Punta Arenas",-53.16,-70.91,-53.5,-70.625,2061,2,9.42
"Punta Arenas",-53.16,-70.91,-53.5,-70.625,2061,3,9.75
"Punta Arenas",-53.16,-70.91,-53.5,-70.625,2061,4,8.32
"Punta Arenas",-53.16,-70.91,-53.5,-70.625,2061,5,4.17
"Punta Arenas",-53.16,-70.91,-53.5,-70.625,2061,6,4.38
"Punta Arenas",-53.16,-70.91,-53.5,-70.625,2061,7,4.18
"Punta Arenas",-53.16,-70.91,-53.5,-70.625,2061,8,1.8
"Punta Arenas",-53.16,-70.91,-53.5,-70.625,2061,9,4.03
"Punta Arenas",-53.16,-70.91,-53.5,-70.625,2061,10,5.8
"Punta Arenas",-53.16,-70.91,-53.5,-70.625,2061,11,7.58
"Punta Arenas",-53.16,-70.91,-53.5,-70.625,2061,12,8.95
"Punta Arenas",-53.16,-70.91,-53.5,-70.625,2062,1,11.04
"Punta Arenas",-53.16,-70.91,-53.5,-70.625,2062,2,10.94
"Punta Arenas",-53.16,-70.91,-53.5,-70.625,2062,3,9.71
"Punta Arenas",-53.16,-70.91,-53.5,-70.625,2062,4,5.18
"Punta Arenas",-53.16,-70.91,-53.5,-70.625,2062,5,5.62
"Punta Arenas",-53.16,-70.91,-53.5,-70.625,2062,6,2.78
"Punta Arenas",-53.16,-70.91,-53.5,-70.625,2062,7,2.85
"Punta Arenas",-53.16,-70.91,-53.5,-70.625,2062,8,2.8
"Punta Arenas",-53.16,-70.91,-53.5,-70.625,2062,9,4.26
"Punta Arenas",-53.16,-70.91,-53.5,-70.625,2062,10,4.99
"Punta Arenas",-53.16,-70.91,-53.5,-70.625,2062,11,6.22
"Punta Arenas",-53.16,-70.91,-53.5,-70.625,2062,12,9.62
"Punta Arenas",-53.16,-70.91,-53.5,-70.625,2063,1,10.62
"Punta Arenas",-53.16,-70.91,-53.5,-70.625,2063,2,12.02
"Punta Arenas",-53.16,-70.91,-53.5,-70.625,2063,3,8.76
"Punta Arenas",-53.16,-70.91,-53.5,-70.625,2063,4,6.31
"Punta Arenas",-53.16,-70.91,-53.5,-70.625,2063,5,4.65
"Punta Arenas",-53.16,-70.91,-53.5,-70.625,2063,6,4.75
"Punta Arenas",-53.16,-70.91,-53.5,-70.625,2063,7,1.69
"Punta Arenas",-53.16,-70.91,-53.5,-70.625,2063,8,4.72
"Punta Arenas",-53.16,-70.91,-53.5,-70.625,2063,9,5.73
"Punta Arenas",-53.16,-70.91,-53.5,-70.625,2063,10,6.34
"Punta Arenas",-53.16,-70.91,-53.5,-70.625,2063,11,6.34
"Punta Arenas",-53.16,-70.91,-53.5,-70.625,2063,12,9.7
"Punta Arenas",-53.16,-70.91,-53.5,-70.625,2064,1,10.4
"Punta Arenas",-53.16,-70.91,-53.5,-70.625,2064,2,8.14
"Punta Arenas",-53.16,-70.91,-53.5,-70.625,2064,3,10.06
"Punta Arenas",-53.16,-70.91,-53.5,-70.625,2064,4,7.63
"Punta Arenas",-53.16,-70.91,-53.5,-70.625,2064,5,4.85
"Punta Arenas",-53.16,-70.91,-53.5,-70.625,2064,6,2.41
"Punta Arenas",-53.16,-70.91,-53.5,-70.625,2064,7,1.98
"Punta Arenas",-53.16,-70.91,-53.5,-70.625,2064,8,1.49
"Punta Arenas",-53.16,-70.91,-53.5,-70.625,2064,9,3.67
"Punta Arenas",-53.16,-70.91,-53.5,-70.625,2064,10,6.19
"Punta Arenas",-53.16,-70.91,-53.5,-70.625,2064,11,7.28
"Punta Arenas",-53.16,-70.91,-53.5,-70.625,2064,12,9.09
"Punta Arenas",-53.16,-70.91,-53.5,-70.625,2065,1,10.95
"Punta Arenas",-53.16,-70.91,-53.5,-70.625,2065,2,10.06
"Punta Arenas",-53.16,-70.91,-53.5,-70.625,2065,3,10.28
"Punta Arenas",-53.16,-70.91,-53.5,-70.625,2065,4,7.7
"Punta Arenas",-53.16,-70.91,-53.5,-70.625,2065,5,5.6
"Punta Arenas",-53.16,-70.91,-53.5,-70.625,2065,6,4.88
"Punta Arenas",-53.16,-70.91,-53.5,-70.625,2065,7,4
"Punta Arenas",-53.16,-70.91,-53.5,-70.625,2065,8,3.68
"Punta Arenas",-53.16,-70.91,-53.5,-70.625,2065,9,5.15
"Punta Arenas",-53.16,-70.91,-53.5,-70.625,2065,10,6.42
"Punta Arenas",-53.16,-70.91,-53.5,-70.625,2065,11,8.49
"Punta Arenas",-53.16,-70.91,-53.5,-70.625,2065,12,12.36
"Punta Arenas",-53.16,-70.91,-53.5,-70.625,2066,1,14.14
"Punta Arenas",-53.16,-70.91,-53.5,-70.625,2066,2,13.34
"Punta Arenas",-53.16,-70.91,-53.5,-70.625,2066,3,10.83
"Punta Arenas",-53.16,-70.91,-53.5,-70.625,2066,4,8.85
"Punta Arenas",-53.16,-70.91,-53.5,-70.625,2066,5,6.87
"Punta Arenas",-53.16,-70.91,-53.5,-70.625,2066,6,3.93
"Punta Arenas",-53.16,-70.91,-53.5,-70.625,2066,7,3.75
"Punta Arenas",-53.16,-70.91,-53.5,-70.625,2066,8,4.76
"Punta Arenas",-53.16,-70.91,-53.5,-70.625,2066,9,4.81
"Punta Arenas",-53.16,-70.91,-53.5,-70.625,2066,10,6.62
"Punta Arenas",-53.16,-70.91,-53.5,-70.625,2066,11,8.74
"Punta Arenas",-53.16,-70.91,-53.5,-70.625,2066,12,9.39
"Punta Arenas",-53.16,-70.91,-53.5,-70.625,2067,1,9.82
"Punta Arenas",-53.16,-70.91,-53.5,-70.625,2067,2,9.88
"Punta Arenas",-53.16,-70.91,-53.5,-70.625,2067,3,9.15
"Punta Arenas",-53.16,-70.91,-53.5,-70.625,2067,4,7.57
"Punta Arenas",-53.16,-70.91,-53.5,-70.625,2067,5,4.5
"Punta Arenas",-53.16,-70.91,-53.5,-70.625,2067,6,2.32
"Punta Arenas",-53.16,-70.91,-53.5,-70.625,2067,7,1.08
"Punta Arenas",-53.16,-70.91,-53.5,-70.625,2067,8,2.04
"Punta Arenas",-53.16,-70.91,-53.5,-70.625,2067,9,3.73
"Punta Arenas",-53.16,-70.91,-53.5,-70.625,2067,10,5.17
"Punta Arenas",-53.16,-70.91,-53.5,-70.625,2067,11,6.54
"Punta Arenas",-53.16,-70.91,-53.5,-70.625,2067,12,9.2
"Punta Arenas",-53.16,-70.91,-53.5,-70.625,2068,1,10.49
"Punta Arenas",-53.16,-70.91,-53.5,-70.625,2068,2,9.3
"Punta Arenas",-53.16,-70.91,-53.5,-70.625,2068,3,9.47
"Punta Arenas",-53.16,-70.91,-53.5,-70.625,2068,4,6.86
"Punta Arenas",-53.16,-70.91,-53.5,-70.625,2068,5,4.99
"Punta Arenas",-53.16,-70.91,-53.5,-70.625,2068,6,2.76
"Punta Arenas",-53.16,-70.91,-53.5,-70.625,2068,7,0.92
"Punta Arenas",-53.16,-70.91,-53.5,-70.625,2068,8,0.74
"Punta Arenas",-53.16,-70.91,-53.5,-70.625,2068,9,2.81
"Punta Arenas",-53.16,-70.91,-53.5,-70.625,2068,10,5.3
"Punta Arenas",-53.16,-70.91,-53.5,-70.625,2068,11,10.26
"Punta Arenas",-53.16,-70.91,-53.5,-70.625,2068,12,9.67
"Punta Arenas",-53.16,-70.91,-53.5,-70.625,2069,1,12.63
"Punta Arenas",-53.16,-70.91,-53.5,-70.625,2069,2,12.82
"Punta Arenas",-53.16,-70.91,-53.5,-70.625,2069,3,10.85
"Punta Arenas",-53.16,-70.91,-53.5,-70.625,2069,4,8.32
"Punta Arenas",-53.16,-70.91,-53.5,-70.625,2069,5,4.71
"Punta Arenas",-53.16,-70.91,-53.5,-70.625,2069,6,2.87
"Punta Arenas",-53.16,-70.91,-53.5,-70.625,2069,7,3.07
"Punta Arenas",-53.16,-70.91,-53.5,-70.625,2069,8,2.82
"Punta Arenas",-53.16,-70.91,-53.5,-70.625,2069,9,2.98
"Punta Arenas",-53.16,-70.91,-53.5,-70.625,2069,10,5.73
"Punta Arenas",-53.16,-70.91,-53.5,-70.625,2069,11,5.98
"Punta Arenas",-53.16,-70.91,-53.5,-70.625,2069,12,10.82
"Punta Arenas",-53.16,-70.91,-53.5,-70.625,2070,1,11.98
"Punta Arenas",-53.16,-70.91,-53.5,-70.625,2070,2,10.69
"Punta Arenas",-53.16,-70.91,-53.5,-70.625,2070,3,9.52
"Punta Arenas",-53.16,-70.91,-53.5,-70.625,2070,4,8.5
"Punta Arenas",-53.16,-70.91,-53.5,-70.625,2070,5,7.28
"Punta Arenas",-53.16,-70.91,-53.5,-70.625,2070,6,3.85
"Punta Arenas",-53.16,-70.91,-53.5,-70.625,2070,7,4.11
"Punta Arenas",-53.16,-70.91,-53.5,-70.625,2070,8,3.71
"Punta Arenas",-53.16,-70.91,-53.5,-70.625,2070,9,4.18
"Punta Arenas",-53.16,-70.91,-53.5,-70.625,2070,10,6.62
"Punta Arenas",-53.16,-70.91,-53.5,-70.625,2070,11,8.2
"Punta Arenas",-53.16,-70.91,-53.5,-70.625,2070,12,8.91
"Punta Arenas",-53.16,-70.91,-53.5,-70.625,2071,1,10.14
"Punta Arenas",-53.16,-70.91,-53.5,-70.625,2071,2,8.57
"Punta Arenas",-53.16,-70.91,-53.5,-70.625,2071,3,9.93
"Punta Arenas",-53.16,-70.91,-53.5,-70.625,2071,4,8.8
"Punta Arenas",-53.16,-70.91,-53.5,-70.625,2071,5,4.61
"Punta Arenas",-53.16,-70.91,-53.5,-70.625,2071,6,3.02
"Punta Arenas",-53.16,-70.91,-53.5,-70.625,2071,7,4.81
"Punta Arenas",-53.16,-70.91,-53.5,-70.625,2071,8,3.24
"Punta Arenas",-53.16,-70.91,-53.5,-70.625,2071,9,4.11
"Punta Arenas",-53.16,-70.91,-53.5,-70.625,2071,10,4.69
"Punta Arenas",-53.16,-70.91,-53.5,-70.625,2071,11,9.47
"Punta Arenas",-53.16,-70.91,-53.5,-70.625,2071,12,10.08
"Punta Arenas",-53.16,-70.91,-53.5,-70.625,2072,1,10.1
"Punta Arenas",-53.16,-70.91,-53.5,-70.625,2072,2,11.2
"Punta Arenas",-53.16,-70.91,-53.5,-70.625,2072,3,8.53
"Punta Arenas",-53.16,-70.91,-53.5,-70.625,2072,4,7.02
"Punta Arenas",-53.16,-70.91,-53.5,-70.625,2072,5,5.39
"Punta Arenas",-53.16,-70.91,-53.5,-70.625,2072,6,5.34
"Punta Arenas",-53.16,-70.91,-53.5,-70.625,2072,7,3.55
"Punta Arenas",-53.16,-70.91,-53.5,-70.625,2072,8,4.01
"Punta Arenas",-53.16,-70.91,-53.5,-70.625,2072,9,6.17
"Punta Arenas",-53.16,-70.91,-53.5,-70.625,2072,10,6.79
"Punta Arenas",-53.16,-70.91,-53.5,-70.625,2072,11,7.87
"Punta Arenas",-53.16,-70.91,-53.5,-70.625,2072,12,11.01
"Punta Arenas",-53.16,-70.91,-53.5,-70.625,2073,1,13.4
"Punta Arenas",-53.16,-70.91,-53.5,-70.625,2073,2,13.87
"Punta Arenas",-53.16,-70.91,-53.5,-70.625,2073,3,10.51
"Punta Arenas",-53.16,-70.91,-53.5,-70.625,2073,4,8.58
"Punta Arenas",-53.16,-70.91,-53.5,-70.625,2073,5,6.49
"Punta Arenas",-53.16,-70.91,-53.5,-70.625,2073,6,5.57
"Punta Arenas",-53.16,-70.91,-53.5,-70.625,2073,7,4.79
"Punta Arenas",-53.16,-70.91,-53.5,-70.625,2073,8,4.19
"Punta Arenas",-53.16,-70.91,-53.5,-70.625,2073,9,3.84
"Punta Arenas",-53.16,-70.91,-53.5,-70.625,2073,10,5.84
"Punta Arenas",-53.16,-70.91,-53.5,-70.625,2073,11,9.94
"Punta Arenas",-53.16,-70.91,-53.5,-70.625,2073,12,10.92
"Punta Arenas",-53.16,-70.91,-53.5,-70.625,2074,1,10.62
"Punta Arenas",-53.16,-70.91,-53.5,-70.625,2074,2,10.56
"Punta Arenas",-53.16,-70.91,-53.5,-70.625,2074,3,10.57
"Punta Arenas",-53.16,-70.91,-53.5,-70.625,2074,4,8.44
"Punta Arenas",-53.16,-70.91,-53.5,-70.625,2074,5,5.33
"Punta Arenas",-53.16,-70.91,-53.5,-70.625,2074,6,3.21
"Punta Arenas",-53.16,-70.91,-53.5,-70.625,2074,7,1.31
"Punta Arenas",-53.16,-70.91,-53.5,-70.625,2074,8,3.59
"Punta Arenas",-53.16,-70.91,-53.5,-70.625,2074,9,5.59
"Punta Arenas",-53.16,-70.91,-53.5,-70.625,2074,10,6.05
"Punta Arenas",-53.16,-70.91,-53.5,-70.625,2074,11,9.4
"Punta Arenas",-53.16,-70.91,-53.5,-70.625,2074,12,9.87
"Punta Arenas",-53.16,-70.91,-53.5,-70.625,2075,1,10.2
"Punta Arenas",-53.16,-70.91,-53.5,-70.625,2075,2,11.63
"Punta Arenas",-53.16,-70.91,-53.5,-70.625,2075,3,11.81
"Punta Arenas",-53.16,-70.91,-53.5,-70.625,2075,4,8.02
"Punta Arenas",-53.16,-70.91,-53.5,-70.625,2075,5,6.46
"Punta Arenas",-53.16,-70.91,-53.5,-70.625,2075,6,3.9
"Punta Arenas",-53.16,-70.91,-53.5,-70.625,2075,7,4.4
"Punta Arenas",-53.16,-70.91,-53.5,-70.625,2075,8,4.16
"Punta Arenas",-53.16,-70.91,-53.5,-70.625,2075,9,3.8
"Punta Arenas",-53.16,-70.91,-53.5,-70.625,2075,10,5.71
"Punta Arenas",-53.16,-70.91,-53.5,-70.625,2075,11,7.36
"Punta Arenas",-53.16,-70.91,-53.5,-70.625,2075,12,11.3
"Punta Arenas",-53.16,-70.91,-53.5,-70.625,2076,1,11.29
"Punta Arenas",-53.16,-70.91,-53.5,-70.625,2076,2,11.65
"Punta Arenas",-53.16,-70.91,-53.5,-70.625,2076,3,11.72
"Punta Arenas",-53.16,-70.91,-53.5,-70.625,2076,4,9.36
"Punta Arenas",-53.16,-70.91,-53.5,-70.625,2076,5,6.61
"Punta Arenas",-53.16,-70.91,-53.5,-70.625,2076,6,6.05
"Punta Arenas",-53.16,-70.91,-53.5,-70.625,2076,7,4.98
"Punta Arenas",-53.16,-70.91,-53.5,-70.625,2076,8,3.52
"Punta Arenas",-53.16,-70.91,-53.5,-70.625,2076,9,5.84
"Punta Arenas",-53.16,-70.91,-53.5,-70.625,2076,10,7.55
"Punta Arenas",-53.16,-70.91,-53.5,-70.625,2076,11,9.28
"Punta Arenas",-53.16,-70.91,-53.5,-70.625,2076,12,8.72
"Punta Arenas",-53.16,-70.91,-53.5,-70.625,2077,1,10.04
"Punta Arenas",-53.16,-70.91,-53.5,-70.625,2077,2,12.8
"Punta Arenas",-53.16,-70.91,-53.5,-70.625,2077,3,9.9
"Punta Arenas",-53.16,-70.91,-53.5,-70.625,2077,4,7.43
"Punta Arenas",-53.16,-70.91,-53.5,-70.625,2077,5,5.47
"Punta Arenas",-53.16,-70.91,-53.5,-70.625,2077,6,4.52
"Punta Arenas",-53.16,-70.91,-53.5,-70.625,2077,7,4.65
"Punta Arenas",-53.16,-70.91,-53.5,-70.625,2077,8,4.72
"Punta Arenas",-53.16,-70.91,-53.5,-70.625,2077,9,4.02
"Punta Arenas",-53.16,-70.91,-53.5,-70.625,2077,10,7.07
"Punta Arenas",-53.16,-70.91,-53.5,-70.625,2077,11,9.9
"Punta Arenas",-53.16,-70.91,-53.5,-70.625,2077,12,11.84
"Punta Arenas",-53.16,-70.91,-53.5,-70.625,2078,1,12.2
"Punta Arenas",-53.16,-70.91,-53.5,-70.625,2078,2,11.92
"Punta Arenas",-53.16,-70.91,-53.5,-70.625,2078,3,13.3
"Punta Arenas",-53.16,-70.91,-53.5,-70.625,2078,4,9.56
"Punta Arenas",-53.16,-70.91,-53.5,-70.625,2078,5,8.34
"Punta Arenas",-53.16,-70.91,-53.5,-70.625,2078,6,3.78
"Punta Arenas",-53.16,-70.91,-53.5,-70.625,2078,7,3.25
"Punta Arenas",-53.16,-70.91,-53.5,-70.625,2078,8,5.14
"Punta Arenas",-53.16,-70.91,-53.5,-70.625,2078,9,4.26
"Punta Arenas",-53.16,-70.91,-53.5,-70.625,2078,10,6.74
"Punta Arenas",-53.16,-70.91,-53.5,-70.625,2078,11,7.41
"Punta Arenas",-53.16,-70.91,-53.5,-70.625,2078,12,10.67
"Punta Arenas",-53.16,-70.91,-53.5,-70.625,2079,1,11.66
"Punta Arenas",-53.16,-70.91,-53.5,-70.625,2079,2,12.65
"Punta Arenas",-53.16,-70.91,-53.5,-70.625,2079,3,10.39
"Punta Arenas",-53.16,-70.91,-53.5,-70.625,2079,4,9.73
"Punta Arenas",-53.16,-70.91,-53.5,-70.625,2079,5,6.77
"Punta Arenas",-53.16,-70.91,-53.5,-70.625,2079,6,4.6
"Punta Arenas",-53.16,-70.91,-53.5,-70.625,2079,7,5.6
"Punta Arenas",-53.16,-70.91,-53.5,-70.625,2079,8,4.94
"Punta Arenas",-53.16,-70.91,-53.5,-70.625,2079,9,6.45
"Punta Arenas",-53.16,-70.91,-53.5,-70.625,2079,10,6.09
"Punta Arenas",-53.16,-70.91,-53.5,-70.625,2079,11,8.23
"Punta Arenas",-53.16,-70.91,-53.5,-70.625,2079,12,10.39
"Punta Arenas",-53.16,-70.91,-53.5,-70.625,2080,1,11.58
"Punta Arenas",-53.16,-70.91,-53.5,-70.625,2080,2,11.79
"Punta Arenas",-53.16,-70.91,-53.5,-70.625,2080,3,12.73
"Punta Arenas",-53.16,-70.91,-53.5,-70.625,2080,4,8.56
"Punta Arenas",-53.16,-70.91,-53.5,-70.625,2080,5,2.46
"Punta Arenas",-53.16,-70.91,-53.5,-70.625,2080,6,2.56
"Punta Arenas",-53.16,-70.91,-53.5,-70.625,2080,7,2.93
"Punta Arenas",-53.16,-70.91,-53.5,-70.625,2080,8,1.44
"Punta Arenas",-53.16,-70.91,-53.5,-70.625,2080,9,5.66
"Punta Arenas",-53.16,-70.91,-53.5,-70.625,2080,10,4.7
"Punta Arenas",-53.16,-70.91,-53.5,-70.625,2080,11,5.2
"Punta Arenas",-53.16,-70.91,-53.5,-70.625,2080,12,8.56
"Punta Arenas",-53.16,-70.91,-53.5,-70.625,2081,1,9.58
"Punta Arenas",-53.16,-70.91,-53.5,-70.625,2081,2,12.85
"Punta Arenas",-53.16,-70.91,-53.5,-70.625,2081,3,11.42
"Punta Arenas",-53.16,-70.91,-53.5,-70.625,2081,4,10.24
"Punta Arenas",-53.16,-70.91,-53.5,-70.625,2081,5,6.56
"Punta Arenas",-53.16,-70.91,-53.5,-70.625,2081,6,6.46
"Punta Arenas",-53.16,-70.91,-53.5,-70.625,2081,7,4.95
"Punta Arenas",-53.16,-70.91,-53.5,-70.625,2081,8,4.16
"Punta Arenas",-53.16,-70.91,-53.5,-70.625,2081,9,5.01
"Punta Arenas",-53.16,-70.91,-53.5,-70.625,2081,10,7.48
"Punta Arenas",-53.16,-70.91,-53.5,-70.625,2081,11,7.53
"Punta Arenas",-53.16,-70.91,-53.5,-70.625,2081,12,9.25
"Punta Arenas",-53.16,-70.91,-53.5,-70.625,2082,1,13.19
"Punta Arenas",-53.16,-70.91,-53.5,-70.625,2082,2,14.31
"Punta Arenas",-53.16,-70.91,-53.5,-70.625,2082,3,11.65
"Punta Arenas",-53.16,-70.91,-53.5,-70.625,2082,4,7.96
"Punta Arenas",-53.16,-70.91,-53.5,-70.625,2082,5,7.15
"Punta Arenas",-53.16,-70.91,-53.5,-70.625,2082,6,5.53
"Punta Arenas",-53.16,-70.91,-53.5,-70.625,2082,7,3.61
"Punta Arenas",-53.16,-70.91,-53.5,-70.625,2082,8,4.34
"Punta Arenas",-53.16,-70.91,-53.5,-70.625,2082,9,4.14
"Punta Arenas",-53.16,-70.91,-53.5,-70.625,2082,10,6.52
"Punta Arenas",-53.16,-70.91,-53.5,-70.625,2082,11,7.97
"Punta Arenas",-53.16,-70.91,-53.5,-70.625,2082,12,9.82
"Punta Arenas",-53.16,-70.91,-53.5,-70.625,2083,1,11.52
"Punta Arenas",-53.16,-70.91,-53.5,-70.625,2083,2,12.97
"Punta Arenas",-53.16,-70.91,-53.5,-70.625,2083,3,11.8
"Punta Arenas",-53.16,-70.91,-53.5,-70.625,2083,4,8.24
"Punta Arenas",-53.16,-70.91,-53.5,-70.625,2083,5,7.55
"Punta Arenas",-53.16,-70.91,-53.5,-70.625,2083,6,6.67
"Punta Arenas",-53.16,-70.91,-53.5,-70.625,2083,7,4.07
"Punta Arenas",-53.16,-70.91,-53.5,-70.625,2083,8,4.2
"Punta Arenas",-53.16,-70.91,-53.5,-70.625,2083,9,5.93
"Punta Arenas",-53.16,-70.91,-53.5,-70.625,2083,10,6.16
"Punta Arenas",-53.16,-70.91,-53.5,-70.625,2083,11,8.99
"Punta Arenas",-53.16,-70.91,-53.5,-70.625,2083,12,9.6
"Punta Arenas",-53.16,-70.91,-53.5,-70.625,2084,1,10.23
"Punta Arenas",-53.16,-70.91,-53.5,-70.625,2084,2,10.46
"Punta Arenas",-53.16,-70.91,-53.5,-70.625,2084,3,10.15
"Punta Arenas",-53.16,-70.91,-53.5,-70.625,2084,4,9.83
"Punta Arenas",-53.16,-70.91,-53.5,-70.625,2084,5,6.3
"Punta Arenas",-53.16,-70.91,-53.5,-70.625,2084,6,3.17
"Punta Arenas",-53.16,-70.91,-53.5,-70.625,2084,7,3.33
"Punta Arenas",-53.16,-70.91,-53.5,-70.625,2084,8,4.87
"Punta Arenas",-53.16,-70.91,-53.5,-70.625,2084,9,4.11
"Punta Arenas",-53.16,-70.91,-53.5,-70.625,2084,10,7.58
"Punta Arenas",-53.16,-70.91,-53.5,-70.625,2084,11,9.39
"Punta Arenas",-53.16,-70.91,-53.5,-70.625,2084,12,11.71
"Punta Arenas",-53.16,-70.91,-53.5,-70.625,2085,1,11.61
"Punta Arenas",-53.16,-70.91,-53.5,-70.625,2085,2,12.66
"Punta Arenas",-53.16,-70.91,-53.5,-70.625,2085,3,10.86
"Punta Arenas",-53.16,-70.91,-53.5,-70.625,2085,4,9.27
"Punta Arenas",-53.16,-70.91,-53.5,-70.625,2085,5,5.63
"Punta Arenas",-53.16,-70.91,-53.5,-70.625,2085,6,4.27
"Punta Arenas",-53.16,-70.91,-53.5,-70.625,2085,7,5.12
"Punta Arenas",-53.16,-70.91,-53.5,-70.625,2085,8,2.98
"Punta Arenas",-53.16,-70.91,-53.5,-70.625,2085,9,5.66
"Punta Arenas",-53.16,-70.91,-53.5,-70.625,2085,10,7.99
"Punta Arenas",-53.16,-70.91,-53.5,-70.625,2085,11,8.86
"Punta Arenas",-53.16,-70.91,-53.5,-70.625,2085,12,13.36
"Punta Arenas",-53.16,-70.91,-53.5,-70.625,2086,1,12.6
"Punta Arenas",-53.16,-70.91,-53.5,-70.625,2086,2,12.07
"Punta Arenas",-53.16,-70.91,-53.5,-70.625,2086,3,10.06
"Punta Arenas",-53.16,-70.91,-53.5,-70.625,2086,4,9.68
"Punta Arenas",-53.16,-70.91,-53.5,-70.625,2086,5,5.21
"Punta Arenas",-53.16,-70.91,-53.5,-70.625,2086,6,4.33
"Punta Arenas",-53.16,-70.91,-53.5,-70.625,2086,7,3.77
"Punta Arenas",-53.16,-70.91,-53.5,-70.625,2086,8,5.94
"Punta Arenas",-53.16,-70.91,-53.5,-70.625,2086,9,6.14
"Punta Arenas",-53.16,-70.91,-53.5,-70.625,2086,10,7.45
"Punta Arenas",-53.16,-70.91,-53.5,-70.625,2086,11,7.67
"Punta Arenas",-53.16,-70.91,-53.5,-70.625,2086,12,9.27
"Punta Arenas",-53.16,-70.91,-53.5,-70.625,2087,1,12.79
"Punta Arenas",-53.16,-70.91,-53.5,-70.625,2087,2,11.34
"Punta Arenas",-53.16,-70.91,-53.5,-70.625,2087,3,9.29
"Punta Arenas",-53.16,-70.91,-53.5,-70.625,2087,4,8.29
"Punta Arenas",-53.16,-70.91,-53.5,-70.625,2087,5,5.1
"Punta Arenas",-53.16,-70.91,-53.5,-70.625,2087,6,1.78
"Punta Arenas",-53.16,-70.91,-53.5,-70.625,2087,7,3.42
"Punta Arenas",-53.16,-70.91,-53.5,-70.625,2087,8,3.89
"Punta Arenas",-53.16,-70.91,-53.5,-70.625,2087,9,4.15
"Punta Arenas",-53.16,-70.91,-53.5,-70.625,2087,10,5.29
"Punta Arenas",-53.16,-70.91,-53.5,-70.625,2087,11,10.1
"Punta Arenas",-53.16,-70.91,-53.5,-70.625,2087,12,9.17
"Punta Arenas",-53.16,-70.91,-53.5,-70.625,2088,1,11.34
"Punta Arenas",-53.16,-70.91,-53.5,-70.625,2088,2,11.89
"Punta Arenas",-53.16,-70.91,-53.5,-70.625,2088,3,11.98
"Punta Arenas",-53.16,-70.91,-53.5,-70.625,2088,4,9.74
"Punta Arenas",-53.16,-70.91,-53.5,-70.625,2088,5,8.29
"Punta Arenas",-53.16,-70.91,-53.5,-70.625,2088,6,7.26
"Punta Arenas",-53.16,-70.91,-53.5,-70.625,2088,7,3.93
"Punta Arenas",-53.16,-70.91,-53.5,-70.625,2088,8,5.16
"Punta Arenas",-53.16,-70.91,-53.5,-70.625,2088,9,5.42
"Punta Arenas",-53.16,-70.91,-53.5,-70.625,2088,10,6.16
"Punta Arenas",-53.16,-70.91,-53.5,-70.625,2088,11,8.55
"Punta Arenas",-53.16,-70.91,-53.5,-70.625,2088,12,9.77
"Punta Arenas",-53.16,-70.91,-53.5,-70.625,2089,1,14.87
"Punta Arenas",-53.16,-70.91,-53.5,-70.625,2089,2,14.89
"Punta Arenas",-53.16,-70.91,-53.5,-70.625,2089,3,12.73
"Punta Arenas",-53.16,-70.91,-53.5,-70.625,2089,4,9.41
"Punta Arenas",-53.16,-70.91,-53.5,-70.625,2089,5,5.52
"Punta Arenas",-53.16,-70.91,-53.5,-70.625,2089,6,3.06
"Punta Arenas",-53.16,-70.91,-53.5,-70.625,2089,7,4.14
"Punta Arenas",-53.16,-70.91,-53.5,-70.625,2089,8,3.06
"Punta Arenas",-53.16,-70.91,-53.5,-70.625,2089,9,5.37
"Punta Arenas",-53.16,-70.91,-53.5,-70.625,2089,10,7.11
"Punta Arenas",-53.16,-70.91,-53.5,-70.625,2089,11,8.91
"Punta Arenas",-53.16,-70.91,-53.5,-70.625,2089,12,10.68
"Punta Arenas",-53.16,-70.91,-53.5,-70.625,2090,1,12.65
"Punta Arenas",-53.16,-70.91,-53.5,-70.625,2090,2,12.66
"Punta Arenas",-53.16,-70.91,-53.5,-70.625,2090,3,11.12
"Punta Arenas",-53.16,-70.91,-53.5,-70.625,2090,4,9.84
"Punta Arenas",-53.16,-70.91,-53.5,-70.625,2090,5,6.72
"Punta Arenas",-53.16,-70.91,-53.5,-70.625,2090,6,4.45
"Punta Arenas",-53.16,-70.91,-53.5,-70.625,2090,7,5.04
"Punta Arenas",-53.16,-70.91,-53.5,-70.625,2090,8,5.04
"Punta Arenas",-53.16,-70.91,-53.5,-70.625,2090,9,5.34
"Punta Arenas",-53.16,-70.91,-53.5,-70.625,2090,10,7.23
"Punta Arenas",-53.16,-70.91,-53.5,-70.625,2090,11,8.02
"Punta Arenas",-53.16,-70.91,-53.5,-70.625,2090,12,9.63
"Punta Arenas",-53.16,-70.91,-53.5,-70.625,2091,1,12.18
"Punta Arenas",-53.16,-70.91,-53.5,-70.625,2091,2,10.16
"Punta Arenas",-53.16,-70.91,-53.5,-70.625,2091,3,10.79
"Punta Arenas",-53.16,-70.91,-53.5,-70.625,2091,4,8.84
"Punta Arenas",-53.16,-70.91,-53.5,-70.625,2091,5,6.38
"Punta Arenas",-53.16,-70.91,-53.5,-70.625,2091,6,4.9
"Punta Arenas",-53.16,-70.91,-53.5,-70.625,2091,7,3.98
"Punta Arenas",-53.16,-70.91,-53.5,-70.625,2091,8,4.49
"Punta Arenas",-53.16,-70.91,-53.5,-70.625,2091,9,4.58
"Punta Arenas",-53.16,-70.91,-53.5,-70.625,2091,10,5.65
"Punta Arenas",-53.16,-70.91,-53.5,-70.625,2091,11,9.66
"Punta Arenas",-53.16,-70.91,-53.5,-70.625,2091,12,10.33
"Punta Arenas",-53.16,-70.91,-53.5,-70.625,2092,1,12.34
"Punta Arenas",-53.16,-70.91,-53.5,-70.625,2092,2,14.18
"Punta Arenas",-53.16,-70.91,-53.5,-70.625,2092,3,9.83
"Punta Arenas",-53.16,-70.91,-53.5,-70.625,2092,4,9.55
"Punta Arenas",-53.16,-70.91,-53.5,-70.625,2092,5,6.15
"Punta Arenas",-53.16,-70.91,-53.5,-70.625,2092,6,5.42
"Punta Arenas",-53.16,-70.91,-53.5,-70.625,2092,7,5.82
"Punta Arenas",-53.16,-70.91,-53.5,-70.625,2092,8,6.09
"Punta Arenas",-53.16,-70.91,-53.5,-70.625,2092,9,6.11
"Punta Arenas",-53.16,-70.91,-53.5,-70.625,2092,10,6.68
"Punta Arenas",-53.16,-70.91,-53.5,-70.625,2092,11,8.61
"Punta Arenas",-53.16,-70.91,-53.5,-70.625,2092,12,10.13
"Punta Arenas",-53.16,-70.91,-53.5,-70.625,2093,1,12.35
"Punta Arenas",-53.16,-70.91,-53.5,-70.625,2093,2,12.01
"Punta Arenas",-53.16,-70.91,-53.5,-70.625,2093,3,10.67
"Punta Arenas",-53.16,-70.91,-53.5,-70.625,2093,4,9.77
"Punta Arenas",-53.16,-70.91,-53.5,-70.625,2093,5,6.76
"Punta Arenas",-53.16,-70.91,-53.5,-70.625,2093,6,4.33
"Punta Arenas",-53.16,-70.91,-53.5,-70.625,2093,7,4.54
"Punta Arenas",-53.16,-70.91,-53.5,-70.625,2093,8,4.28
"Punta Arenas",-53.16,-70.91,-53.5,-70.625,2093,9,5.29
"Punta Arenas",-53.16,-70.91,-53.5,-70.625,2093,10,6.37
"Punta Arenas",-53.16,-70.91,-53.5,-70.625,2093,11,9
"Punta Arenas",-53.16,-70.91,-53.5,-70.625,2093,12,10.36
"Punta Arenas",-53.16,-70.91,-53.5,-70.625,2094,1,10.35
"Punta Arenas",-53.16,-70.91,-53.5,-70.625,2094,2,10.53
"Punta Arenas",-53.16,-70.91,-53.5,-70.625,2094,3,9.09
"Punta Arenas",-53.16,-70.91,-53.5,-70.625,2094,4,8.08
"Punta Arenas",-53.16,-70.91,-53.5,-70.625,2094,5,5.49
"Punta Arenas",-53.16,-70.91,-53.5,-70.625,2094,6,6.05
"Punta Arenas",-53.16,-70.91,-53.5,-70.625,2094,7,6
"Punta Arenas",-53.16,-70.91,-53.5,-70.625,2094,8,4.97
"Punta Arenas",-53.16,-70.91,-53.5,-70.625,2094,9,4.96
"Punta Arenas",-53.16,-70.91,-53.5,-70.625,2094,10,6.71
"Punta Arenas",-53.16,-70.91,-53.5,-70.625,2094,11,8.58
"Punta Arenas",-53.16,-70.91,-53.5,-70.625,2094,12,11.07
"Punta Arenas",-53.16,-70.91,-53.5,-70.625,2095,1,10.89
"Punta Arenas",-53.16,-70.91,-53.5,-70.625,2095,2,12.52
"Punta Arenas",-53.16,-70.91,-53.5,-70.625,2095,3,11.58
"Punta Arenas",-53.16,-70.91,-53.5,-70.625,2095,4,9.84
"Punta Arenas",-53.16,-70.91,-53.5,-70.625,2095,5,8.05
"Punta Arenas",-53.16,-70.91,-53.5,-70.625,2095,6,6.19
"Punta Arenas",-53.16,-70.91,-53.5,-70.625,2095,7,4.15
"Punta Arenas",-53.16,-70.91,-53.5,-70.625,2095,8,4.22
"Punta Arenas",-53.16,-70.91,-53.5,-70.625,2095,9,5.63
"Punta Arenas",-53.16,-70.91,-53.5,-70.625,2095,10,6.73
"Punta Arenas",-53.16,-70.91,-53.5,-70.625,2095,11,9.12
"Punta Arenas",-53.16,-70.91,-53.5,-70.625,2095,12,12.2
"Punta Arenas",-53.16,-70.91,-53.5,-70.625,2096,1,12.66
"Punta Arenas",-53.16,-70.91,-53.5,-70.625,2096,2,12.77
"Punta Arenas",-53.16,-70.91,-53.5,-70.625,2096,3,11.65
"Punta Arenas",-53.16,-70.91,-53.5,-70.625,2096,4,9.53
"Punta Arenas",-53.16,-70.91,-53.5,-70.625,2096,5,6.15
"Punta Arenas",-53.16,-70.91,-53.5,-70.625,2096,6,4.67
"Punta Arenas",-53.16,-70.91,-53.5,-70.625,2096,7,3.23
"Punta Arenas",-53.16,-70.91,-53.5,-70.625,2096,8,1.29
"Punta Arenas",-53.16,-70.91,-53.5,-70.625,2096,9,4.4
"Punta Arenas",-53.16,-70.91,-53.5,-70.625,2096,10,6.66
"Punta Arenas",-53.16,-70.91,-53.5,-70.625,2096,11,8.97
"Punta Arenas",-53.16,-70.91,-53.5,-70.625,2096,12,9.46
"Punta Arenas",-53.16,-70.91,-53.5,-70.625,2097,1,10.03
"Punta Arenas",-53.16,-70.91,-53.5,-70.625,2097,2,11.43
"Punta Arenas",-53.16,-70.91,-53.5,-70.625,2097,3,10.67
"Punta Arenas",-53.16,-70.91,-53.5,-70.625,2097,4,7.32
"Punta Arenas",-53.16,-70.91,-53.5,-70.625,2097,5,6.62
"Punta Arenas",-53.16,-70.91,-53.5,-70.625,2097,6,6.9
"Punta Arenas",-53.16,-70.91,-53.5,-70.625,2097,7,6.07
"Punta Arenas",-53.16,-70.91,-53.5,-70.625,2097,8,5.96
"Punta Arenas",-53.16,-70.91,-53.5,-70.625,2097,9,5.6
"Punta Arenas",-53.16,-70.91,-53.5,-70.625,2097,10,8.26
"Punta Arenas",-53.16,-70.91,-53.5,-70.625,2097,11,9.6
"Punta Arenas",-53.16,-70.91,-53.5,-70.625,2097,12,11.1
"Punta Arenas",-53.16,-70.91,-53.5,-70.625,2098,1,13.34
"Punta Arenas",-53.16,-70.91,-53.5,-70.625,2098,2,13.75
"Punta Arenas",-53.16,-70.91,-53.5,-70.625,2098,3,13.21
"Punta Arenas",-53.16,-70.91,-53.5,-70.625,2098,4,10.55
"Punta Arenas",-53.16,-70.91,-53.5,-70.625,2098,5,7.93
"Punta Arenas",-53.16,-70.91,-53.5,-70.625,2098,6,6.48
"Punta Arenas",-53.16,-70.91,-53.5,-70.625,2098,7,4.62
"Punta Arenas",-53.16,-70.91,-53.5,-70.625,2098,8,5.92
"Punta Arenas",-53.16,-70.91,-53.5,-70.625,2098,9,5.78
"Punta Arenas",-53.16,-70.91,-53.5,-70.625,2098,10,7.74
"Punta Arenas",-53.16,-70.91,-53.5,-70.625,2098,11,8.49
"Punta Arenas",-53.16,-70.91,-53.5,-70.625,2098,12,10.75
"Punta Arenas",-53.16,-70.91,-53.5,-70.625,2099,1,11.55
"Punta Arenas",-53.16,-70.91,-53.5,-70.625,2099,2,10.72
"Punta Arenas",-53.16,-70.91,-53.5,-70.625,2099,3,10.58
"Punta Arenas",-53.16,-70.91,-53.5,-70.625,2099,4,8.65
"Punta Arenas",-53.16,-70.91,-53.5,-70.625,2099,5,6.89
"Punta Arenas",-53.16,-70.91,-53.5,-70.625,2099,6,4.81
"Punta Arenas",-53.16,-70.91,-53.5,-70.625,2099,7,2.39
"Punta Arenas",-53.16,-70.91,-53.5,-70.625,2099,8,3.91
"Punta Arenas",-53.16,-70.91,-53.5,-70.625,2099,9,3.98
"Punta Arenas",-53.16,-70.91,-53.5,-70.625,2099,10,8.03
"Punta Arenas",-53.16,-70.91,-53.5,-70.625,2099,11,8.2
"Punta Arenas",-53.16,-70.91,-53.5,-70.625,2099,12,10.43
"Punta Arenas",-53.16,-70.91,-53.5,-70.625,2100,1,13.33
"Punta Arenas",-53.16,-70.91,-53.5,-70.625,2100,2,12.21
"Punta Arenas",-53.16,-70.91,-53.5,-70.625,2100,3,12.68
"Punta Arenas",-53.16,-70.91,-53.5,-70.625,2100,4,9.96
"Punta Arenas",-53.16,-70.91,-53.5,-70.625,2100,5,8.39
"Punta Arenas",-53.16,-70.91,-53.5,-70.625,2100,6,5.96
"Punta Arenas",-53.16,-70.91,-53.5,-70.625,2100,7,5.05
"Punta Arenas",-53.16,-70.91,-53.5,-70.625,2100,8,4.6
"Punta Arenas",-53.16,-70.91,-53.5,-70.625,2100,9,6.07
"Punta Arenas",-53.16,-70.91,-53.5,-70.625,2100,10,8.69
"Punta Arenas",-53.16,-70.91,-53.5,-70.625,2100,11,8.84
"Punta Arenas",-53.16,-70.91,-53.5,-70.625,2100,12,11.68
"Sydney",-33.87,151.21,-33.5,150.625,2015,1,23.58
"Sydney",-33.87,151.21,-33.5,150.625,2015,2,21.99
"Sydney",-33.87,151.21,-33.5,150.625,2015,3,19.51
"Sydney",-33.87,151.21,-33.5,150.625,2015,4,17.13
"Sydney",-33.87,151.21,-33.5,150.625,2015,5,15.31
"Sydney",-33.87,151.21,-33.5,150.625,2015,6,13.02
"Sydney",-33.87,151.21,-33.5,150.625,2015,7,11.27
"Sydney",-33.87,151.21,-33.5,150.625,2015,8,10.7
"Sydney",-33.87,151.21,-33.5,150.625,2015,9,12.61
"Sydney",-33.87,151.21,-33.5,150.625,2015,10,16.75
"Sydney",-33.87,151.21,-33.5,150.625,2015,11,17.94
"Sydney",-33.87,151.21,-33.5,150.625,2015,12,19.91
"Sydney",-33.87,151.21,-33.5,150.625,2016,1,20.95
"Sydney",-33.87,151.21,-33.5,150.625,2016,2,23.86
"Sydney",-33.87,151.21,-33.5,150.625,2016,3,19.8
"Sydney",-33.87,151.21,-33.5,150.625,2016,4,17.85
"Sydney",-33.87,151.21,-33.5,150.625,2016,5,15.4
"Sydney",-33.87,151.21,-33.5,150.625,2016,6,12.84
"Sydney",-33.87,151.21,-33.5,150.625,2016,7,11.28
"Sydney",-33.87,151.21,-33.5,150.625,2016,8,11.33
"Sydney",-33.87,151.21,-33.5,150.625,2016,9,13.73
"Sydney",-33.87,151.21,-33.5,150.625,2016,10,14.4
"Sydney",-33.87,151.21,-33.5,150.625,2016,11,17.41
"Sydney",-33.87,151.21,-33.5,150.625,2016,12,20.19
"Sydney",-33.87,151.21,-33.5,150.625,2017,1,21.79
"Sydney",-33.87,151.21,-33.5,150.625,2017,2,20.97
"Sydney",-33.87,151.21,-33.5,150.625,2017,3,20.24
"Sydney",-33.87,151.21,-33.5,150.625,2017,4,18.73
"Sydney",-33.87,151.21,-33.5,150.625,2017,5,15.33
"Sydney",-33.87,151.21,-33.5,150.625,2017,6,12.55
"Sydney",-33.87,151.21,-33.5,150.625,2017,7,11.43
"Sydney",-33.87,151.21,-33.5,150.625,2017,8,10.96
"Sydney",-33.87,151.21,-33.5,150.625,2017,9,13.28
"Sydney",-33.87,151.21,-33.5,150.625,2017,10,16.98
"Sydney",-33.87,151.21,-33.5,150.625,2017,11,17.66
"Sydney",-33.87,151.21,-33.5,150.625,2017,12,19.92
"Sydney",-33.87,151.21,-33.5,150.625,2018,1,22.28
"Sydney",-33.87,151.21,-33.5,150.625,2018,2,21.42
"Sydney",-33.87,151.21,-33.5,150.625,2018,3,19.95
"Sydney",-33.87,151.21,-33.5,150.625,2018,4,17.45
"Sydney",-33.87,151.21,-33.5,150.625,2018,5,13.7
"Sydney",-33.87,151.21,-33.5,150.625,2018,6,12.31
"Sydney",-33.87,151.21,-33.5,150.625,2018,7,12.28
"Sydney",-33.87,151.21,-33.5,150.625,2018,8,11.67
"Sydney",-33.87,151.21,-33.5,150.625,2018,9,13.01
"Sydney",-33.87,151.21,-33.5,150.625,2018,10,16.91
"Sydney",-33.87,151.21,-33.5,150.625,2018,11,17.46
"Sydney",-33.87,151.21,-33.5,150.625,2018,12,20.32
"Sydney",-33.87,151.21,-33.5,150.625,2019,1,21.75
"Sydney",-33.87,151.21,-33.5,150.625,2019,2,20.9
"Sydney",-33.87,151.21,-33.5,150.625,2019,3,20.21
"Sydney",-33.87,151.21,-33.5,150.625,2019,4,17.29
"Sydney",-33.87,151.21,-33.5,150.625,2019,5,14.58
"Sydney",-33.87,151.21,-33.5,150.625,2019,6,11.77
"Sydney",-33.87,151.21,-33.5,150.625,2019,7,11.38
"Sydney",-33.87,151.21,-33.5,150.625,2019,8,12.15
"Sydney",-33.87,151.21,-33.5,150.625,2019,9,14.09
"Sydney",-33.87,151.21,-33.5,150.625,2019,10,15.66
"Sydney",-33.87,151.21,-33.5,150.625,2019,11,19.06
"Sydney",-33.87,151.21,-33.5,150.625,2019,12,19.66
"Sydney",-33.87,151.21,-33.5,150.625,2020,1,20.35
"Sydney",-33.87,151.21,-33.5,150.625,2020,2,19.84
"Sydney",-33.87,151.21,-33.5,150.625,2020,3,20.31
"Sydney",-33.87,151.21,-33.5,150.625,2020,4,17.47
"Sydney",-33.87,151.21,-33.5,150.625,2020,5,15.3
"Sydney",-33.87,151.21,-33.5,150.625,2020,6,13.22
"Sydney",-33.87,151.21,-33.5,150.625,2020,7,12.24
"Sydney",-33.87,151.21,-33.5,150.625,2020,8,12.49
"Sydney",-33.87,151.21,-33.5,150.625,2020,9,13.79
"Sydney",-33.87,151.21,-33.5,150.625,2020,10,15.99
"Sydney",-33.87,151.21,-33.5,150.625,2020,11,18.32
"Sydney",-33.87,151.21,-33.5,150.625,2020,12,19.61
"Sydney",-33.87,151.21,-33.5,150.625,2021,1,21.34
"Sydney",-33.87,151.21,-33.5,150.625,2021,2,23.4
"Sydney",-33.87,151.21,-33.5,150.625,2021,3,22.65
"Sydney",-33.87,151.21,-33.5,150.625,2021,4,17.36
"Sydney",-33.87,151.21,-33.5,150.625,2021,5,15.68
"Sydney",-33.87,151.21,-33.5,150.625,2021,6,13.65
"Sydney",-33.87,151.21,-33.5,150.625,2021,7,11.84
"Sydney",-33.87,151.21,-33.5,150.625,2021,8,11.24
"Sydney",-33.87,151.21,-33.5,150.625,2021,9,14.59
"Sydney",-33.87,151.21,-33.5,150.625,2021,10,15.15
"Sydney",-33.87,151.21,-33.5,150.625,2021,11,18.49
"Sydney",-33.87,151.21,-33.5,150.625,2021,12,21.25
"Sydney",-33.87,151.21,-33.5,150.625,2022,1,21.3
"Sydney",-33.87,151.21,-33.5,150.625,2022,2,22.76
"Sydney",-33.87,151.21,-33.5,150.625,2022,3,20.41
"Sydney",-33.87,151.21,-33.5,150.625,2022,4,18.26
"Sydney",-33.87,151.21,-33.5,150.625,2022,5,14.95
"Sydney",-33.87,151.21,-33.5,150.625,2022,6,12.81
"Sydney",-33.87,151.21,-33.5,150.625,2022,7,11.23
"Sydney",-33.87,151.21,-33.5,150.625,2022,8,11
"Sydney",-33.87,151.21,-33.5,150.625,2022,9,13.77
"Sydney",-33.87,151.21,-33.5,150.625,2022,10,15.94
"Sydney",-33.87,151.21,-33.5,150.625,2022,11,17.86
"Sydney",-33.87,151.21,-33.5,150.625,2022,12,20.03
"Sydney",-33.87,151.21,-33.5,150.625,2023,1,21.18
"Sydney",-33.87,151.21,-33.5,150.625,2023,2,21.45
"Sydney",-33.87,151.21,-33.5,150.625,2023,3,18.75
"Sydney",-33.87,151.21,-33.5,150.625,2023,4,17.99
"Sydney",-33.87,151.21,-33.5,150.625,2023,5,14.35
"Sydney",-33.87,151.21,-33.5,150.625,2023,6,13.3
"Sydney",-33.87,151.21,-33.5,150.625,2023,7,10.61
"Sydney",-33.87,151.21,-33.5,150.625,2023,8,11.26
"Sydney",-33.87,151.21,-33.5,150.625,2023,9,14.08
"Sydney",-33.87,151.21,-33.5,150.625,2023,10,16.86
"Sydney",-33.87,151.21,-33.5,150.625,2023,11,18.35
"Sydney",-33.87,151.21,-33.5,150.625,2023,12,22.35
"Sydney",-33.87,151.21,-33.5,150.625,2024,1,22.09
"Sydney",-33.87,151.21,-33.5,150.625,2024,2,21.74
"Sydney",-33.87,151.21,-33.5,150.625,2024,3,19.85
"Sydney",-33.87,151.21,-33.5,150.625,2024,4,19.4
"Sydney",-33.87,151.21,-33.5,150.625,2024,5,16.27
"Sydney",-33.87,151.21,-33.5,150.625,2024,6,13.21
"Sydney",-33.87,151.21,-33.5,150.625,2024,7,12.81
"Sydney",-33.87,151.21,-33.5,150.625,2024,8,13.17
"Sydney",-33.87,151.21,-33.5,150.625,2024,9,14.2
"Sydney",-33.87,151.21,-33.5,150.625,2024,10,16.57
"Sydney",-33.87,151.21,-33.5,150.625,2024,11,19.11
"Sydney",-33.87,151.21,-33.5,150.625,2024,12,21.22
"Sydney",-33.87,151.21,-33.5,150.625,2025,1,21.68
"Sydney",-33.87,151.21,-33.5,150.625,2025,2,21.99
"Sydney",-33.87,151.21,-33.5,150.625,2025,3,21.18
"Sydney",-33.87,151.21,-33.5,150.625,2025,4,18.09
"Sydney",-33.87,151.21,-33.5,150.625,2025,5,14.77
"Sydney",-33.87,151.21,-33.5,150.625,2025,6,13.06
"Sydney",-33.87,151.21,-33.5,150.625,2025,7,12.07
"Sydney",-33.87,151.21,-33.5,150.625,2025,8,12.78
"Sydney",-33.87,151.21,-33.5,150.625,2025,9,15.02
"Sydney",-33.87,151.21,-33.5,150.625,2025,10,17.19
"Sydney",-33.87,151.21,-33.5,150.625,2025,11,18.73
"Sydney",-33.87,151.21,-33.5,150.625,2025,12,20.7
"Sydney",-33.87,151.21,-33.5,150.625,2026,1,21.56
"Sydney",-33.87,151.21,-33.5,150.625,2026,2,21.95
"Sydney",-33.87,151.21,-33.5,150.625,2026,3,20.47
"Sydney",-33.87,151.21,-33.5,150.625,2026,4,17.94
"Sydney",-33.87,151.21,-33.5,150.625,2026,5,14.91
"Sydney",-33.87,151.21,-33.5,150.625,2026,6,14.6
"Sydney",-33.87,151.21,-33.5,150.625,2026,7,11.52
"Sydney",-33.87,151.21,-33.5,150.625,2026,8,11.69
"Sydney",-33.87,151.21,-33.5,150.625,2026,9,13.92
"Sydney",-33.87,151.21,-33.5,150.625,2026,10,18.07
"Sydney",-33.87,151.21,-33.5,150.625,2026,11,20.34
"Sydney",-33.87,151.21,-33.5,150.625,2026,12,22.14
"Sydney",-33.87,151.21,-33.5,150.625,2027,1,22.32
"Sydney",-33.87,151.21,-33.5,150.625,2027,2,22.26
"Sydney",-33.87,151.21,-33.5,150.625,2027,3,21.71
"Sydney",-33.87,151.21,-33.5,150.625,2027,4,18.48
"Sydney",-33.87,151.21,-33.5,150.625,2027,5,15.39
"Sydney",-33.87,151.21,-33.5,150.625,2027,6,13.6
"Sydney",-33.87,151.21,-33.5,150.625,2027,7,12.24
"Sydney",-33.87,151.21,-33.5,150.625,2027,8,12.72
"Sydney",-33.87,151.21,-33.5,150.625,2027,9,15.31
"Sydney",-33.87,151.21,-33.5,150.625,2027,10,17.61
"Sydney",-33.87,151.21,-33.5,150.625,2027,11,19.8
"Sydney",-33.87,151.21,-33.5,150.625,2027,12,21.9
"Sydney",-33.87,151.21,-33.5,150.625,2028,1,23.08
"Sydney",-33.87,151.21,-33.5,150.625,2028,2,23.63
"Sydney",-33.87,151.21,-33.5,150.625,2028,3,21.88
"Sydney",-33.87,151.21,-33.5,150.625,2028,4,19.04
"Sydney",-33.87,151.21,-33.5,150.625,2028,5,17.14
"Sydney",-33.87,151.21,-33.5,150.625,2028,6,13.88
"Sydney",-33.87,151.21,-33.5,150.625,2028,7,13.17
"Sydney",-33.87,151.21,-33.5,150.625,2028,8,12.65
"Sydney",-33.87,151.21,-33.5,150.625,2028,9,14.17
"Sydney",-33.87,151.21,-33.5,150.625,2028,10,16.68
"Sydney",-33.87,151.21,-33.5,150.625,2028,11,20.08
"Sydney",-33.87,151.21,-33.5,150.625,2028,12,20.52
"Sydney",-33.87,151.21,-33.5,150.625,2029,1,22.54
"Sydney",-33.87,151.21,-33.5,150.625,2029,2,21.98
"Sydney",-33.87,151.21,-33.5,150.625,2029,3,20.26
"Sydney",-33.87,151.21,-33.5,150.625,2029,4,18.14
"Sydney",-33.87,151.21,-33.5,150.625,2029,5,14.78
"Sydney",-33.87,151.21,-33.5,150.625,2029,6,14.56
"Sydney",-33.87,151.21,-33.5,150.625,2029,7,12.08
"Sydney",-33.87,151.21,-33.5,150.625,2029,8,12.92
"Sydney",-33.87,151.21,-33.5,150.625,2029,9,13.29
"Sydney",-33.87,151.21,-33.5,150.625,2029,10,16.42
"Sydney",-33.87,151.21,-33.5,150.625,2029,11,17.7
"Sydney",-33.87,151.21,-33.5,150.625,2029,12,20.3
"Sydney",-33.87,151.21,-33.5,150.625,2030,1,21.39
"Sydney",-33.87,151.21,-33.5,150.625,2030,2,20.37
"Sydney",-33.87,151.21,-33.5,150.625,2030,3,21.44
"Sydney",-33.87,151.21,-33.5,150.625,2030,4,18.44
"Sydney",-33.87,151.21,-33.5,150.625,2030,5,15.94
"Sydney",-33.87,151.21,-33.5,150.625,2030,6,13.21
"Sydney",-33.87,151.21,-33.5,150.625,2030,7,13.2
"Sydney",-33.87,151.21,-33.5,150.625,2030,8,13.31
"Sydney",-33.87,151.21,-33.5,150.625,2030,9,15.88
"Sydney",-33.87,151.21,-33.5,150.625,2030,10,17.33
"Sydney",-33.87,151.21,-33.5,150.625,2030,11,21.12
"Sydney",-33.87,151.21,-33.5,150.625,2030,12,20.11
"Sydney",-33.87,151.21,-33.5,150.625,2031,1,22.68
"Sydney",-33.87,151.21,-33.5,150.625,2031,2,23.17
"Sydney",-33.87,151.21,-33.5,150.625,2031,3,20.09
"Sydney",-33.87,151.21,-33.5,150.625,2031,4,18.11
"Sydney",-33.87,151.21,-33.5,150.625,2031,5,16.12
"Sydney",-33.87,151.21,-33.5,150.625,2031,6,13.52
"Sydney",-33.87,151.21,-33.5,150.625,2031,7,13.04
"Sydney",-33.87,151.21,-33.5,150.625,2031,8,13.37
"Sydney",-33.87,151.21,-33.5,150.625,2031,9,16.71
"Sydney",-33.87,151.21,-33.5,150.625,2031,10,18.04
"Sydney",-33.87,151.21,-33.5,150.625,2031,11,19.1
"Sydney",-33.87,151.21,-33.5,150.625,2031,12,21.77
"Sydney",-33.87,151.21,-33.5,150.625,2032,1,24.14
"Sydney",-33.87,151.21,-33.5,150.625,2032,2,22.21
"Sydney",-33.87,151.21,-33.5,150.625,2032,3,21
"Sydney",-33.87,151.21,-33.5,150.625,2032,4,18.83
"Sydney",-33.87,151.21,-33.5,150.625,2032,5,15.18
"Sydney",-33.87,151.21,-33.5,150.625,2032,6,13.93
"Sydney",-33.87,151.21,-33.5,150.625,2032,7,10.95
"Sydney",-33.87,151.21,-33.5,150.625,2032,8,12.73
"Sydney",-33.87,151.21,-33.5,150.625,2032,9,15.33
"Sydney",-33.87,151.21,-33.5,150.625,2032,10,15.83
"Sydney",-33.87,151.21,-33.5,150.625,2032,11,18.57
"Sydney",-33.87,151.21,-33.5,150.625,2032,12,22.15
"Sydney",-33.87,151.21,-33.5,150.625,2033,1,22.56
"Sydney",-33.87,151.21,-33.5,150.625,2033,2,23.45
"Sydney",-33.87,151.21,-33.5,150.625,2033,3,20.99
"Sydney",-33.87,151.21,-33.5,150.625,2033,4,17.55
"Sydney",-33.87,151.21,-33.5,150.625,2033,5,15.59
"Sydney",-33.87,151.21,-33.5,150.625,2033,6,12.84
"Sydney",-33.87,151.21,-33.5,150.625,2033,7,13.08
"Sydney",-33.87,151.21,-33.5,150.625,2033,8,13.44
"Sydney",-33.87,151.21,-33.5,150.625,2033,9,14.88
"Sydney",-33.87,151.21,-33.5,150.625,2033,10,17.4
"Sydney",-33.87,151.21,-33.5,150.625,2033,11,19.5
"Sydney",-33.87,151.21,-33.5,150.625,2033,12,22.04
"Sydney",-33.87,151.21,-33.5,150.625,2034,1,23.06
"Sydney",-33.87,151.21,-33.5,150.625,2034,2,21.56
"Sydney",-33.87,151.21,-33.5,150.625,2034,3,20.63
"Sydney",-33.87,151.21,-33.5,150.625,2034,4,18.03
"Sydney",-33.87,151.21,-33.5,150.625,2034,5,15.76
"Sydney",-33.87,151.21,-33.5,150.625,2034,6,14.06
"Sydney",-33.87,151.21,-33.5,150.625,2034,7,12.04
"Sydney",-33.87,151.21,-33.5,150.625,2034,8,12.77
"Sydney",-33.87,151.21,-33.5,150.625,2034,9,15.95
"Sydney",-33.87,151.21,-33.5,150.625,2034,10,18.1
"Sydney",-33.87,151.21,-33.5,150.625,2034,11,19.39
"Sydney",-33.87,151.21,-33.5,150.625,2034,12,21.49
"Sydney",-33.87,151.21,-33.5,150.625,2035,1,22.47
"Sydney",-33.87,151.21,-33.5,150.625,2035,2,22.1
"Sydney",-33.87,151.21,-33.5,150.625,2035,3,20.78
"Sydney",-33.87,151.21,-33.5,150.625,2035,4,19.24
"Sydney",-33.87,151.21,-33.5,150.625,2035,5,16.23
"Sydney",-33.87,151.21,-33.5,150.625,2035,6,14.27
"Sydney",-33.87,151.21,-33.5,150.625,2035,7,12.86
"Sydney",-33.87,151.21,-33.5,150.625,2035,8,12.76
"Sydney",-33.87,151.21,-33.5,150.625,2035,9,13.18
"Sydney",-33.87,151.21,-33.5,150.625,2035,10,16.09
"Sydney",-33.87,151.21,-33.5,150.625,2035,11,18.72
"Sydney",-33.87,151.21,-33.5,150.625,2035,12,20.37
"Sydney",-33.87,151.21,-33.5,150.625,2036,1,20.93
"Sydney",-33.87,151.21,-33.5,150.625,2036,2,22.24
"Sydney",-33.87,151.21,-33.5,150.625,2036,3,20.02
"Sydney",-33.87,151.21,-33.5,150.625,2036,4,17.21
"Sydney",-33.87,151.21,-33.5,150.625,2036,5,14.98
"Sydney",-33.87,151.21,-33.5,150.625,2036,6,13.55
"Sydney",-33.87,151.21,-33.5,150.625,2036,7,12.76
"Sydney",-33.87,151.21,-33.5,150.625,2036,8,12.69
"Sydney",-33.87,151.21,-33.5,150.625,2036,9,14.31
"Sydney",-33.87,151.21,-33.5,150.625,2036,10,17.42
"Sydney",-33.87,151.21,-33.5,150.625,2036,11,18.59
"Sydney",-33.87,151.21,-33.5,150.625,2036,12,20.7
"Sydney",-33.87,151.21,-33.5,150.625,2037,1,21.93
"Sydney",-33.87,151.21,-33.5,150.625,2037,2,21.53
"Sydney",-33.87,151.21,-33.5,150.625,2037,3,20.54
"Sydney",-33.87,151.21,-33.5,150.625,2037,4,18.28
"Sydney",-33.87,151.21,-33.5,150.625,2037,5,15.38
"Sydney",-33.87,151.21,-33.5,150.625,2037,6,13.14
"Sydney",-33.87,151.21,-33.5,150.625,2037,7,12.25
"Sydney",-33.87,151.21,-33.5,150.625,2037,8,12.4
"Sydney",-33.87,151.21,-33.5,150.625,2037,9,15.14
"Sydney",-33.87,151.21,-33.5,150.625,2037,10,18.65
"Sydney",-33.87,151.21,-33.5,150.625,2037,11,20.51
"Sydney",-33.87,151.21,-33.5,150.625,2037,12,21.68
"Sydney",-33.87,151.21,-33.5,150.625,2038,1,21.59
"Sydney",-33.87,151.21,-33.5,150.625,2038,2,22.76
"Sydney",-33.87,151.21,-33.5,150.625,2038,3,21.34
"Sydney",-33.87,151.21,-33.5,150.625,2038,4,18.1
"Sydney",-33.87,151.21,-33.5,150.625,2038,5,16.87
"Sydney",-33.87,151.21,-33.5,150.625,2038,6,14.86
"Sydney",-33.87,151.21,-33.5,150.625,2038,7,13.33
"Sydney",-33.87,151.21,-33.5,150.625,2038,8,13.7
"Sydney",-33.87,151.21,-33.5,150.625,2038,9,15.49
"Sydney",-33.87,151.21,-33.5,150.625,2038,10,16
"Sydney",-33.87,151.21,-33.5,150.625,2038,11,18.86
"Sydney",-33.87,151.21,-33.5,150.625,2038,12,23.02
"Sydney",-33.87,151.21,-33.5,150.625,2039,1,22.54
"Sydney",-33.87,151.21,-33.5,150.625,2039,2,22.33
"Sydney",-33.87,151.21,-33.5,150.625,2039,3,20.65
"Sydney",-33.87,151.21,-33.5,150.625,2039,4,18.16
"Sydney",-33.87,151.21,-33.5,150.625,2039,5,15.71
"Sydney",-33.87,151.21,-33.5,150.625,2039,6,14.58
"Sydney",-33.87,151.21,-33.5,150.625,2039,7,12.56
"Sydney",-33.87,151.21,-33.5,150.625,2039,8,13.39
"Sydney",-33.87,151.21,-33.5,150.625,2039,9,14.76
"Sydney",-33.87,151.21,-33.5,150.625,2039,10,17.65
"Sydney",-33.87,151.21,-33.5,150.625,2039,11,19.73
"Sydney",-33.87,151.21,-33.5,150.625,2039,12,19.99
"Sydney",-33.87,151.21,-33.5,150.625,2040,1,20.95
"Sydney",-33.87,151.21,-33.5,150.625,2040,2,22.01
"Sydney",-33.87,151.21,-33.5,150.625,2040,3,21.79
"Sydney",-33.87,151.21,-33.5,150.625,2040,4,18.78
"Sydney",-33.87,151.21,-33.5,150.625,2040,5,15.21
"Sydney",-33.87,151.21,-33.5,150.625,2040,6,13.18
"Sydney",-33.87,151.21,-33.5,150.625,2040,7,12.94
"Sydney",-33.87,151.21,-33.5,150.625,2040,8,13.46
"Sydney",-33.87,151.21,-33.5,150.625,2040,9,14.9
"Sydney",-33.87,151.21,-33.5,150.625,2040,10,18.75
"Sydney",-33.87,151.21,-33.5,150.625,2040,11,20.29
"Sydney",-33.87,151.21,-33.5,150.625,2040,12,22.03
"Sydney",-33.87,151.21,-33.5,150.625,2041,1,24.65
"Sydney",-33.87,151.21,-33.5,150.625,2041,2,23.79
"Sydney",-33.87,151.21,-33.5,150.625,2041,3,21.45
"Sydney",-33.87,151.21,-33.5,150.625,2041,4,18.81
"Sydney",-33.87,151.21,-33.5,150.625,2041,5,17.09
"Sydney",-33.87,151.21,-33.5,150.625,2041,6,13.68
"Sydney",-33.87,151.21,-33.5,150.625,2041,7,12.07
"Sydney",-33.87,151.21,-33.5,150.625,2041,8,13.36
"Sydney",-33.87,151.21,-33.5,150.625,2041,9,15.3
"Sydney",-33.87,151.21,-33.5,150.625,2041,10,18.15
"Sydney",-33.87,151.21,-33.5,150.625,2041,11,19.65
"Sydney",-33.87,151.21,-33.5,150.625,2041,12,22.15
"Sydney",-33.87,151.21,-33.5,150.625,2042,1,22.12
"Sydney",-33.87,151.21,-33.5,150.625,2042,2,21.37
"Sydney",-33.87,151.21,-33.5,150.625,2042,3,21.78
"Sydney",-33.87,151.21,-33.5,150.625,2042,4,18.85
"Sydney",-33.87,151.21,-33.5,150.625,2042,5,16.02
"Sydney",-33.87,151.21,-33.5,150.625,2042,6,13.16
"Sydney",-33.87,151.21,-33.5,150.625,2042,7,11.11
"Sydney",-33.87,151.21,-33.5,150.625,2042,8,12.72
"Sydney",-33.87,151.21,-33.5,150.625,2042,9,14.5
"Sydney",-33.87,151.21,-33.5,150.625,2042,10,17.07
"Sydney",-33.87,151.21,-33.5,150.625,2042,11,18.35
"Sydney",-33.87,151.21,-33.5,150.625,2042,12,21.77
"Sydney",-33.87,151.21,-33.5,150.625,2043,1,23.19
"Sydney",-33.87,151.21,-33.5,150.625,2043,2,23.25
"Sydney",-33.87,151.21,-33.5,150.625,2043,3,20.6
"Sydney",-33.87,151.21,-33.5,150.625,2043,4,18.74
"Sydney",-33.87,151.21,-33.5,150.625,2043,5,15.63
"Sydney",-33.87,151.21,-33.5,150.625,2043,6,12.82
"Sydney",-33.87,151.21,-33.5,150.625,2043,7,12.62
"Sydney",-33.87,151.21,-33.5,150.625,2043,8,13.39
"Sydney",-33.87,151.21,-33.5,150.625,2043,9,14.65
"Sydney",-33.87,151.21,-33.5,150.625,2043,10,18.37
"Sydney",-33.87,151.21,-33.5,150.625,2043,11,20.81
"Sydney",-33.87,151.21,-33.5,150.625,2043,12,20.69
"Sydney",-33.87,151.21,-33.5,150.625,2044,1,23.45
"Sydney",-33.87,151.21,-33.5,150.625,2044,2,21.7
"Sydney",-33.87,151.21,-33.5,150.625,2044,3,21.59
"Sydney",-33.87,151.21,-33.5,150.625,2044,4,20.99
"Sydney",-33.87,151.21,-33.5,150.625,2044,5,18.3
"Sydney",-33.87,151.21,-33.5,150.625,2044,6,13.08
"Sydney",-33.87,151.21,-33.5,150.625,2044,7,13.91
"Sydney",-33.87,151.21,-33.5,150.625,2044,8,13.59
"Sydney",-33.87,151.21,-33.5,150.625,2044,9,15.21
"Sydney",-33.87,151.21,-33.5,150.625,2044,10,17.23
"Sydney",-33.87,151.21,-33.5,150.625,2044,11,19.66
"Sydney",-33.87,151.21,-33.5,150.625,2044,12,21.24
"Sydney",-33.87,151.21,-33.5,150.625,2045,1,22.68
"Sydney",-33.87,151.21,-33.5,150.625,2045,2,23.94
"Sydney",-33.87,151.21,-33.5,150.625,2045,3,22.16
"Sydney",-33.87,151.21,-33.5,150.625,2045,4,19.17
"Sydney",-33.87,151.21,-33.5,150.625,2045,5,16.89
"Sydney",-33.87,151.21,-33.5,150.625,2045,6,14.23
"Sydney",-33.87,151.21,-33.5,150.625,2045,7,13.05
"Sydney",-33.87,151.21,-33.5,150.625,2045,8,13.51
"Sydney",-33.87,151.21,-33.5,150.625,2045,9,15.23
"Sydney",-33.87,151.21,-33.5,150.625,2045,10,17.21
"Sydney",-33.87,151.21,-33.5,150.625,2045,11,20.81
"Sydney",-33.87,151.21,-33.5,150.625,2045,12,20.78
"Sydney",-33.87,151.21,-33.5,150.625,2046,1,22.17
"Sydney",-33.87,151.21,-33.5,150.625,2046,2,22.98
"Sydney",-33.87,151.21,-33.5,150.625,2046,3,20.9
"Sydney",-33.87,151.21,-33.5,150.625,2046,4,18.59
"Sydney",-33.87,151.21,-33.5,150.625,2046,5,15.16
"Sydney",-33.87,151.21,-33.5,150.625,2046,6,13.49
"Sydney",-33.87,151.21,-33.5,150.625,2046,7,12.55
"Sydney",-33.87,151.21,-33.5,150.625,2046,8,13.28
"Sydney",-33.87,151.21,-33.5,150.625,2046,9,15.88
"Sydney",-33.87,151.21,-33.5,150.625,2046,10,17.05
"Sydney",-33.87,151.21,-33.5,150.625,2046,11,18.86
"Sydney",-33.87,151.21,-33.5,150.625,2046,12,21.69
"Sydney",-33.87,151.21,-33.5,150.625,2047,1,24.58
"Sydney",-33.87,151.21,-33.5,150.625,2047,2,22.23
"Sydney",-33.87,151.21,-33.5,150.625,2047,3,21.28
"Sydney",-33.87,151.21,-33.5,150.625,2047,4,18.46
"Sydney",-33.87,151.21,-33.5,150.625,2047,5,16.34
"Sydney",-33.87,151.21,-33.5,150.625,2047,6,15.57
"Sydney",-33.87,151.21,-33.5,150.625,2047,7,13.53
"Sydney",-33.87,151.21,-33.5,150.625,2047,8,13.5
"Sydney",-33.87,151.21,-33.5,150.625,2047,9,15.68
"Sydney",-33.87,151.21,-33.5,150.625,2047,10,17.87
"Sydney",-33.87,151.21,-33.5,150.625,2047,11,20.36
"Sydney",-33.87,151.21,-33.5,150.625,2047,12,21.69
"Sydney",-33.87,151.21,-33.5,150.625,2048,1,23.86
"Sydney",-33.87,151.21,-33.5,150.625,2048,2,23.65
"Sydney",-33.87,151.21,-33.5,150.625,2048,3,21.89
"Sydney",-33.87,151.21,-33.5,150.625,2048,4,17.59
"Sydney",-33.87,151.21,-33.5,150.625,2048,5,16.89
"Sydney",-33.87,151.21,-33.5,150.625,2048,6,15.27
"Sydney",-33.87,151.21,-33.5,150.625,2048,7,13.44
"Sydney",-33.87,151.21,-33.5,150.625,2048,8,13.67
"Sydney",-33.87,151.21,-33.5,150.625,2048,9,15.35
"Sydney",-33.87,151.21,-33.5,150.625,2048,10,18.27
"Sydney",-33.87,151.21,-33.5,150.625,2048,11,18.74
"Sydney",-33.87,151.21,-33.5,150.625,2048,12,20.82
"Sydney",-33.87,151.21,-33.5,150.625,2049,1,22.65
"Sydney",-33.87,151.21,-33.5,150.625,2049,2,23.05
"Sydney",-33.87,151.21,-33.5,150.625,2049,3,21.45
"Sydney",-33.87,151.21,-33.5,150.625,2049,4,18.24
"Sydney",-33.87,151.21,-33.5,150.625,2049,5,15.76
"Sydney",-33.87,151.21,-33.5,150.625,2049,6,12.77
"Sydney",-33.87,151.21,-33.5,150.625,2049,7,13.1
"Sydney",-33.87,151.21,-33.5,150.625,2049,8,13.57
"Sydney",-33.87,151.21,-33.5,150.625,2049,9,14.79
"Sydney",-33.87,151.21,-33.5,150.625,2049,10,18.18
"Sydney",-33.87,151.21,-33.5,150.625,2049,11,22.88
"Sydney",-33.87,151.21,-33.5,150.625,2049,12,21.51
"Sydney",-33.87,151.21,-33.5,150.625,2050,1,22.61
"Sydney",-33.87,151.21,-33.5,150.625,2050,2,23.35
"Sydney",-33.87,151.21,-33.5,150.625,2050,3,22.07
"Sydney",-33.87,151.21,-33.5,150.625,2050,4,19.71
"Sydney",-33.87,151.21,-33.5,150.625,2050,5,17.3
"Sydney",-33.87,151.21,-33.5,150.625,2050,6,15.17
"Sydney",-33.87,151.21,-33.5,150.625,2050,7,12.62
"Sydney",-33.87,151.21,-33.5,150.625,2050,8,13.1
"Sydney",-33.87,151.21,-33.5,150.625,2050,9,14.12
"Sydney",-33.87,151.21,-33.5,150.625,2050,10,18.23
"Sydney",-33.87,151.21,-33.5,150.625,2050,11,21.12
"Sydney",-33.87,151.21,-33.5,150.625,2050,12,23.63
"Sydney",-33.87,151.21,-33.5,150.625,2051,1,22
"Sydney",-33.87,151.21,-33.5,150.625,2051,2,23.22
"Sydney",-33.87,151.21,-33.5,150.625,2051,3,21.73
"Sydney",-33.87,151.21,-33.5,150.625,2051,4,18.21
"Sydney",-33.87,151.21,-33.5,150.625,2051,5,15.85
"Sydney",-33.87,151.21,-33.5,150.625,2051,6,14.31
"Sydney",-33.87,151.21,-33.5,150.625,2051,7,12.98
"Sydney",-33.87,151.21,-33.5,150.625,2051,8,12.87
"Sydney",-33.87,151.21,-33.5,150.625,2051,9,14.53
"Sydney",-33.87,151.21,-33.5,150.625,2051,10,18.54
"Sydney",-33.87,151.21,-33.5,150.625,2051,11,18.22
"Sydney",-33.87,151.21,-33.5,150.625,2051,12,22.26
"Sydney",-33.87,151.21,-33.5,150.625,2052,1,22.34
"Sydney",-33.87,151.21,-33.5,150.625,2052,2,23.97
"Sydney",-33.87,151.21,-33.5,150.625,2052,3,20.28
"Sydney",-33.87,151.21,-33.5,150.625,2052,4,18.94
"Sydney",-33.87,151.21,-33.5,150.625,2052,5,15.73
"Sydney",-33.87,151.21,-33.5,150.625,2052,6,14.34
"Sydney",-33.87,151.21,-33.5,150.625,2052,7,13.22
"Sydney",-33.87,151.21,-33.5,150.625,2052,8,14.13
"Sydney",-33.87,151.21,-33.5,150.625,2052,9,15.99
"Sydney",-33.87,151.21,-33.5,150.625,2052,10,18.15
"Sydney",-33.87,151.21,-33.5,150.625,2052,11,20.26
"Sydney",-33.87,151.21,-33.5,150.625,2052,12,21.16
"Sydney",-33.87,151.21,-33.5,150.625,2053,1,23.91
"Sydney",-33.87,151.21,-33.5,150.625,2053,2,22.76
"Sydney",-33.87,151.21,-33.5,150.625,2053,3,21.51
"Sydney",-33.87,151.21,-33.5,150.625,2053,4,18.68
"Sydney",-33.87,151.21,-33.5,150.625,2053,5,16.77
"Sydney",-33.87,151.21,-33.5,150.625,2053,6,12.94
"Sydney",-33.87,151.21,-33.5,150.625,2053,7,12.67
"Sydney",-33.87,151.21,-33.5,150.625,2053,8,13.43
"Sydney",-33.87,151.21,-33.5,150.625,2053,9,14.63
"Sydney",-33.87,151.21,-33.5,150.625,2053,10,17.22
"Sydney",-33.87,151.21,-33.5,150.625,2053,11,19.47
"Sydney",-33.87,151.21,-33.5,150.625,2053,12,20.21
"Sydney",-33.87,151.21,-33.5,150.625,2054,1,23.46
"Sydney",-33.87,151.21,-33.5,150.625,2054,2,22.05
"Sydney",-33.87,151.21,-33.5,150.625,2054,3,19.59
"Sydney",-33.87,151.21,-33.5,150.625,2054,4,17.85
"Sydney",-33.87,151.21,-33.5,150.625,2054,5,15.46
"Sydney",-33.87,151.21,-33.5,150.625,2054,6,12.95
"Sydney",-33.87,151.21,-33.5,150.625,2054,7,12.85
"Sydney",-33.87,151.21,-33.5,150.625,2054,8,13.63
"Sydney",-33.87,151.21,-33.5,150.625,2054,9,14.69
"Sydney",-33.87,151.21,-33.5,150.625,2054,10,17.24
"Sydney",-33.87,151.21,-33.5,150.625,2054,11,18.84
"Sydney",-33.87,151.21,-33.5,150.625,2054,12,21.44
"Sydney",-33.87,151.21,-33.5,150.625,2055,1,22.66
"Sydney",-33.87,151.21,-33.5,150.625,2055,2,22.33
"Sydney",-33.87,151.21,-33.5,150.625,2055,3,21.83
"Sydney",-33.87,151.21,-33.5,150.625,2055,4,18.53
"Sydney",-33.87,151.21,-33.5,150.625,2055,5,16.17
"Sydney",-33.87,151.21,-33.5,150.625,2055,6,14.09
"Sydney",-33.87,151.21,-33.5,150.625,2055,7,13.72
"Sydney",-33.87,151.21,-33.5,150.625,2055,8,13.14
"Sydney",-33.87,151.21,-33.5,150.625,2055,9,14.63
"Sydney",-33.87,151.21,-33.5,150.625,2055,10,17.47
"Sydney",-33.87,151.21,-33.5,150.625,2055,11,21.6
"Sydney",-33.87,151.21,-33.5,150.625,2055,12,22.19
"Sydney",-33.87,151.21,-33.5,150.625,2056,1,23.38
"Sydney",-33.87,151.21,-33.5,150.625,2056,2,23.34
"Sydney",-33.87,151.21,-33.5,150.625,2056,3,21.22
"Sydney",-33.87,151.21,-33.5,150.625,2056,4,18.72
"Sydney",-33.87,151.21,-33.5,150.625,2056,5,16.52
"Sydney",-33.87,151.21,-33.5,150.625,2056,6,14.32
"Sydney",-33.87,151.21,-33.5,150.625,2056,7,13.71
"Sydney",-33.87,151.21,-33.5,150.625,2056,8,14.03
"Sydney",-33.87,151.21,-33.5,150.625,2056,9,15.55
"Sydney",-33.87,151.21,-33.5,150.625,2056,10,18.35
"Sydney",-33.87,151.21,-33.5,150.625,2056,11,19
"Sydney",-33.87,151.21,-33.5,150.625,2056,12,22.26
"Sydney",-33.87,151.21,-33.5,150.625,2057,1,23.38
"Sydney",-33.87,151.21,-33.5,150.625,2057,2,24.42
"Sydney",-33.87,151.21,-33.5,150.625,2057,3,21.84
"Sydney",-33.87,151.21,-33.5,150.625,2057,4,19.67
"Sydney",-33.87,151.21,-33.5,150.625,2057,5,16.98
"Sydney",-33.87,151.21,-33.5,150.625,2057,6,13.9
"Sydney",-33.87,151.21,-33.5,150.625,2057,7,11.85
"Sydney",-33.87,151.21,-33.5,150.625,2057,8,12.05
"Sydney",-33.87,151.21,-33.5,150.625,2057,9,14.6
"Sydney",-33.87,151.21,-33.5,150.625,2057,10,18.13
"Sydney",-33.87,151.21,-33.5,150.625,2057,11,20.82
"Sydney",-33.87,151.21,-33.5,150.625,2057,12,22.45
"Sydney",-33.87,151.21,-33.5,150.625,2058,1,23.28
"Sydney",-33.87,151.21,-33.5,150.625,2058,2,22.56
"Sydney",-33.87,151.21,-33.5,150.625,2058,3,22.5
"Sydney",-33.87,151.21,-33.5,150.625,2058,4,19.19
"Sydney",-33.87,151.21,-33.5,150.625,2058,5,16.37
"Sydney",-33.87,151.21,-33.5,150.625,2058,6,13.66
"Sydney",-33.87,151.21,-33.5,150.625,2058,7,12.7
"Sydney",-33.87,151.21,-33.5,150.625,2058,8,13.67
"Sydney",-33.87,151.21,-33.5,150.625,2058,9,16.02
"Sydney",-33.87,151.21,-33.5,150.625,2058,10,19.52
"Sydney",-33.87,151.21,-33.5,150.625,2058,11,20.66
"Sydney",-33.87,151.21,-33.5,150.625,2058,12,22.25
"Sydney",-33.87,151.21,-33.5,150.625,2059,1,24.41
"Sydney",-33.87,151.21,-33.5,150.625,2059,2,25.27
"Sydney",-33.87,151.21,-33.5,150.625,2059,3,21.32
"Sydney",-33.87,151.21,-33.5,150.625,2059,4,19.64
"Sydney",-33.87,151.21,-33.5,150.625,2059,5,16.9
"Sydney",-33.87,151.21,-33.5,150.625,2059,6,14.77
"Sydney",-33.87,151.21,-33.5,150.625,2059,7,13.84
"Sydney",-33.87,151.21,-33.5,150.625,2059,8,13.72
"Sydney",-33.87,151.21,-33.5,150.625,2059,9,15.7
"Sydney",-33.87,151.21,-33.5,150.625,2059,10,18.04
"Sydney",-33.87,151.21,-33.5,150.625,2059,11,20.53
"Sydney",-33.87,151.21,-33.5,150.625,2059,12,21.8
"Sydney",-33.87,151.21,-33.5,150.625,2060,1,22.26
"Sydney",-33.87,151.21,-33.5,150.625,2060,2,23.22
"Sydney",-33.87,151.21,-33.5,150.625,2060,3,22.33
"Sydney",-33.87,151.21,-33.5,150.625,2060,4,19.18
"Sydney",-33.87,151.21,-33.5,150.625,2060,5,17.33
"Sydney",-33.87,151.21,-33.5,150.625,2060,6,12.88
"Sydney",-33.87,151.21,-33.5,150.625,2060,7,12.48
"Sydney",-33.87,151.21,-33.5,150.625,2060,8,14.08
"Sydney",-33.87,151.21,-33.5,150.625,2060,9,16.06
"Sydney",-33.87,151.21,-33.5,150.625,2060,10,17.41
"Sydney",-33.87,151.21,-33.5,150.625,2060,11,18.7
"Sydney",-33.87,151.21,-33.5,150.625,2060,12,22.27
"Sydney",-33.87,151.21,-33.5,150.625,2061,1,23.35
"Sydney",-33.87,151.21,-33.5,150.625,2061,2,21.98
"Sydney",-33.87,151.21,-33.5,150.625,2061,3,21.41
"Sydney",-33.87,151.21,-33.5,150.625,2061,4,19.83
"Sydney",-33.87,151.21,-33.5,150.625,2061,5,16.7
"Sydney",-33.87,151.21,-33.5,150.625,2061,6,15.1
"Sydney",-33.87,151.21,-33.5,150.625,2061,7,13.6
"Sydney",-33.87,151.21,-33.5,150.625,2061,8,14.24
"Sydney",-33.87,151.21,-33.5,150.625,2061,9,15.15
"Sydney",-33.87,151.21,-33.5,150.625,2061,10,18.87
"Sydney",-33.87,151.21,-33.5,150.625,2061,11,20.22
"Sydney",-33.87,151.21,-33.5,150.625,2061,12,21.29
"Sydney",-33.87,151.21,-33.5,150.625,2062,1,24.71
"Sydney",-33.87,151.21,-33.5,150.625,2062,2,24.75
"Sydney",-33.87,151.21,-33.5,150.625,2062,3,22.2
"Sydney",-33.87,151.21,-33.5,150.625,2062,4,20.32
"Sydney",-33.87,151.21,-33.5,150.625,2062,5,16.7
"Sydney",-33.87,151.21,-33.5,150.625,2062,6,15.1
"Sydney",-33.87,151.21,-33.5,150.625,2062,7,13.43
"Sydney",-33.87,151.21,-33.5,150.625,2062,8,13.89
"Sydney",-33.87,151.21,-33.5,150.625,2062,9,17.5
"Sydney",-33.87,151.21,-33.5,150.625,2062,10,19.01
"Sydney",-33.87,151.21,-33.5,150.625,2062,11,20.43
"Sydney",-33.87,151.21,-33.5,150.625,2062,12,21.45
"Sydney",-33.87,151.21,-33.5,150.625,2063,1,22.13
"Sydney",-33.87,151.21,-33.5,150.625,2063,2,22.24
"Sydney",-33.87,151.21,-33.5,150.625,2063,3,23.46
"Sydney",-33.87,151.21,-33.5,150.625,2063,4,19.26
"Sydney",-33.87,151.21,-33.5,150.625,2063,5,17.14
"Sydney",-33.87,151.21,-33.5,150.625,2063,6,16
"Sydney",-33.87,151.21,-33.5,150.625,2063,7,12.89
"Sydney",-33.87,151.21,-33.5,150.625,2063,8,13.83
"Sydney",-33.87,151.21,-33.5,150.625,2063,9,16.31
"Sydney",-33.87,151.21,-33.5,150.625,2063,10,19.65
"Sydney",-33.87,151.21,-33.5,150.625,2063,11,20.21
"Sydney",-33.87,151.21,-33.5,150.625,2063,12,20.78
"Sydney",-33.87,151.21,-33.5,150.625,2064,1,22.57
"Sydney",-33.87,151.21,-33.5,150.625,2064,2,21.93
"Sydney",-33.87,151.21,-33.5,150.625,2064,3,21.7
"Sydney",-33.87,151.21,-33.5,150.625,2064,4,19.28
"Sydney",-33.87,151.21,-33.5,150.625,2064,5,17.04
"Sydney",-33.87,151.21,-33.5,150.625,2064,6,14.58
"Sydney",-33.87,151.21,-33.5,150.625,2064,7,12.64
"Sydney",-33.87,151.21,-33.5,150.625,2064,8,13.56
"Sydney",-33.87,151.21,-33.5,150.625,2064,9,17.2
"Sydney",-33.87,151.21,-33.5,150.625,2064,10,17.97
"Sydney",-33.87,151.21,-33.5,150.625,2064,11,20.01
"Sydney",-33.87,151.21,-33.5,150.625,2064,12,22.13
"Sydney",-33.87,151.21,-33.5,150.625,2065,1,23.63
"Sydney",-33.87,151.21,-33.5,150.625,2065,2,24.1
"Sydney",-33.87,151.21,-33.5,150.625,2065,3,22.19
"Sydney",-33.87,151.21,-33.5,150.625,2065,4,19.26
"Sydney",-33.87,151.21,-33.5,150.625,2065,5,17.98
"Sydney",-33.87,151.21,-33.5,150.625,2065,6,14.85
"Sydney",-33.87,151.21,-33.5,150.625,2065,7,14.2
"Sydney",-33.87,151.21,-33.5,150.625,2065,8,14.62
"Sydney",-33.87,151.21,-33.5,150.625,2065,9,16.88
"Sydney",-33.87,151.21,-33.5,150.625,2065,10,18.39
"Sydney",-33.87,151.21,-33.5,150.625,2065,11,21.27
"Sydney",-33.87,151.21,-33.5,150.625,2065,12,23.18
"Sydney",-33.87,151.21,-33.5,150.625,2066,1,23.95
"Sydney",-33.87,151.21,-33.5,150.625,2066,2,23.7
"Sydney",-33.87,151.21,-33.5,150.625,2066,3,21.71
"Sydney",-33.87,151.21,-33.5,150.625,2066,4,20.29
"Sydney",-33.87,151.21,-33.5,150.625,2066,5,16.84
"Sydney",-33.87,151.21,-33.5,150.625,2066,6,16.24
"Sydney",-33.87,151.21,-33.5,150.625,2066,7,15.02
"Sydney",-33.87,151.21,-33.5,150.625,2066,8,14.97
"Sydney",-33.87,151.21,-33.5,150.625,2066,9,15.46
"Sydney",-33.87,151.21,-33.5,150.625,2066,10,17.91
"Sydney",-33.87,151.21,-33.5,150.625,2066,11,20.45
"Sydney",-33.87,151.21,-33.5,150.625,2066,12,21.57
"Sydney",-33.87,151.21,-33.5,150.625,2067,1,23.39
"Sydney",-33.87,151.21,-33.5,150.625,2067,2,23.67
"Sydney",-33.87,151.21,-33.5,150.625,2067,3,21.29
"Sydney",-33.87,151.21,-33.5,150.625,2067,4,18.75
"Sydney",-33.87,151.21,-33.5,150.625,2067,5,16.26
"Sydney",-33.87,151.21,-33.5,150.625,2067,6,14.24
"Sydney",-33.87,151.21,-33.5,150.625,2067,7,12.94
"Sydney",-33.87,151.21,-33.5,150.625,2067,8,13.74
"Sydney",-33.87,151.21,-33.5,150.625,2067,9,16.56
"Sydney",-33.87,151.21,-33.5,150.625,2067,10,18.49
"Sydney",-33.87,151.21,-33.5,150.625,2067,11,20.6
"Sydney",-33.87,151.21,-33.5,150.625,2067,12,21.82
"Sydney",-33.87,151.21,-33.5,150.625,2068,1,23.14
"Sydney",-33.87,151.21,-33.5,150.625,2068,2,23.94
"Sydney",-33.87,151.21,-33.5,150.625,2068,3,21.94
"Sydney",-33.87,151.21,-33.5,150.625,2068,4,19.86
"Sydney",-33.87,151.21,-33.5,150.625,2068,5,17.28
"Sydney",-33.87,151.21,-33.5,150.625,2068,6,16.13
"Sydney",-33.87,151.21,-33.5,150.625,2068,7,13.94
"Sydney",-33.87,151.21,-33.5,150.625,2068,8,14.47
"Sydney",-33.87,151.21,-33.5,150.625,2068,9,16.85
"Sydney",-33.87,151.21,-33.5,150.625,2068,10,20.21
"Sydney",-33.87,151.21,-33.5,150.625,2068,11,19.98
"Sydney",-33.87,151.21,-33.5,150.625,2068,12,22.9
"Sydney",-33.87,151.21,-33.5,150.625,2069,1,23.58
"Sydney",-33.87,151.21,-33.5,150.625,2069,2,24.51
"Sydney",-33.87,151.21,-33.5,150.625,2069,3,22.34
"Sydney",-33.87,151.21,-33.5,150.625,2069,4,21.01
"Sydney",-33.87,151.21,-33.5,150.625,2069,5,17.66
"Sydney",-33.87,151.21,-33.5,150.625,2069,6,15.13
"Sydney",-33.87,151.21,-33.5,150.625,2069,7,14.24
"Sydney",-33.87,151.21,-33.5,150.625,2069,8,14.73
"Sydney",-33.87,151.21,-33.5,150.625,2069,9,17.46
"Sydney",-33.87,151.21,-33.5,150.625,2069,10,19.76
"Sydney",-33.87,151.21,-33.5,150.625,2069,11,20.46
"Sydney",-33.87,151.21,-33.5,150.625,2069,12,22.9
"Sydney",-33.87,151.21,-33.5,150.625,2070,1,23.97
"Sydney",-33.87,151.21,-33.5,150.625,2070,2,25.86
"Sydney",-33.87,151.21,-33.5,150.625,2070,3,22.43
"Sydney",-33.87,151.21,-33.5,150.625,2070,4,21.31
"Sydney",-33.87,151.21,-33.5,150.625,2070,5,18.39
"Sydney",-33.87,151.21,-33.5,150.625,2070,6,15.67
"Sydney",-33.87,151.21,-33.5,150.625,2070,7,14.01
"Sydney",-33.87,151.21,-33.5,150.625,2070,8,14.51
"Sydney",-33.87,151.21,-33.5,150.625,2070,9,15.54
"Sydney",-33.87,151.21,-33.5,150.625,2070,10,19.06
"Sydney",-33.87,151.21,-33.5,150.625,2070,11,20.12
"Sydney",-33.87,151.21,-33.5,150.625,2070,12,22.1
"Sydney",-33.87,151.21,-33.5,150.625,2071,1,22.32
"Sydney",-33.87,151.21,-33.5,150.625,2071,2,22.43
"Sydney",-33.87,151.21,-33.5,150.625,2071,3,22.03
"Sydney",-33.87,151.21,-33.5,150.625,2071,4,20.68
"Sydney",-33.87,151.21,-33.5,150.625,2071,5,18.53
"Sydney",-33.87,151.21,-33.5,150.625,2071,6,15.1
"Sydney",-33.87,151.21,-33.5,150.625,2071,7,13.08
"Sydney",-33.87,151.21,-33.5,150.625,2071,8,14.51
"Sydney",-33.87,151.21,-33.5,150.625,2071,9,16.1
"Sydney",-33.87,151.21,-33.5,150.625,2071,10,18
"Sydney",-33.87,151.21,-33.5,150.625,2071,11,20.5
"Sydney",-33.87,151.21,-33.5,150.625,2071,12,22.84
"Sydney",-33.87,151.21,-33.5,150.625,2072,1,23.11
"Sydney",-33.87,151.21,-33.5,150.625,2072,2,24.33
"Sydney",-33.87,151.21,-33.5,150.625,2072,3,23.96
"Sydney",-33.87,151.21,-33.5,150.625,2072,4,18.95
"Sydney",-33.87,151.21,-33.5,150.625,2072,5,17.94
"Sydney",-33.87,151.21,-33.5,150.625,2072,6,14.64
"Sydney",-33.87,151.21,-33.5,150.625,2072,7,14.86
"Sydney",-33.87,151.21,-33.5,150.625,2072,8,14.59
"Sydney",-33.87,151.21,-33.5,150.625,2072,9,16.15
"Sydney",-33.87,151.21,-33.5,150.625,2072,10,20.08
"Sydney",-33.87,151.21,-33.5,150.625,2072,11,21.28
"Sydney",-33.87,151.21,-33.5,150.625,2072,12,23.57
"Sydney",-33.87,151.21,-33.5,150.625,2073,1,23.87
"Sydney",-33.87,151.21,-33.5,150.625,2073,2,24.06
"Sydney",-33.87,151.21,-33.5,150.625,2073,3,22.53
"Sydney",-33.87,151.21,-33.5,150.625,2073,4,21.19
"Sydney",-33.87,151.21,-33.5,150.625,2073,5,17.77
"Sydney",-33.87,151.21,-33.5,150.625,2073,6,16.87
"Sydney",-33.87,151.21,-33.5,150.625,2073,7,14.29
"Sydney",-33.87,151.21,-33.5,150.625,2073,8,14.9
"Sydney",-33.87,151.21,-33.5,150.625,2073,9,17.09
"Sydney",-33.87,151.21,-33.5,150.625,2073,10,18.97
"Sydney",-33.87,151.21,-33.5,150.625,2073,11,19.46
"Sydney",-33.87,151.21,-33.5,150.625,2073,12,21.11
"Sydney",-33.87,151.21,-33.5,150.625,2074,1,24.53
"Sydney",-33.87,151.21,-33.5,150.625,2074,2,25.75
"Sydney",-33.87,151.21,-33.5,150.625,2074,3,22.8
"Sydney",-33.87,151.21,-33.5,150.625,2074,4,19.67
"Sydney",-33.87,151.21,-33.5,150.625,2074,5,17.77
"Sydney",-33.87,151.21,-33.5,150.625,2074,6,14.08
"Sydney",-33.87,151.21,-33.5,150.625,2074,7,14.38
"Sydney",-33.87,151.21,-33.5,150.625,2074,8,14.53
"Sydney",-33.87,151.21,-33.5,150.625,2074,9,15.7
"Sydney",-33.87,151.21,-33.5,150.625,2074,10,18.66
"Sydney",-33.87,151.21,-33.5,150.625,2074,11,20.9
"Sydney",-33.87,151.21,-33.5,150.625,2074,12,22.23
"Sydney",-33.87,151.21,-33.5,150.625,2075,1,23.6
"Sydney",-33.87,151.21,-33.5,150.625,2075,2,23.62
"Sydney",-33.87,151.21,-33.5,150.625,2075,3,22.94
"Sydney",-33.87,151.21,-33.5,150.625,2075,4,20.28
"Sydney",-33.87,151.21,-33.5,150.625,2075,5,17.78
"Sydney",-33.87,151.21,-33.5,150.625,2075,6,15.13
"Sydney",-33.87,151.21,-33.5,150.625,2075,7,13.78
"Sydney",-33.87,151.21,-33.5,150.625,2075,8,15.19
"Sydney",-33.87,151.21,-33.5,150.625,2075,9,16.95
"Sydney",-33.87,151.21,-33.5,150.625,2075,10,19.42
"Sydney",-33.87,151.21,-33.5,150.625,2075,11,22.7
"Sydney",-33.87,151.21,-33.5,150.625,2075,12,24.27
"Sydney",-33.87,151.21,-33.5,150.625,2076,1,26.32
"Sydney",-33.87,151.21,-33.5,150.625,2076,2,24.62
"Sydney",-33.87,151.21,-33.5,150.625,2076,3,22.77
"Sydney",-33.87,151.21,-33.5,150.625,2076,4,21.47
"Sydney",-33.87,151.21,-33.5,150.625,2076,5,18.12
"Sydney",-33.87,151.21,-33.5,150.625,2076,6,14.7
"Sydney",-33.87,151.21,-33.5,150.625,2076,7,14.44
"Sydney",-33.87,151.21,-33.5,150.625,2076,8,13.57
"Sydney",-33.87,151.21,-33.5,150.625,2076,9,16.48
"Sydney",-33.87,151.21,-33.5,150.625,2076,10,18.75
"Sydney",-33.87,151.21,-33.5,150.625,2076,11,19.72
"Sydney",-33.87,151.21,-33.5,150.625,2076,12,22.84
"Sydney",-33.87,151.21,-33.5,150.625,2077,1,23.56
"Sydney",-33.87,151.21,-33.5,150.625,2077,2,24.16
"Sydney",-33.87,151.21,-33.5,150.625,2077,3,22.26
"Sydney",-33.87,151.21,-33.5,150.625,2077,4,18.85
"Sydney",-33.87,151.21,-33.5,150.625,2077,5,16.27
"Sydney",-33.87,151.21,-33.5,150.625,2077,6,14.72
"Sydney",-33.87,151.21,-33.5,150.625,2077,7,13.45
"Sydney",-33.87,151.21,-33.5,150.625,2077,8,14.18
"Sydney",-33.87,151.21,-33.5,150.625,2077,9,16.41
"Sydney",-33.87,151.21,-33.5,150.625,2077,10,19.71
"Sydney",-33.87,151.21,-33.5,150.625,2077,11,22.09
"Sydney",-33.87,151.21,-33.5,150.625,2077,12,23.53
"Sydney",-33.87,151.21,-33.5,150.625,2078,1,23.5
"Sydney",-33.87,151.21,-33.5,150.625,2078,2,22.76
"Sydney",-33.87,151.21,-33.5,150.625,2078,3,22.82
"Sydney",-33.87,151.21,-33.5,150.625,2078,4,20.09
"Sydney",-33.87,151.21,-33.5,150.625,2078,5,17.83
"Sydney",-33.87,151.21,-33.5,150.625,2078,6,15.29
"Sydney",-33.87,151.21,-33.5,150.625,2078,7,15.31
"Sydney",-33.87,151.21,-33.5,150.625,2078,8,14.54
"Sydney",-33.87,151.21,-33.5,150.625,2078,9,16.18
"Sydney",-33.87,151.21,-33.5,150.625,2078,10,19.35
"Sydney",-33.87,151.21,-33.5,150.625,2078,11,21.61
"Sydney",-33.87,151.21,-33.5,150.625,2078,12,21.75
"Sydney",-33.87,151.21,-33.5,150.625,2079,1,24.42
"Sydney",-33.87,151.21,-33.5,150.625,2079,2,22.98
"Sydney",-33.87,151.21,-33.5,150.625,2079,3,21.92
"Sydney",-33.87,151.21,-33.5,150.625,2079,4,20.81
"Sydney",-33.87,151.21,-33.5,150.625,2079,5,18.07
"Sydney",-33.87,151.21,-33.5,150.625,2079,6,15.87
"Sydney",-33.87,151.21,-33.5,150.625,2079,7,15.05
"Sydney",-33.87,151.21,-33.5,150.625,2079,8,15.3
"Sydney",-33.87,151.21,-33.5,150.625,2079,9,16.43
"Sydney",-33.87,151.21,-33.5,150.625,2079,10,19.23
"Sydney",-33.87,151.21,-33.5,150.625,2079,11,21.43
"Sydney",-33.87,151.21,-33.5,150.625,2079,12,22.81
"Sydney",-33.87,151.21,-33.5,150.625,2080,1,24.4
"Sydney",-33.87,151.21,-33.5,150.625,2080,2,23.2
"Sydney",-33.87,151.21,-33.5,150.625,2080,3,22.75
"Sydney",-33.87,151.21,-33.5,150.625,2080,4,20.54
"Sydney",-33.87,151.21,-33.5,150.625,2080,5,18.61
"Sydney",-33.87,151.21,-33.5,150.625,2080,6,15
"Sydney",-33.87,151.21,-33.5,150.625,2080,7,13.97
"Sydney",-33.87,151.21,-33.5,150.625,2080,8,14.18
"Sydney",-33.87,151.21,-33.5,150.625,2080,9,16.12
"Sydney",-33.87,151.21,-33.5,150.625,2080,10,18.11
"Sydney",-33.87,151.21,-33.5,150.625,2080,11,21.36
"Sydney",-33.87,151.21,-33.5,150.625,2080,12,24.53
"Sydney",-33.87,151.21,-33.5,150.625,2081,1,24.2
"Sydney",-33.87,151.21,-33.5,150.625,2081,2,24.72
"Sydney",-33.87,151.21,-33.5,150.625,2081,3,23.38
"Sydney",-33.87,151.21,-33.5,150.625,2081,4,20.58
"Sydney",-33.87,151.21,-33.5,150.625,2081,5,17.87
"Sydney",-33.87,151.21,-33.5,150.625,2081,6,14.28
"Sydney",-33.87,151.21,-33.5,150.625,2081,7,14.58
"Sydney",-33.87,151.21,-33.5,150.625,2081,8,14.13
"Sydney",-33.87,151.21,-33.5,150.625,2081,9,16.87
"Sydney",-33.87,151.21,-33.5,150.625,2081,10,19.94
"Sydney",-33.87,151.21,-33.5,150.625,2081,11,21.63
"Sydney",-33.87,151.21,-33.5,150.625,2081,12,22.2
"Sydney",-33.87,151.21,-33.5,150.625,2082,1,25.16
"Sydney",-33.87,151.21,-33.5,150.625,2082,2,24.29
"Sydney",-33.87,151.21,-33.5,150.625,2082,3,22.48
"Sydney",-33.87,151.21,-33.5,150.625,2082,4,20.31
"Sydney",-33.87,151.21,-33.5,150.625,2082,5,16.85
"Sydney",-33.87,151.21,-33.5,150.625,2082,6,15.21
"Sydney",-33.87,151.21,-33.5,150.625,2082,7,14.52
"Sydney",-33.87,151.21,-33.5,150.625,2082,8,15.67
"Sydney",-33.87,151.21,-33.5,150.625,2082,9,16.73
"Sydney",-33.87,151.21,-33.5,150.625,2082,10,18.6
"Sydney",-33.87,151.21,-33.5,150.625,2082,11,20.04
"Sydney",-33.87,151.21,-33.5,150.625,2082,12,22.34
"Sydney",-33.87,151.21,-33.5,150.625,2083,1,23.62
"Sydney",-33.87,151.21,-33.5,150.625,2083,2,22.98
"Sydney",-33.87,151.21,-33.5,150.625,2083,3,23.01
"Sydney",-33.87,151.21,-33.5,150.625,2083,4,20.76
"Sydney",-33.87,151.21,-33.5,150.625,2083,5,17.99
"Sydney",-33.87,151.21,-33.5,150.625,2083,6,16.1
"Sydney",-33.87,151.21,-33.5,150.625,2083,7,14.64
"Sydney",-33.87,151.21,-33.5,150.625,2083,8,15
"Sydney",-33.87,151.21,-33.5,150.625,2083,9,16.86
"Sydney",-33.87,151.21,-33.5,150.625,2083,10,19.85
"Sydney",-33.87,151.21,-33.5,150.625,2083,11,22.02
"Sydney",-33.87,151.21,-33.5,150.625,2083,12,21.3
"Sydney",-33.87,151.21,-33.5,150.625,2084,1,23.49
"Sydney",-33.87,151.21,-33.5,150.625,2084,2,24.03
"Sydney",-33.87,151.21,-33.5,150.625,2084,3,22.46
"Sydney",-33.87,151.21,-33.5,150.625,2084,4,21.4
"Sydney",-33.87,151.21,-33.5,150.625,2084,5,17.12
"Sydney",-33.87,151.21,-33.5,150.625,2084,6,15.35
"Sydney",-33.87,151.21,-33.5,150.625,2084,7,14.46
"Sydney",-33.87,151.21,-33.5,150.625,2084,8,15.23
"Sydney",-33.87,151.21,-33.5,150.625,2084,9,16.89
"Sydney",-33.87,151.21,-33.5,150.625,2084,10,19.98
"Sydney",-33.87,151.21,-33.5,150.625,2084,11,22.48
"Sydney",-33.87,151.21,-33.5,150.625,2084,12,23.12
"Sydney",-33.87,151.21,-33.5,150.625,2085,1,26.23
"Sydney",-33.87,151.21,-33.5,150.625,2085,2,27.15
"Sydney",-33.87,151.21,-33.5,150.625,2085,3,24.14
"Sydney",-33.87,151.21,-33.5,150.625,2085,4,22.84
"Sydney",-33.87,151.21,-33.5,150.625,2085,5,18
"Sydney",-33.87,151.21,-33.5,150.625,2085,6,16.7
"Sydney",-33.87,151.21,-33.5,150.625,2085,7,15.8
"Sydney",-33.87,151.21,-33.5,150.625,2085,8,14.97
"Sydney",-33.87,151.21,-33.5,150.625,2085,9,17.71
"Sydney",-33.87,151.21,-33.5,150.625,2085,10,20.44
"Sydney",-33.87,151.21,-33.5,150.625,2085,11,22.76
"Sydney",-33.87,151.21,-33.5,150.625,2085,12,23.08
"Sydney",-33.87,151.21,-33.5,150.625,2086,1,23.98
"Sydney",-33.87,151.21,-33.5,150.625,2086,2,28.33
"Sydney",-33.87,151.21,-33.5,150.625,2086,3,25.3
"Sydney",-33.87,151.21,-33.5,150.625,2086,4,22.21
"Sydney",-33.87,151.21,-33.5,150.625,2086,5,18.72
"Sydney",-33.87,151.21,-33.5,150.625,2086,6,16.1
"Sydney",-33.87,151.21,-33.5,150.625,2086,7,15.38
"Sydney",-33.87,151.21,-33.5,150.625,2086,8,16.38
"Sydney",-33.87,151.21,-33.5,150.625,2086,9,16.93
"Sydney",-33.87,151.21,-33.5,150.625,2086,10,17.76
"Sydney",-33.87,151.21,-33.5,150.625,2086,11,20.9
"Sydney",-33.87,151.21,-33.5,150.625,2086,12,22.95
"Sydney",-33.87,151.21,-33.5,150.625,2087,1,24.22
"Sydney",-33.87,151.21,-33.5,150.625,2087,2,26.02
"Sydney",-33.87,151.21,-33.5,150.625,2087,3,23.23
"Sydney",-33.87,151.21,-33.5,150.625,2087,4,21.99
"Sydney",-33.87,151.21,-33.5,150.625,2087,5,17.92
"Sydney",-33.87,151.21,-33.5,150.625,2087,6,15.64
"Sydney",-33.87,151.21,-33.5,150.625,2087,7,14.61
"Sydney",-33.87,151.21,-33.5,150.625,2087,8,15.16
"Sydney",-33.87,151.21,-33.5,150.625,2087,9,17.52
"Sydney",-33.87,151.21,-33.5,150.625,2087,10,19.91
"Sydney",-33.87,151.21,-33.5,150.625,2087,11,21.18
"Sydney",-33.87,151.21,-33.5,150.625,2087,12,24.06
"Sydney",-33.87,151.21,-33.5,150.625,2088,1,24.53
"Sydney",-33.87,151.21,-33.5,150.625,2088,2,25.61
"Sydney",-33.87,151.21,-33.5,150.625,2088,3,22.53
"Sydney",-33.87,151.21,-33.5,150.625,2088,4,20.9
"Sydney",-33.87,151.21,-33.5,150.625,2088,5,18.56
"Sydney",-33.87,151.21,-33.5,150.625,2088,6,16.46
"Sydney",-33.87,151.21,-33.5,150.625,2088,7,15.88
"Sydney",-33.87,151.21,-33.5,150.625,2088,8,15.67
"Sydney",-33.87,151.21,-33.5,150.625,2088,9,17.32
"Sydney",-33.87,151.21,-33.5,150.625,2088,10,20.2
"Sydney",-33.87,151.21,-33.5,150.625,2088,11,21.96
"Sydney",-33.87,151.21,-33.5,150.625,2088,12,22
"Sydney",-33.87,151.21,-33.5,150.625,2089,1,23.81
"Sydney",-33.87,151.21,-33.5,150.625,2089,2,24.62
"Sydney",-33.87,151.21,-33.5,150.625,2089,3,23
"Sydney",-33.87,151.21,-33.5,150.625,2089,4,20.79
"Sydney",-33.87,151.21,-33.5,150.625,2089,5,17.49
"Sydney",-33.87,151.21,-33.5,150.625,2089,6,15.93
"Sydney",-33.87,151.21,-33.5,150.625,2089,7,14.84
"Sydney",-33.87,151.21,-33.5,150.625,2089,8,16.51
"Sydney",-33.87,151.21,-33.5,150.625,2089,9,18.25
"Sydney",-33.87,151.21,-33.5,150.625,2089,10,20.94
"Sydney",-33.87,151.21,-33.5,150.625,2089,11,21.1
"Sydney",-33.87,151.21,-33.5,150.625,2089,12,22.83
"Sydney",-33.87,151.21,-33.5,150.625,2090,1,25.44
"Sydney",-33.87,151.21,-33.5,150.625,2090,2,24.44
"Sydney",-33.87,151.21,-33.5,150.625,2090,3,22.91
"Sydney",-33.87,151.21,-33.5,150.625,2090,4,20.96
"Sydney",-33.87,151.21,-33.5,150.625,2090,5,18.63
"Sydney",-33.87,151.21,-33.5,150.625,2090,6,15.88
"Sydney",-33.87,151.21,-33.5,150.625,2090,7,15.54
"Sydney",-33.87,151.21,-33.5,150.625,2090,8,15.63
"Sydney",-33.87,151.21,-33.5,150.625,2090,9,16.48
"Sydney",-33.87,151.21,-33.5,150.625,2090,10,19.89
"Sydney",-33.87,151.21,-33.5,150.625,2090,11,23.04
"Sydney",-33.87,151.21,-33.5,150.625,2090,12,22.49
"Sydney",-33.87,151.21,-33.5,150.625,2091,1,23.64
"Sydney",-33.87,151.21,-33.5,150.625,2091,2,25.93
"Sydney",-33.87,151.21,-33.5,150.625,2091,3,23.21
"Sydney",-33.87,151.21,-33.5,150.625,2091,4,20.79
"Sydney",-33.87,151.21,-33.5,150.625,2091,5,18.02
"Sydney",-33.87,151.21,-33.5,150.625,2091,6,15.9
"Sydney",-33.87,151.21,-33.5,150.625,2091,7,15.52
"Sydney",-33.87,151.21,-33.5,150.625,2091,8,15.53
"Sydney",-33.87,151.21,-33.5,150.625,2091,9,18.32
"Sydney",-33.87,151.21,-33.5,150.625,2091,10,20.13
"Sydney",-33.87,151.21,-33.5,150.625,2091,11,20.83
"Sydney",-33.87,151.21,-33.5,150.625,2091,12,23.54
"Sydney",-33.87,151.21,-33.5,150.625,2092,1,24.27
"Sydney",-33.87,151.21,-33.5,150.625,2092,2,24.53
"Sydney",-33.87,151.21,-33.5,150.625,2092,3,22.66
"Sydney",-33.87,151.21,-33.5,150.625,2092,4,21.1
"Sydney",-33.87,151.21,-33.5,150.625,2092,5,18.74
"Sydney",-33.87,151.21,-33.5,150.625,2092,6,16.49
"Sydney",-33.87,151.21,-33.5,150.625,2092,7,15.31
"Sydney",-33.87,151.21,-33.5,150.625,2092,8,15.51
"Sydney",-33.87,151.21,-33.5,150.625,2092,9,16.13
"Sydney",-33.87,151.21,-33.5,150.625,2092,10,20.89
"Sydney",-33.87,151.21,-33.5,150.625,2092,11,24.47
"Sydney",-33.87,151.21,-33.5,150.625,2092,12,22.8
"Sydney",-33.87,151.21,-33.5,150.625,2093,1,24.32
"Sydney",-33.87,151.21,-33.5,150.625,2093,2,24.56
"Sydney",-33.87,151.21,-33.5,150.625,2093,3,22.85
"Sydney",-33.87,151.21,-33.5,150.625,2093,4,21
"Sydney",-33.87,151.21,-33.5,150.625,2093,5,17.09
"Sydney",-33.87,151.21,-33.5,150.625,2093,6,14.73
"Sydney",-33.87,151.21,-33.5,150.625,2093,7,15.07
"Sydney",-33.87,151.21,-33.5,150.625,2093,8,15.29
"Sydney",-33.87,151.21,-33.5,150.625,2093,9,16.87
"Sydney",-33.87,151.21,-33.5,150.625,2093,10,19.34
"Sydney",-33.87,151.21,-33.5,150.625,2093,11,21.36
"Sydney",-33.87,151.21,-33.5,150.625,2093,12,21.93
"Sydney",-33.87,151.21,-33.5,150.625,2094,1,24.09
"Sydney",-33.87,151.21,-33.5,150.625,2094,2,24.42
"Sydney",-33.87,151.21,-33.5,150.625,2094,3,22.7
"Sydney",-33.87,151.21,-33.5,150.625,2094,4,20.74
"Sydney",-33.87,151.21,-33.5,150.625,2094,5,18.28
"Sydney",-33.87,151.21,-33.5,150.625,2094,6,15.61
"Sydney",-33.87,151.21,-33.5,150.625,2094,7,15.05
"Sydney",-33.87,151.21,-33.5,150.625,2094,8,16.84
"Sydney",-33.87,151.21,-33.5,150.625,2094,9,17.76
"Sydney",-33.87,151.21,-33.5,150.625,2094,10,20.53
"Sydney",-33.87,151.21,-33.5,150.625,2094,11,23.21
"Sydney",-33.87,151.21,-33.5,150.625,2094,12,24.65
"Sydney",-33.87,151.21,-33.5,150.625,2095,1,26.62
"Sydney",-33.87,151.21,-33.5,150.625,2095,2,25.92
"Sydney",-33.87,151.21,-33.5,150.625,2095,3,22.92
"Sydney",-33.87,151.21,-33.5,150.625,2095,4,21.18
"Sydney",-33.87,151.21,-33.5,150.625,2095,5,19.9
"Sydney",-33.87,151.21,-33.5,150.625,2095,6,17.09
"Sydney",-33.87,151.21,-33.5,150.625,2095,7,15.52
"Sydney",-33.87,151.21,-33.5,150.625,2095,8,15.65
"Sydney",-33.87,151.21,-33.5,150.625,2095,9,17.23
"Sydney",-33.87,151.21,-33.5,150.625,2095,10,19.73
"Sydney",-33.87,151.21,-33.5,150.625,2095,11,22.59
"Sydney",-33.87,151.21,-33.5,150.625,2095,12,23.58
"Sydney",-33.87,151.21,-33.5,150.625,2096,1,25.53
"Sydney",-33.87,151.21,-33.5,150.625,2096,2,25.55
"Sydney",-33.87,151.21,-33.5,150.625,2096,3,23.6
"Sydney",-33.87,151.21,-33.5,150.625,2096,4,22.27
"Sydney",-33.87,151.21,-33.5,150.625,2096,5,18.55
"Sydney",-33.87,151.21,-33.5,150.625,2096,6,16.84
"Sydney",-33.87,151.21,-33.5,150.625,2096,7,15.38
"Sydney",-33.87,151.21,-33.5,150.625,2096,8,15.92
"Sydney",-33.87,151.21,-33.5,150.625,2096,9,16.71
"Sydney",-33.87,151.21,-33.5,150.625,2096,10,18.94
"Sydney",-33.87,151.21,-33.5,150.625,2096,11,23.52
"Sydney",-33.87,151.21,-33.5,150.625,2096,12,23.58
"Sydney",-33.87,151.21,-33.5,150.625,2097,1,24.35
"Sydney",-33.87,151.21,-33.5,150.625,2097,2,24.53
"Sydney",-33.87,151.21,-33.5,150.625,2097,3,22.65
"Sydney",-33.87,151.21,-33.5,150.625,2097,4,20.83
"Sydney",-33.87,151.21,-33.5,150.625,2097,5,18.22
"Sydney",-33.87,151.21,-33.5,150.625,2097,6,16.38
"Sydney",-33.87,151.21,-33.5,150.625,2097,7,16.33
"Sydney",-33.87,151.21,-33.5,150.625,2097,8,16
"Sydney",-33.87,151.21,-33.5,150.625,2097,9,20.02
"Sydney",-33.87,151.21,-33.5,150.625,2097,10,19.62
"Sydney",-33.87,151.21,-33.5,150.625,2097,11,21.09
"Sydney",-33.87,151.21,-33.5,150.625,2097,12,24.67
"Sydney",-33.87,151.21,-33.5,150.625,2098,1,25
"Sydney",-33.87,151.21,-33.5,150.625,2098,2,25
"Sydney",-33.87,151.21,-33.5,150.625,2098,3,24.89
"Sydney",-33.87,151.21,-33.5,150.625,2098,4,21.54
"Sydney",-33.87,151.21,-33.5,150.625,2098,5,18.27
"Sydney",-33.87,151.21,-33.5,150.625,2098,6,16.34
"Sydney",-33.87,151.21,-33.5,150.625,2098,7,16.63
"Sydney",-33.87,151.21,-33.5,150.625,2098,8,15.75
"Sydney",-33.87,151.21,-33.5,150.625,2098,9,17.15
"Sydney",-33.87,151.21,-33.5,150.625,2098,10,20.55
"Sydney",-33.87,151.21,-33.5,150.625,2098,11,23.06
"Sydney",-33.87,151.21,-33.5,150.625,2098,12,22.82
"Sydney",-33.87,151.21,-33.5,150.625,2099,1,25.59
"Sydney",-33.87,151.21,-33.5,150.625,2099,2,24.82
"Sydney",-33.87,151.21,-33.5,150.625,2099,3,23.62
"Sydney",-33.87,151.21,-33.5,150.625,2099,4,20.94
"Sydney",-33.87,151.21,-33.5,150.625,2099,5,19.23
"Sydney",-33.87,151.21,-33.5,150.625,2099,6,16.88
"Sydney",-33.87,151.21,-33.5,150.625,2099,7,15.28
"Sydney",-33.87,151.21,-33.5,150.625,2099,8,15.37
"Sydney",-33.87,151.21,-33.5,150.625,2099,9,17.85
"Sydney",-33.87,151.21,-33.5,150.625,2099,10,19.43
"Sydney",-33.87,151.21,-33.5,150.625,2099,11,22.13
"Sydney",-33.87,151.21,-33.5,150.625,2099,12,23.42
"Sydney",-33.87,151.21,-33.5,150.625,2100,1,23.66
"Sydney",-33.87,151.21,-33.5,150.625,2100,2,25.52
"Sydney",-33.87,151.21,-33.5,150.625,2100,3,24.19
"Sydney",-33.87,151.21,-33.5,150.625,2100,4,20.4
"Sydney",-33.87,151.21,-33.5,150.625,2100,5,17.83
"Sydney",-33.87,151.21,-33.5,150.625,2100,6,15.93
"Sydney",-33.87,151.21,-33.5,150.625,2100,7,16.58
"Sydney",-33.87,151.21,-33.5,150.625,2100,8,16.48
"Sydney",-33.87,151.21,-33.5,150.625,2100,9,19.03
"Sydney",-33.87,151.21,-33.5,150.625,2100,10,21.29
"Sydney",-33.87,151.21,-33.5,150.625,2100,11,23.16
"Sydney",-33.87,151.21,-33.5,150.625,2100,12,24.78
"Singapore",1.35,103.82,1.5,104.375,2015,1,26.15
"Singapore",1.35,103.82,1.5,104.375,2015,2,25.98
"Singapore",1.35,103.82,1.5,104.375,2015,3,26.67
"Singapore",1.35,103.82,1.5,104.375,2015,4,26.91
"Singapore",1.35,103.82,1.5,104.375,2015,5,27.5
"Singapore",1.35,103.82,1.5,104.375,2015,6,27.87
"Singapore",1.35,103.82,1.5,104.375,2015,7,28.04
"Singapore",1.35,103.82,1.5,104.375,2015,8,28.19
"Singapore",1.35,103.82,1.5,104.375,2015,9,27.71
"Singapore",1.35,103.82,1.5,104.375,2015,10,26.75
"Singapore",1.35,103.82,1.5,104.375,2015,11,27.12
"Singapore",1.35,103.82,1.5,104.375,2015,12,26.34
"Singapore",1.35,103.82,1.5,104.375,2016,1,26.21
"Singapore",1.35,103.82,1.5,104.375,2016,2,25.99
"Singapore",1.35,103.82,1.5,104.375,2016,3,26.27
"Singapore",1.35,103.82,1.5,104.375,2016,4,27.08
"Singapore",1.35,103.82,1.5,104.375,2016,5,27.21
"Singapore",1.35,103.82,1.5,104.375,2016,6,27.69
"Singapore",1.35,103.82,1.5,104.375,2016,7,27.71
"Singapore",1.35,103.82,1.5,104.375,2016,8,28.4
"Singapore",1.35,103.82,1.5,104.375,2016,9,27.26
"Singapore",1.35,103.82,1.5,104.375,2016,10,27.27
"Singapore",1.35,103.82,1.5,104.375,2016,11,26.56
"Singapore",1.35,103.82,1.5,104.375,2016,12,26.04
"Singapore",1.35,103.82,1.5,104.375,2017,1,26.48
"Singapore",1.35,103.82,1.5,104.375,2017,2,26.3
"Singapore",1.35,103.82,1.5,104.375,2017,3,26.67
"Singapore",1.35,103.82,1.5,104.375,2017,4,27.19
"Singapore",1.35,103.82,1.5,104.375,2017,5,27.61
"Singapore",1.35,103.82,1.5,104.375,2017,6,28.56
"Singapore",1.35,103.82,1.5,104.375,2017,7,28.25
"Singapore",1.35,103.82,1.5,104.375,2017,8,28.41
"Singapore",1.35,103.82,1.5,104.375,2017,9,27.66
"Singapore",1.35,103.82,1.5,104.375,2017,10,26.99
"Singapore",1.35,103.82,1.5,104.375,2017,11,27.31
"Singapore",1.35,103.82,1.5,104.375,2017,12,26.71
"Singapore",1.35,103.82,1.5,104.375,2018,1,27.06
"Singapore",1.35,103.82,1.5,104.375,2018,2,26.98
"Singapore",1.35,103.82,1.5,104.375,2018,3,27.28
"Singapore",1.35,103.82,1.5,104.375,2018,4,27.9
"Singapore",1.35,103.82,1.5,104.375,2018,5,28.2
"Singapore",1.35,103.82,1.5,104.375,2018,6,28.57
"Singapore",1.35,103.82,1.5,104.375,2018,7,28.15
"Singapore",1.35,103.82,1.5,104.375,2018,8,28.12
"Singapore",1.35,103.82,1.5,104.375,2018,9,28.19
"Singapore",1.35,103.82,1.5,104.375,2018,10,27.69
"Singapore",1.35,103.82,1.5,104.375,2018,11,27.4
"Singapore",1.35,103.82,1.5,104.375,2018,12,26.47
"Singapore",1.35,103.82,1.5,104.375,2019,1,26.02
"Singapore",1.35,103.82,1.5,104.375,2019,2,26.05
"Singapore",1.35,103.82,1.5,104.375,2019,3,26.41
"Singapore",1.35,103.82,1.5,104.375,2019,4,26.81
"Singapore",1.35,103.82,1.5,104.375,2019,5,27.08
"Singapore",1.35,103.82,1.5,104.375,2019,6,27.95
"Singapore",1.35,103.82,1.5,104.375,2019,7,27.76
"Singapore",1.35,103.82,1.5,104.375,2019,8,27.34
"Singapore",1.35,103.82,1.5,104.375,2019,9,27.77
"Singapore",1.35,103.82,1.5,104.375,2019,10,26.8
"Singapore",1.35,103.82,1.5,104.375,2019,11,27.2
"Singapore",1.35,103.82,1.5,104.375,2019,12,26.82
"Singapore",1.35,103.82,1.5,104.375,2020,1,26.1
"Singapore",1.35,103.82,1.5,104.375,2020,2,25.73
"Singapore",1.35,103.82,1.5,104.375,2020,3,26.15
"Singapore",1.35,103.82,1.5,104.375,2020,4,26.81
"Singapore",1.35,103.82,1.5,104.375,2020,5,27.37
"Singapore",1.35,103.82,1.5,104.375,2020,6,27.87
"Singapore",1.35,103.82,1.5,104.375,2020,7,28.16
"Singapore",1.35,103.82,1.5,104.375,2020,8,27.98
"Singapore",1.35,103.82,1.5,104.375,2020,9,28.24
"Singapore",1.35,103.82,1.5,104.375,2020,10,27.49
"Singapore",1.35,103.82,1.5,104.375,2020,11,27.87
"Singapore",1.35,103.82,1.5,104.375,2020,12,27.29
"Singapore",1.35,103.82,1.5,104.375,2021,1,27.21
"Singapore",1.35,103.82,1.5,104.375,2021,2,27.3
"Singapore",1.35,103.82,1.5,104.375,2021,3,27.24
"Singapore",1.35,103.82,1.5,104.375,2021,4,27.79
"Singapore",1.35,103.82,1.5,104.375,2021,5,28.26
"Singapore",1.35,103.82,1.5,104.375,2021,6,28.4
"Singapore",1.35,103.82,1.5,104.375,2021,7,28.5
"Singapore",1.35,103.82,1.5,104.375,2021,8,28.65
"Singapore",1.35,103.82,1.5,104.375,2021,9,28.57
"Singapore",1.35,103.82,1.5,104.375,2021,10,27.53
"Singapore",1.35,103.82,1.5,104.375,2021,11,27.47
"Singapore",1.35,103.82,1.5,104.375,2021,12,26.65
"Singapore",1.35,103.82,1.5,104.375,2022,1,26.16
"Singapore",1.35,103.82,1.5,104.375,2022,2,26.38
"Singapore",1.35,103.82,1.5,104.375,2022,3,26.82
"Singapore",1.35,103.82,1.5,104.375,2022,4,27.17
"Singapore",1.35,103.82,1.5,104.375,2022,5,27.21
"Singapore",1.35,103.82,1.5,104.375,2022,6,28.06
"Singapore",1.35,103.82,1.5,104.375,2022,7,28.67
"Singapore",1.35,103.82,1.5,104.375,2022,8,28.25
"Singapore",1.35,103.82,1.5,104.375,2022,9,28.04
"Singapore",1.35,103.82,1.5,104.375,2022,10,27.82
"Singapore",1.35,103.82,1.5,104.375,2022,11,27.25
"Singapore",1.35,103.82,1.5,104.375,2022,12,26.77
"Singapore",1.35,103.82,1.5,104.375,2023,1,26.41
"Singapore",1.35,103.82,1.5,104.375,2023,2,26.3
"Singapore",1.35,103.82,1.5,104.375,2023,3,26.52
"Singapore",1.35,103.82,1.5,104.375,2023,4,27.17
"Singapore",1.35,103.82,1.5,104.375,2023,5,27.54
"Singapore",1.35,103.82,1.5,104.375,2023,6,27.99
"Singapore",1.35,103.82,1.5,104.375,2023,7,28.08
"Singapore",1.35,103.82,1.5,104.375,2023,8,28.24
"Singapore",1.35,103.82,1.5,104.375,2023,9,27.56
"Singapore",1.35,103.82,1.5,104.375,2023,10,27.29
"Singapore",1.35,103.82,1.5,104.375,2023,11,27.01
"Singapore",1.35,103.82,1.5,104.375,2023,12,26.55
"Singapore",1.35,103.82,1.5,104.375,2024,1,25.71
"Singapore",1.35,103.82,1.5,104.375,2024,2,25.63
"Singapore",1.35,103.82,1.5,104.375,2024,3,26.44
"Singapore",1.35,103.82,1.5,104.375,2024,4,27.5
"Singapore",1.35,103.82,1.5,104.375,2024,5,27.9
"Singapore",1.35,103.82,1.5,104.375,2024,6,28.43
"Singapore",1.35,103.82,1.5,104.375,2024,7,28.78
"Singapore",1.35,103.82,1.5,104.375,2024,8,28.44
"Singapore",1.35,103.82,1.5,104.375,2024,9,28.45
"Singapore",1.35,103.82,1.5,104.375,2024,10,27.7
"Singapore",1.35,103.82,1.5,104.375,2024,11,27.56
"Singapore",1.35,103.82,1.5,104.375,2024,12,27.16
"Singapore",1.35,103.82,1.5,104.375,2025,1,26.34
"Singapore",1.35,103.82,1.5,104.375,2025,2,26.08
"Singapore",1.35,103.82,1.5,104.375,2025,3,26.23
"Singapore",1.35,103.82,1.5,104.375,2025,4,27.21
"Singapore",1.35,103.82,1.5,104.375,2025,5,27.57
"Singapore",1.35,103.82,1.5,104.375,2025,6,28.45
"Singapore",1.35,103.82,1.5,104.375,2025,7,28.12
"Singapore",1.35,103.82,1.5,104.375,2025,8,28.07
"Singapore",1.35,103.82,1.5,104.375,2025,9,28.35
"Singapore",1.35,103.82,1.5,104.375,2025,10,27.59
"Singapore",1.35,103.82,1.5,104.375,2025,11,27.32
"Singapore",1.35,103.82,1.5,104.375,2025,12,27.11
"Singapore",1.35,103.82,1.5,104.375,2026,1,27.02
"Singapore",1.35,103.82,1.5,104.375,2026,2,26.21
"Singapore",1.35,103.82,1.5,104.375,2026,3,26.27
"Singapore",1.35,103.82,1.5,104.375,2026,4,27.07
"Singapore",1.35,103.82,1.5,104.375,2026,5,27.56
"Singapore",1.35,103.82,1.5,104.375,2026,6,27.65
"Singapore",1.35,103.82,1.5,104.375,2026,7,28.28
"Singapore",1.35,103.82,1.5,104.375,2026,8,28.17
"Singapore",1.35,103.82,1.5,104.375,2026,9,27.69
"Singapore",1.35,103.82,1.5,104.375,2026,10,27.6
"Singapore",1.35,103.82,1.5,104.375,2026,11,26.79
"Singapore",1.35,103.82,1.5,104.375,2026,12,26.69
"Singapore",1.35,103.82,1.5,104.375,2027,1,26.2
"Singapore",1.35,103.82,1.5,104.375,2027,2,26.04
"Singapore",1.35,103.82,1.5,104.375,2027,3,26.38
"Singapore",1.35,103.82,1.5,104.375,2027,4,27.18
"Singapore",1.35,103.82,1.5,104.375,2027,5,27.81
"Singapore",1.35,103.82,1.5,104.375,2027,6,28.45
"Singapore",1.35,103.82,1.5,104.375,2027,7,28.57
"Singapore",1.35,103.82,1.5,104.375,2027,8,28.35
"Singapore",1.35,103.82,1.5,104.375,2027,9,28.42
"Singapore",1.35,103.82,1.5,104.375,2027,10,27.52
"Singapore",1.35,103.82,1.5,104.375,2027,11,27.47
"Singapore",1.35,103.82,1.5,104.375,2027,12,27.05
"Singapore",1.35,103.82,1.5,104.375,2028,1,26.45
"Singapore",1.35,103.82,1.5,104.375,2028,2,27.14
"Singapore",1.35,103.82,1.5,104.375,2028,3,27.65
"Singapore",1.35,103.82,1.5,104.375,2028,4,28.32
"Singapore",1.35,103.82,1.5,104.375,2028,5,28.42
"Singapore",1.35,103.82,1.5,104.375,2028,6,28.75
"Singapore",1.35,103.82,1.5,104.375,2028,7,28.81
"Singapore",1.35,103.82,1.5,104.375,2028,8,28.93
"Singapore",1.35,103.82,1.5,104.375,2028,9,28.87
"Singapore",1.35,103.82,1.5,104.375,2028,10,27.55
"Singapore",1.35,103.82,1.5,104.375,2028,11,27.3
"Singapore",1.35,103.82,1.5,104.375,2028,12,27.44
"Singapore",1.35,103.82,1.5,104.375,2029,1,26.38
"Singapore",1.35,103.82,1.5,104.375,2029,2,25.62
"Singapore",1.35,103.82,1.5,104.375,2029,3,26.31
"Singapore",1.35,103.82,1.5,104.375,2029,4,26.85
"Singapore",1.35,103.82,1.5,104.375,2029,5,27.5
"Singapore",1.35,103.82,1.5,104.375,2029,6,27.94
"Singapore",1.35,103.82,1.5,104.375,2029,7,27.73
"Singapore",1.35,103.82,1.5,104.375,2029,8,27.56
"Singapore",1.35,103.82,1.5,104.375,2029,9,28.18
"Singapore",1.35,103.82,1.5,104.375,2029,10,27.03
"Singapore",1.35,103.82,1.5,104.375,2029,11,26.72
"Singapore",1.35,103.82,1.5,104.375,2029,12,27.19
"Singapore",1.35,103.82,1.5,104.375,2030,1,26.11
"Singapore",1.35,103.82,1.5,104.375,2030,2,26
"Singapore",1.35,103.82,1.5,104.375,2030,3,26.24
"Singapore",1.35,103.82,1.5,104.375,2030,4,26.78
"Singapore",1.35,103.82,1.5,104.375,2030,5,27.71
"Singapore",1.35,103.82,1.5,104.375,2030,6,28.32
"Singapore",1.35,103.82,1.5,104.375,2030,7,28.05
"Singapore",1.35,103.82,1.5,104.375,2030,8,28.63
"Singapore",1.35,103.82,1.5,104.375,2030,9,27.7
"Singapore",1.35,103.82,1.5,104.375,2030,10,27.43
"Singapore",1.35,103.82,1.5,104.375,2030,11,27.72
"Singapore",1.35,103.82,1.5,104.375,2030,12,27.19
"Singapore",1.35,103.82,1.5,104.375,2031,1,26.82
"Singapore",1.35,103.82,1.5,104.375,2031,2,26.99
"Singapore",1.35,103.82,1.5,104.375,2031,3,27.36
"Singapore",1.35,103.82,1.5,104.375,2031,4,28.36
"Singapore",1.35,103.82,1.5,104.375,2031,5,28.35
"Singapore",1.35,103.82,1.5,104.375,2031,6,28.71
"Singapore",1.35,103.82,1.5,104.375,2031,7,29.06
"Singapore",1.35,103.82,1.5,104.375,2031,8,28.89
"Singapore",1.35,103.82,1.5,104.375,2031,9,28.37
"Singapore",1.35,103.82,1.5,104.375,2031,10,28.32
"Singapore",1.35,103.82,1.5,104.375,2031,11,27.44
"Singapore",1.35,103.82,1.5,104.375,2031,12,27.68
"Singapore",1.35,103.82,1.5,104.375,2032,1,27.08
"Singapore",1.35,103.82,1.5,104.375,2032,2,27.29
"Singapore",1.35,103.82,1.5,104.375,2032,3,27.42
"Singapore",1.35,103.82,1.5,104.375,2032,4,27.58
"Singapore",1.35,103.82,1.5,104.375,2032,5,28.26
"Singapore",1.35,103.82,1.5,104.375,2032,6,28.68
"Singapore",1.35,103.82,1.5,104.375,2032,7,28.4
"Singapore",1.35,103.82,1.5,104.375,2032,8,28.49
"Singapore",1.35,103.82,1.5,104.375,2032,9,28.56
"Singapore",1.35,103.82,1.5,104.375,2032,10,27.59
"Singapore",1.35,103.82,1.5,104.375,2032,11,27.58
"Singapore",1.35,103.82,1.5,104.375,2032,12,26.62
"Singapore",1.35,103.82,1.5,104.375,2033,1,26.21
"Singapore",1.35,103.82,1.5,104.375,2033,2,25.53
"Singapore",1.35,103.82,1.5,104.375,2033,3,26.13
"Singapore",1.35,103.82,1.5,104.375,2033,4,26.64
"Singapore",1.35,103.82,1.5,104.375,2033,5,27.37
"Singapore",1.35,103.82,1.5,104.375,2033,6,27.79
"Singapore",1.35,103.82,1.5,104.375,2033,7,28.35
"Singapore",1.35,103.82,1.5,104.375,2033,8,28.35
"Singapore",1.35,103.82,1.5,104.375,2033,9,28.1
"Singapore",1.35,103.82,1.5,104.375,2033,10,27.43
"Singapore",1.35,103.82,1.5,104.375,2033,11,27.61
"Singapore",1.35,103.82,1.5,104.375,2033,12,27.18
"Singapore",1.35,103.82,1.5,104.375,2034,1,26.43
"Singapore",1.35,103.82,1.5,104.375,2034,2,27.22
"Singapore",1.35,103.82,1.5,104.375,2034,3,27.42
"Singapore",1.35,103.82,1.5,104.375,2034,4,28.02
"Singapore",1.35,103.82,1.5,104.375,2034,5,28.55
"Singapore",1.35,103.82,1.5,104.375,2034,6,29.13
"Singapore",1.35,103.82,1.5,104.375,2034,7,29.17
"Singapore",1.35,103.82,1.5,104.375,2034,8,29.16
"Singapore",1.35,103.82,1.5,104.375,2034,9,28.65
"Singapore",1.35,103.82,1.5,104.375,2034,10,27.78
"Singapore",1.35,103.82,1.5,104.375,2034,11,28.39
"Singapore",1.35,103.82,1.5,104.375,2034,12,27.02
"Singapore",1.35,103.82,1.5,104.375,2035,1,26.63
"Singapore",1.35,103.82,1.5,104.375,2035,2,26.5
"Singapore",1.35,103.82,1.5,104.375,2035,3,26.89
"Singapore",1.35,103.82,1.5,104.375,2035,4,27.64
"Singapore",1.35,103.82,1.5,104.375,2035,5,28.47
"Singapore",1.35,103.82,1.5,104.375,2035,6,28.76
"Singapore",1.35,103.82,1.5,104.375,2035,7,28.38
"Singapore",1.35,103.82,1.5,104.375,2035,8,28.41
"Singapore",1.35,103.82,1.5,104.375,2035,9,28.41
"Singapore",1.35,103.82,1.5,104.375,2035,10,28.17
"Singapore",1.35,103.82,1.5,104.375,2035,11,27.37
"Singapore",1.35,103.82,1.5,104.375,2035,12,26.59
"Singapore",1.35,103.82,1.5,104.375,2036,1,26.76
"Singapore",1.35,103.82,1.5,104.375,2036,2,26.29
"Singapore",1.35,103.82,1.5,104.375,2036,3,26.54
"Singapore",1.35,103.82,1.5,104.375,2036,4,27.55
"Singapore",1.35,103.82,1.5,104.375,2036,5,27.8
"Singapore",1.35,103.82,1.5,104.375,2036,6,28.23
"Singapore",1.35,103.82,1.5,104.375,2036,7,28.6
"Singapore",1.35,103.82,1.5,104.375,2036,8,28.7
"Singapore",1.35,103.82,1.5,104.375,2036,9,28.25
"Singapore",1.35,103.82,1.5,104.375,2036,10,27.62
"Singapore",1.35,103.82,1.5,104.375,2036,11,27.07
"Singapore",1.35,103.82,1.5,104.375,2036,12,26.92
"Singapore",1.35,103.82,1.5,104.375,2037,1,26.52
"Singapore",1.35,103.82,1.5,104.375,2037,2,26.99
"Singapore",1.35,103.82,1.5,104.375,2037,3,27.13
"Singapore",1.35,103.82,1.5,104.375,2037,4,27.86
"Singapore",1.35,103.82,1.5,104.375,2037,5,28.4
"Singapore",1.35,103.82,1.5,104.375,2037,6,28.55
"Singapore",1.35,103.82,1.5,104.375,2037,7,28.6
"Singapore",1.35,103.82,1.5,104.375,2037,8,28.97
"Singapore",1.35,103.82,1.5,104.375,2037,9,28.46
"Singapore",1.35,103.82,1.5,104.375,2037,10,28.08
"Singapore",1.35,103.82,1.5,104.375,2037,11,27.81
"Singapore",1.35,103.82,1.5,104.375,2037,12,27.2
"Singapore",1.35,103.82,1.5,104.375,2038,1,27.22
"Singapore",1.35,103.82,1.5,104.375,2038,2,27.01
"Singapore",1.35,103.82,1.5,104.375,2038,3,27.2
"Singapore",1.35,103.82,1.5,104.375,2038,4,28.19
"Singapore",1.35,103.82,1.5,104.375,2038,5,28.73
"Singapore",1.35,103.82,1.5,104.375,2038,6,29.07
"Singapore",1.35,103.82,1.5,104.375,2038,7,29.32
"Singapore",1.35,103.82,1.5,104.375,2038,8,28.22
"Singapore",1.35,103.82,1.5,104.375,2038,9,28.93
"Singapore",1.35,103.82,1.5,104.375,2038,10,27.78
"Singapore",1.35,103.82,1.5,104.375,2038,11,27.11
"Singapore",1.35,103.82,1.5,104.375,2038,12,27
"Singapore",1.35,103.82,1.5,104.375,2039,1,27.05
"Singapore",1.35,103.82,1.5,104.375,2039,2,27.12
"Singapore",1.35,103.82,1.5,104.375,2039,3,27.08
"Singapore",1.35,103.82,1.5,104.375,2039,4,27.45
"Singapore",1.35,103.82,1.5,104.375,2039,5,28.19
"Singapore",1.35,103.82,1.5,104.375,2039,6,28.71
"Singapore",1.35,103.82,1.5,104.375,2039,7,28.43
"Singapore",1.35,103.82,1.5,104.375,2039,8,27.84
"Singapore",1.35,103.82,1.5,104.375,2039,9,28.38
"Singapore",1.35,103.82,1.5,104.375,2039,10,27.57
"Singapore",1.35,103.82,1.5,104.375,2039,11,27.51
"Singapore",1.35,103.82,1.5,104.375,2039,12,26.86
"Singapore",1.35,103.82,1.5,104.375,2040,1,26.45
"Singapore",1.35,103.82,1.5,104.375,2040,2,26.07
"Singapore",1.35,103.82,1.5,104.375,2040,3,26.62
"Singapore",1.35,103.82,1.5,104.375,2040,4,27.45
"Singapore",1.35,103.82,1.5,104.375,2040,5,28.09
"Singapore",1.35,103.82,1.5,104.375,2040,6,28.45
"Singapore",1.35,103.82,1.5,104.375,2040,7,28.27
"Singapore",1.35,103.82,1.5,104.375,2040,8,28.36
"Singapore",1.35,103.82,1.5,104.375,2040,9,27.73
"Singapore",1.35,103.82,1.5,104.375,2040,10,28.12
"Singapore",1.35,103.82,1.5,104.375,2040,11,27.99
"Singapore",1.35,103.82,1.5,104.375,2040,12,27.77
"Singapore",1.35,103.82,1.5,104.375,2041,1,27.24
"Singapore",1.35,103.82,1.5,104.375,2041,2,27.56
"Singapore",1.35,103.82,1.5,104.375,2041,3,27.83
"Singapore",1.35,103.82,1.5,104.375,2041,4,28.52
"Singapore",1.35,103.82,1.5,104.375,2041,5,28.55
"Singapore",1.35,103.82,1.5,104.375,2041,6,29.09
"Singapore",1.35,103.82,1.5,104.375,2041,7,29.26
"Singapore",1.35,103.82,1.5,104.375,2041,8,28.94
"Singapore",1.35,103.82,1.5,104.375,2041,9,28.75
"Singapore",1.35,103.82,1.5,104.375,2041,10,28.33
"Singapore",1.35,103.82,1.5,104.375,2041,11,27.15
"Singapore",1.35,103.82,1.5,104.375,2041,12,26.97
"Singapore",1.35,103.82,1.5,104.375,2042,1,26.67
"Singapore",1.35,103.82,1.5,104.375,2042,2,26.52
"Singapore",1.35,103.82,1.5,104.375,2042,3,26.98
"Singapore",1.35,103.82,1.5,104.375,2042,4,27.81
"Singapore",1.35,103.82,1.5,104.375,2042,5,28.59
"Singapore",1.35,103.82,1.5,104.375,2042,6,28.81
"Singapore",1.35,103.82,1.5,104.375,2042,7,28.7
"Singapore",1.35,103.82,1.5,104.375,2042,8,28.57
"Singapore",1.35,103.82,1.5,104.375,2042,9,28.38
"Singapore",1.35,103.82,1.5,104.375,2042,10,27.46
"Singapore",1.35,103.82,1.5,104.375,2042,11,28.09
"Singapore",1.35,103.82,1.5,104.375,2042,12,26.94
"Singapore",1.35,103.82,1.5,104.375,2043,1,26.47
"Singapore",1.35,103.82,1.5,104.375,2043,2,26.19
"Singapore",1.35,103.82,1.5,104.375,2043,3,26.59
"Singapore",1.35,103.82,1.5,104.375,2043,4,27.34
"Singapore",1.35,103.82,1.5,104.375,2043,5,28.05
"Singapore",1.35,103.82,1.5,104.375,2043,6,28.86
"Singapore",1.35,103.82,1.5,104.375,2043,7,28.99
"Singapore",1.35,103.82,1.5,104.375,2043,8,28.64
"Singapore",1.35,103.82,1.5,104.375,2043,9,28.64
"Singapore",1.35,103.82,1.5,104.375,2043,10,27.88
"Singapore",1.35,103.82,1.5,104.375,2043,11,27.86
"Singapore",1.35,103.82,1.5,104.375,2043,12,27.78
"Singapore",1.35,103.82,1.5,104.375,2044,1,27.47
"Singapore",1.35,103.82,1.5,104.375,2044,2,27.34
"Singapore",1.35,103.82,1.5,104.375,2044,3,27.73
"Singapore",1.35,103.82,1.5,104.375,2044,4,28.28
"Singapore",1.35,103.82,1.5,104.375,2044,5,28.91
"Singapore",1.35,103.82,1.5,104.375,2044,6,29.46
"Singapore",1.35,103.82,1.5,104.375,2044,7,29.39
"Singapore",1.35,103.82,1.5,104.375,2044,8,29.4
"Singapore",1.35,103.82,1.5,104.375,2044,9,28.9
"Singapore",1.35,103.82,1.5,104.375,2044,10,28.4
"Singapore",1.35,103.82,1.5,104.375,2044,11,28.46
"Singapore",1.35,103.82,1.5,104.375,2044,12,27.73
"Singapore",1.35,103.82,1.5,104.375,2045,1,27.4
"Singapore",1.35,103.82,1.5,104.375,2045,2,27.38
"Singapore",1.35,103.82,1.5,104.375,2045,3,27.47
"Singapore",1.35,103.82,1.5,104.375,2045,4,27.91
"Singapore",1.35,103.82,1.5,104.375,2045,5,28.34
"Singapore",1.35,103.82,1.5,104.375,2045,6,28.54
"Singapore",1.35,103.82,1.5,104.375,2045,7,28.37
"Singapore",1.35,103.82,1.5,104.375,2045,8,29.4
"Singapore",1.35,103.82,1.5,104.375,2045,9,28.58
"Singapore",1.35,103.82,1.5,104.375,2045,10,27.83
"Singapore",1.35,103.82,1.5,104.375,2045,11,27.61
"Singapore",1.35,103.82,1.5,104.375,2045,12,26.77
"Singapore",1.35,103.82,1.5,104.375,2046,1,26.86
"Singapore",1.35,103.82,1.5,104.375,2046,2,26.98
"Singapore",1.35,103.82,1.5,104.375,2046,3,27.23
"Singapore",1.35,103.82,1.5,104.375,2046,4,27.86
"Singapore",1.35,103.82,1.5,104.375,2046,5,28.04
"Singapore",1.35,103.82,1.5,104.375,2046,6,28.65
"Singapore",1.35,103.82,1.5,104.375,2046,7,28.98
"Singapore",1.35,103.82,1.5,104.375,2046,8,28.67
"Singapore",1.35,103.82,1.5,104.375,2046,9,28.85
"Singapore",1.35,103.82,1.5,104.375,2046,10,27.31
"Singapore",1.35,103.82,1.5,104.375,2046,11,27.5
"Singapore",1.35,103.82,1.5,104.375,2046,12,27.55
"Singapore",1.35,103.82,1.5,104.375,2047,1,27.25
"Singapore",1.35,103.82,1.5,104.375,2047,2,27.29
"Singapore",1.35,103.82,1.5,104.375,2047,3,27.7
"Singapore",1.35,103.82,1.5,104.375,2047,4,28.07
"Singapore",1.35,103.82,1.5,104.375,2047,5,28.71
"Singapore",1.35,103.82,1.5,104.375,2047,6,29.69
"Singapore",1.35,103.82,1.5,104.375,2047,7,29.4
"Singapore",1.35,103.82,1.5,104.375,2047,8,29.73
"Singapore",1.35,103.82,1.5,104.375,2047,9,29.44
"Singapore",1.35,103.82,1.5,104.375,2047,10,28.4
"Singapore",1.35,103.82,1.5,104.375,2047,11,27.49
"Singapore",1.35,103.82,1.5,104.375,2047,12,27.21
"Singapore",1.35,103.82,1.5,104.375,2048,1,27.15
"Singapore",1.35,103.82,1.5,104.375,2048,2,27.31
"Singapore",1.35,103.82,1.5,104.375,2048,3,28.05
"Singapore",1.35,103.82,1.5,104.375,2048,4,28.42
"Singapore",1.35,103.82,1.5,104.375,2048,5,28.95
"Singapore",1.35,103.82,1.5,104.375,2048,6,29.43
"Singapore",1.35,103.82,1.5,104.375,2048,7,29.43
"Singapore",1.35,103.82,1.5,104.375,2048,8,29.11
"Singapore",1.35,103.82,1.5,104.375,2048,9,29.57
"Singapore",1.35,103.82,1.5,104.375,2048,10,28.25
"Singapore",1.35,103.82,1.5,104.375,2048,11,27.91
"Singapore",1.35,103.82,1.5,104.375,2048,12,27.32
"Singapore",1.35,103.82,1.5,104.375,2049,1,26.54
"Singapore",1.35,103.82,1.5,104.375,2049,2,26.62
"Singapore",1.35,103.82,1.5,104.375,2049,3,26.57
"Singapore",1.35,103.82,1.5,104.375,2049,4,27.26
"Singapore",1.35,103.82,1.5,104.375,2049,5,28.01
"Singapore",1.35,103.82,1.5,104.375,2049,6,29.55
"Singapore",1.35,103.82,1.5,104.375,2049,7,28.5
"Singapore",1.35,103.82,1.5,104.375,2049,8,28.58
"Singapore",1.35,103.82,1.5,104.375,2049,9,28.3
"Singapore",1.35,103.82,1.5,104.375,2049,10,27.98
"Singapore",1.35,103.82,1.5,104.375,2049,11,27.26
"Singapore",1.35,103.82,1.5,104.375,2049,12,27.85
"Singapore",1.35,103.82,1.5,104.375,2050,1,27.69
"Singapore",1.35,103.82,1.5,104.375,2050,2,27.62
"Singapore",1.35,103.82,1.5,104.375,2050,3,27.74
"Singapore",1.35,103.82,1.5,104.375,2050,4,28.64
"Singapore",1.35,103.82,1.5,104.375,2050,5,29.08
"Singapore",1.35,103.82,1.5,104.375,2050,6,29.18
"Singapore",1.35,103.82,1.5,104.375,2050,7,29.94
"Singapore",1.35,103.82,1.5,104.375,2050,8,29.25
"Singapore",1.35,103.82,1.5,104.375,2050,9,29.39
"Singapore",1.35,103.82,1.5,104.375,2050,10,28.69
"Singapore",1.35,103.82,1.5,104.375,2050,11,28.56
"Singapore",1.35,103.82,1.5,104.375,2050,12,27.53
"Singapore",1.35,103.82,1.5,104.375,2051,1,27.27
"Singapore",1.35,103.82,1.5,104.375,2051,2,26.62
"Singapore",1.35,103.82,1.5,104.375,2051,3,27
"Singapore",1.35,103.82,1.5,104.375,2051,4,28.09
"Singapore",1.35,103.82,1.5,104.375,2051,5,28.48
"Singapore",1.35,103.82,1.5,104.375,2051,6,28.78
"Singapore",1.35,103.82,1.5,104.375,2051,7,29.05
"Singapore",1.35,103.82,1.5,104.375,2051,8,28.81
"Singapore",1.35,103.82,1.5,104.375,2051,9,28.95
"Singapore",1.35,103.82,1.5,104.375,2051,10,28.1
"Singapore",1.35,103.82,1.5,104.375,2051,11,27.81
"Singapore",1.35,103.82,1.5,104.375,2051,12,27.23
"Singapore",1.35,103.82,1.5,104.375,2052,1,27.48
"Singapore",1.35,103.82,1.5,104.375,2052,2,27.47
"Singapore",1.35,103.82,1.5,104.375,2052,3,27.68
"Singapore",1.35,103.82,1.5,104.375,2052,4,28.06
"Singapore",1.35,103.82,1.5,104.375,2052,5,28.54
"Singapore",1.35,103.82,1.5,104.375,2052,6,29.58
"Singapore",1.35,103.82,1.5,104.375,2052,7,28.91
"Singapore",1.35,103.82,1.5,104.375,2052,8,29.06
"Singapore",1.35,103.82,1.5,104.375,2052,9,29.45
"Singapore",1.35,103.82,1.5,104.375,2052,10,28.38
"Singapore",1.35,103.82,1.5,104.375,2052,11,28.73
"Singapore",1.35,103.82,1.5,104.375,2052,12,27.76
"Singapore",1.35,103.82,1.5,104.375,2053,1,28.03
"Singapore",1.35,103.82,1.5,104.375,2053,2,28.16
"Singapore",1.35,103.82,1.5,104.375,2053,3,28.39
"Singapore",1.35,103.82,1.5,104.375,2053,4,28.47
"Singapore",1.35,103.82,1.5,104.375,2053,5,29.19
"Singapore",1.35,103.82,1.5,104.375,2053,6,29.47
"Singapore",1.35,103.82,1.5,104.375,2053,7,29.49
"Singapore",1.35,103.82,1.5,104.375,2053,8,29.3
"Singapore",1.35,103.82,1.5,104.375,2053,9,28.94
"Singapore",1.35,103.82,1.5,104.375,2053,10,29.03
"Singapore",1.35,103.82,1.5,104.375,2053,11,28.25
"Singapore",1.35,103.82,1.5,104.375,2053,12,27.2
"Singapore",1.35,103.82,1.5,104.375,2054,1,26.41
"Singapore",1.35,103.82,1.5,104.375,2054,2,26.38
"Singapore",1.35,103.82,1.5,104.375,2054,3,26.67
"Singapore",1.35,103.82,1.5,104.375,2054,4,27.58
"Singapore",1.35,103.82,1.5,104.375,2054,5,27.97
"Singapore",1.35,103.82,1.5,104.375,2054,6,29.08
"Singapore",1.35,103.82,1.5,104.375,2054,7,29.18
"Singapore",1.35,103.82,1.5,104.375,2054,8,29.1
"Singapore",1.35,103.82,1.5,104.375,2054,9,28.38
"Singapore",1.35,103.82,1.5,104.375,2054,10,28.54
"Singapore",1.35,103.82,1.5,104.375,2054,11,28.14
"Singapore",1.35,103.82,1.5,104.375,2054,12,27.56
"Singapore",1.35,103.82,1.5,104.375,2055,1,27.68
"Singapore",1.35,103.82,1.5,104.375,2055,2,27.42
"Singapore",1.35,103.82,1.5,104.375,2055,3,28
"Singapore",1.35,103.82,1.5,104.375,2055,4,28.74
"Singapore",1.35,103.82,1.5,104.375,2055,5,29.13
"Singapore",1.35,103.82,1.5,104.375,2055,6,29.63
"Singapore",1.35,103.82,1.5,104.375,2055,7,29.7
"Singapore",1.35,103.82,1.5,104.375,2055,8,29.74
"Singapore",1.35,103.82,1.5,104.375,2055,9,29.23
"Singapore",1.35,103.82,1.5,104.375,2055,10,28.42
"Singapore",1.35,103.82,1.5,104.375,2055,11,28.56
"Singapore",1.35,103.82,1.5,104.375,2055,12,28.07
"Singapore",1.35,103.82,1.5,104.375,2056,1,27.76
"Singapore",1.35,103.82,1.5,104.375,2056,2,27.98
"Singapore",1.35,103.82,1.5,104.375,2056,3,28.07
"Singapore",1.35,103.82,1.5,104.375,2056,4,28.54
"Singapore",1.35,103.82,1.5,104.375,2056,5,29.2
"Singapore",1.35,103.82,1.5,104.375,2056,6,29.79
"Singapore",1.35,103.82,1.5,104.375,2056,7,30.03
"Singapore",1.35,103.82,1.5,104.375,2056,8,29.73
"Singapore",1.35,103.82,1.5,104.375,2056,9,29.45
"Singapore",1.35,103.82,1.5,104.375,2056,10,28.95
"Singapore",1.35,103.82,1.5,104.375,2056,11,28.38
"Singapore",1.35,103.82,1.5,104.375,2056,12,28.28
"Singapore",1.35,103.82,1.5,104.375,2057,1,27.32
"Singapore",1.35,103.82,1.5,104.375,2057,2,26.97
"Singapore",1.35,103.82,1.5,104.375,2057,3,27.34
"Singapore",1.35,103.82,1.5,104.375,2057,4,27.52
"Singapore",1.35,103.82,1.5,104.375,2057,5,28.19
"Singapore",1.35,103.82,1.5,104.375,2057,6,29.17
"Singapore",1.35,103.82,1.5,104.375,2057,7,29.18
"Singapore",1.35,103.82,1.5,104.375,2057,8,28.56
"Singapore",1.35,103.82,1.5,104.375,2057,9,29.11
"Singapore",1.35,103.82,1.5,104.375,2057,10,28.07
"Singapore",1.35,103.82,1.5,104.375,2057,11,27.6
"Singapore",1.35,103.82,1.5,104.375,2057,12,27.19
"Singapore",1.35,103.82,1.5,104.375,2058,1,26.96
"Singapore",1.35,103.82,1.5,104.375,2058,2,26.78
"Singapore",1.35,103.82,1.5,104.375,2058,3,27.17
"Singapore",1.35,103.82,1.5,104.375,2058,4,27.98
"Singapore",1.35,103.82,1.5,104.375,2058,5,28.48
"Singapore",1.35,103.82,1.5,104.375,2058,6,28.96
"Singapore",1.35,103.82,1.5,104.375,2058,7,29.32
"Singapore",1.35,103.82,1.5,104.375,2058,8,29.41
"Singapore",1.35,103.82,1.5,104.375,2058,9,29.28
"Singapore",1.35,103.82,1.5,104.375,2058,10,28.17
"Singapore",1.35,103.82,1.5,104.375,2058,11,28.26
"Singapore",1.35,103.82,1.5,104.375,2058,12,28.21
"Singapore",1.35,103.82,1.5,104.375,2059,1,27.44
"Singapore",1.35,103.82,1.5,104.375,2059,2,27.5
"Singapore",1.35,103.82,1.5,104.375,2059,3,27.66
"Singapore",1.35,103.82,1.5,104.375,2059,4,28.58
"Singapore",1.35,103.82,1.5,104.375,2059,5,28.89
"Singapore",1.35,103.82,1.5,104.375,2059,6,29.96
"Singapore",1.35,103.82,1.5,104.375,2059,7,29.89
"Singapore",1.35,103.82,1.5,104.375,2059,8,29.57
"Singapore",1.35,103.82,1.5,104.375,2059,9,29.6
"Singapore",1.35,103.82,1.5,104.375,2059,10,29.09
"Singapore",1.35,103.82,1.5,104.375,2059,11,28.32
"Singapore",1.35,103.82,1.5,104.375,2059,12,27.65
"Singapore",1.35,103.82,1.5,104.375,2060,1,27.14
"Singapore",1.35,103.82,1.5,104.375,2060,2,27.01
"Singapore",1.35,103.82,1.5,104.375,2060,3,27.13
"Singapore",1.35,103.82,1.5,104.375,2060,4,27.91
"Singapore",1.35,103.82,1.5,104.375,2060,5,28.84
"Singapore",1.35,103.82,1.5,104.375,2060,6,29.08
"Singapore",1.35,103.82,1.5,104.375,2060,7,28.86
"Singapore",1.35,103.82,1.5,104.375,2060,8,28.75
"Singapore",1.35,103.82,1.5,104.375,2060,9,28.83
"Singapore",1.35,103.82,1.5,104.375,2060,10,28.05
"Singapore",1.35,103.82,1.5,104.375,2060,11,27.58
"Singapore",1.35,103.82,1.5,104.375,2060,12,27.33
"Singapore",1.35,103.82,1.5,104.375,2061,1,27.08
"Singapore",1.35,103.82,1.5,104.375,2061,2,26.99
"Singapore",1.35,103.82,1.5,104.375,2061,3,27.55
"Singapore",1.35,103.82,1.5,104.375,2061,4,28.36
"Singapore",1.35,103.82,1.5,104.375,2061,5,28.76
"Singapore",1.35,103.82,1.5,104.375,2061,6,29.24
"Singapore",1.35,103.82,1.5,104.375,2061,7,29.84
"Singapore",1.35,103.82,1.5,104.375,2061,8,29.64
"Singapore",1.35,103.82,1.5,104.375,2061,9,29.31
"Singapore",1.35,103.82,1.5,104.375,2061,10,28.99
"Singapore",1.35,103.82,1.5,104.375,2061,11,29.15
"Singapore",1.35,103.82,1.5,104.375,2061,12,27.41
"Singapore",1.35,103.82,1.5,104.375,2062,1,28.01
"Singapore",1.35,103.82,1.5,104.375,2062,2,27.66
"Singapore",1.35,103.82,1.5,104.375,2062,3,28.07
"Singapore",1.35,103.82,1.5,104.375,2062,4,28.55
"Singapore",1.35,103.82,1.5,104.375,2062,5,29.33
"Singapore",1.35,103.82,1.5,104.375,2062,6,29.28
"Singapore",1.35,103.82,1.5,104.375,2062,7,30.12
"Singapore",1.35,103.82,1.5,104.375,2062,8,29.62
"Singapore",1.35,103.82,1.5,104.375,2062,9,29.68
"Singapore",1.35,103.82,1.5,104.375,2062,10,29.06
"Singapore",1.35,103.82,1.5,104.375,2062,11,28.74
"Singapore",1.35,103.82,1.5,104.375,2062,12,28.35
"Singapore",1.35,103.82,1.5,104.375,2063,1,27.9
"Singapore",1.35,103.82,1.5,104.375,2063,2,27.76
"Singapore",1.35,103.82,1.5,104.375,2063,3,28.07
"Singapore",1.35,103.82,1.5,104.375,2063,4,28.66
"Singapore",1.35,103.82,1.5,104.375,2063,5,29.44
"Singapore",1.35,103.82,1.5,104.375,2063,6,29.92
"Singapore",1.35,103.82,1.5,104.375,2063,7,29.61
"Singapore",1.35,103.82,1.5,104.375,2063,8,29.52
"Singapore",1.35,103.82,1.5,104.375,2063,9,29.75
"Singapore",1.35,103.82,1.5,104.375,2063,10,28.9
"Singapore",1.35,103.82,1.5,104.375,2063,11,28.48
"Singapore",1.35,103.82,1.5,104.375,2063,12,27.39
"Singapore",1.35,103.82,1.5,104.375,2064,1,27.59
"Singapore",1.35,103.82,1.5,104.375,2064,2,27.63
"Singapore",1.35,103.82,1.5,104.375,2064,3,27.7
"Singapore",1.35,103.82,1.5,104.375,2064,4,28.6
"Singapore",1.35,103.82,1.5,104.375,2064,5,29.1
"Singapore",1.35,103.82,1.5,104.375,2064,6,29.34
"Singapore",1.35,103.82,1.5,104.375,2064,7,29.33
"Singapore",1.35,103.82,1.5,104.375,2064,8,29.61
"Singapore",1.35,103.82,1.5,104.375,2064,9,29.31
"Singapore",1.35,103.82,1.5,104.375,2064,10,29.09
"Singapore",1.35,103.82,1.5,104.375,2064,11,28.14
"Singapore",1.35,103.82,1.5,104.375,2064,12,28.33
"Singapore",1.35,103.82,1.5,104.375,2065,1,27.48
"Singapore",1.35,103.82,1.5,104.375,2065,2,27.66
"Singapore",1.35,103.82,1.5,104.375,2065,3,27.49
"Singapore",1.35,103.82,1.5,104.375,2065,4,28.26
"Singapore",1.35,103.82,1.5,104.375,2065,5,28.99
"Singapore",1.35,103.82,1.5,104.375,2065,6,29.44
"Singapore",1.35,103.82,1.5,104.375,2065,7,30.08
"Singapore",1.35,103.82,1.5,104.375,2065,8,30.23
"Singapore",1.35,103.82,1.5,104.375,2065,9,29.63
"Singapore",1.35,103.82,1.5,104.375,2065,10,29.33
"Singapore",1.35,103.82,1.5,104.375,2065,11,28.96
"Singapore",1.35,103.82,1.5,104.375,2065,12,29.24
"Singapore",1.35,103.82,1.5,104.375,2066,1,28.33
"Singapore",1.35,103.82,1.5,104.375,2066,2,27.73
"Singapore",1.35,103.82,1.5,104.375,2066,3,28.55
"Singapore",1.35,103.82,1.5,104.375,2066,4,29
"Singapore",1.35,103.82,1.5,104.375,2066,5,29.82
"Singapore",1.35,103.82,1.5,104.375,2066,6,30.06
"Singapore",1.35,103.82,1.5,104.375,2066,7,30.36
"Singapore",1.35,103.82,1.5,104.375,2066,8,30.21
"Singapore",1.35,103.82,1.5,104.375,2066,9,29.66
"Singapore",1.35,103.82,1.5,104.375,2066,10,29.02
"Singapore",1.35,103.82,1.5,104.375,2066,11,29.14
"Singapore",1.35,103.82,1.5,104.375,2066,12,28.05
"Singapore",1.35,103.82,1.5,104.375,2067,1,28.11
"Singapore",1.35,103.82,1.5,104.375,2067,2,27.85
"Singapore",1.35,103.82,1.5,104.375,2067,3,28.16
"Singapore",1.35,103.82,1.5,104.375,2067,4,28.47
"Singapore",1.35,103.82,1.5,104.375,2067,5,28.86
"Singapore",1.35,103.82,1.5,104.375,2067,6,29.66
"Singapore",1.35,103.82,1.5,104.375,2067,7,29.2
"Singapore",1.35,103.82,1.5,104.375,2067,8,29.1
"Singapore",1.35,103.82,1.5,104.375,2067,9,29.13
"Singapore",1.35,103.82,1.5,104.375,2067,10,28.82
"Singapore",1.35,103.82,1.5,104.375,2067,11,27.93
"Singapore",1.35,103.82,1.5,104.375,2067,12,28.16
"Singapore",1.35,103.82,1.5,104.375,2068,1,27.25
"Singapore",1.35,103.82,1.5,104.375,2068,2,26.91
"Singapore",1.35,103.82,1.5,104.375,2068,3,27.04
"Singapore",1.35,103.82,1.5,104.375,2068,4,27.85
"Singapore",1.35,103.82,1.5,104.375,2068,5,28.69
"Singapore",1.35,103.82,1.5,104.375,2068,6,29.03
"Singapore",1.35,103.82,1.5,104.375,2068,7,29.03
"Singapore",1.35,103.82,1.5,104.375,2068,8,29.48
"Singapore",1.35,103.82,1.5,104.375,2068,9,29.91
"Singapore",1.35,103.82,1.5,104.375,2068,10,29.53
"Singapore",1.35,103.82,1.5,104.375,2068,11,28.85
"Singapore",1.35,103.82,1.5,104.375,2068,12,28.87
"Singapore",1.35,103.82,1.5,104.375,2069,1,28.64
"Singapore",1.35,103.82,1.5,104.375,2069,2,28.7
"Singapore",1.35,103.82,1.5,104.375,2069,3,28.8
"Singapore",1.35,103.82,1.5,104.375,2069,4,29.33
"Singapore",1.35,103.82,1.5,104.375,2069,5,29.66
"Singapore",1.35,103.82,1.5,104.375,2069,6,30.03
"Singapore",1.35,103.82,1.5,104.375,2069,7,30.56
"Singapore",1.35,103.82,1.5,104.375,2069,8,30.24
"Singapore",1.35,103.82,1.5,104.375,2069,9,29.85
"Singapore",1.35,103.82,1.5,104.375,2069,10,29.33
"Singapore",1.35,103.82,1.5,104.375,2069,11,29.08
"Singapore",1.35,103.82,1.5,104.375,2069,12,28.62
"Singapore",1.35,103.82,1.5,104.375,2070,1,28.18
"Singapore",1.35,103.82,1.5,104.375,2070,2,27.57
"Singapore",1.35,103.82,1.5,104.375,2070,3,27.82
"Singapore",1.35,103.82,1.5,104.375,2070,4,28.75
"Singapore",1.35,103.82,1.5,104.375,2070,5,29.61
"Singapore",1.35,103.82,1.5,104.375,2070,6,29.79
"Singapore",1.35,103.82,1.5,104.375,2070,7,30.28
"Singapore",1.35,103.82,1.5,104.375,2070,8,29.94
"Singapore",1.35,103.82,1.5,104.375,2070,9,29.92
"Singapore",1.35,103.82,1.5,104.375,2070,10,29.15
"Singapore",1.35,103.82,1.5,104.375,2070,11,28.93
"Singapore",1.35,103.82,1.5,104.375,2070,12,27.99
"Singapore",1.35,103.82,1.5,104.375,2071,1,27.58
"Singapore",1.35,103.82,1.5,104.375,2071,2,27.43
"Singapore",1.35,103.82,1.5,104.375,2071,3,27.63
"Singapore",1.35,103.82,1.5,104.375,2071,4,28.2
"Singapore",1.35,103.82,1.5,104.375,2071,5,29.06
"Singapore",1.35,103.82,1.5,104.375,2071,6,29.75
"Singapore",1.35,103.82,1.5,104.375,2071,7,29.76
"Singapore",1.35,103.82,1.5,104.375,2071,8,29.4
"Singapore",1.35,103.82,1.5,104.375,2071,9,29.52
"Singapore",1.35,103.82,1.5,104.375,2071,10,28.93
"Singapore",1.35,103.82,1.5,104.375,2071,11,28.37
"Singapore",1.35,103.82,1.5,104.375,2071,12,28.32
"Singapore",1.35,103.82,1.5,104.375,2072,1,27.72
"Singapore",1.35,103.82,1.5,104.375,2072,2,27.44
"Singapore",1.35,103.82,1.5,104.375,2072,3,28.05
"Singapore",1.35,103.82,1.5,104.375,2072,4,28.76
"Singapore",1.35,103.82,1.5,104.375,2072,5,29.69
"Singapore",1.35,103.82,1.5,104.375,2072,6,29.92
"Singapore",1.35,103.82,1.5,104.375,2072,7,30.77
"Singapore",1.35,103.82,1.5,104.375,2072,8,30.3
"Singapore",1.35,103.82,1.5,104.375,2072,9,30.19
"Singapore",1.35,103.82,1.5,104.375,2072,10,29.6
"Singapore",1.35,103.82,1.5,104.375,2072,11,29.04
"Singapore",1.35,103.82,1.5,104.375,2072,12,28.75
"Singapore",1.35,103.82,1.5,104.375,2073,1,28.31
"Singapore",1.35,103.82,1.5,104.375,2073,2,28.81
"Singapore",1.35,103.82,1.5,104.375,2073,3,29.38
"Singapore",1.35,103.82,1.5,104.375,2073,4,29.75
"Singapore",1.35,103.82,1.5,104.375,2073,5,29.99
"Singapore",1.35,103.82,1.5,104.375,2073,6,30.66
"Singapore",1.35,103.82,1.5,104.375,2073,7,30.05
"Singapore",1.35,103.82,1.5,104.375,2073,8,30.57
"Singapore",1.35,103.82,1.5,104.375,2073,9,30.09
"Singapore",1.35,103.82,1.5,104.375,2073,10,29.06
"Singapore",1.35,103.82,1.5,104.375,2073,11,29.1
"Singapore",1.35,103.82,1.5,104.375,2073,12,28.47
"Singapore",1.35,103.82,1.5,104.375,2074,1,27.61
"Singapore",1.35,103.82,1.5,104.375,2074,2,27.76
"Singapore",1.35,103.82,1.5,104.375,2074,3,27.7
"Singapore",1.35,103.82,1.5,104.375,2074,4,28.41
"Singapore",1.35,103.82,1.5,104.375,2074,5,28.77
"Singapore",1.35,103.82,1.5,104.375,2074,6,29.97
"Singapore",1.35,103.82,1.5,104.375,2074,7,30.12
"Singapore",1.35,103.82,1.5,104.375,2074,8,29.92
"Singapore",1.35,103.82,1.5,104.375,2074,9,29.8
"Singapore",1.35,103.82,1.5,104.375,2074,10,29.1
"Singapore",1.35,103.82,1.5,104.375,2074,11,28.5
"Singapore",1.35,103.82,1.5,104.375,2074,12,28.01
"Singapore",1.35,103.82,1.5,104.375,2075,1,27.65
"Singapore",1.35,103.82,1.5,104.375,2075,2,27.67
"Singapore",1.35,103.82,1.5,104.375,2075,3,28.13
"Singapore",1.35,103.82,1.5,104.375,2075,4,28.91
"Singapore",1.35,103.82,1.5,104.375,2075,5,29.68
"Singapore",1.35,103.82,1.5,104.375,2075,6,30.28
"Singapore",1.35,103.82,1.5,104.375,2075,7,30.2
"Singapore",1.35,103.82,1.5,104.375,2075,8,30.56
"Singapore",1.35,103.82,1.5,104.375,2075,9,30.06
"Singapore",1.35,103.82,1.5,104.375,2075,10,29.52
"Singapore",1.35,103.82,1.5,104.375,2075,11,29.48
"Singapore",1.35,103.82,1.5,104.375,2075,12,28.95
"Singapore",1.35,103.82,1.5,104.375,2076,1,28.77
"Singapore",1.35,103.82,1.5,104.375,2076,2,28.97
"Singapore",1.35,103.82,1.5,104.375,2076,3,29.33
"Singapore",1.35,103.82,1.5,104.375,2076,4,29.94
"Singapore",1.35,103.82,1.5,104.375,2076,5,30.17
"Singapore",1.35,103.82,1.5,104.375,2076,6,31.58
"Singapore",1.35,103.82,1.5,104.375,2076,7,30.95
"Singapore",1.35,103.82,1.5,104.375,2076,8,30.14
"Singapore",1.35,103.82,1.5,104.375,2076,9,30.46
"Singapore",1.35,103.82,1.5,104.375,2076,10,29.62
"Singapore",1.35,103.82,1.5,104.375,2076,11,28.9
"Singapore",1.35,103.82,1.5,104.375,2076,12,28.19
"Singapore",1.35,103.82,1.5,104.375,2077,1,27.96
"Singapore",1.35,103.82,1.5,104.375,2077,2,27.73
"Singapore",1.35,103.82,1.5,104.375,2077,3,27.68
"Singapore",1.35,103.82,1.5,104.375,2077,4,28.74
"Singapore",1.35,103.82,1.5,104.375,2077,5,29.8
"Singapore",1.35,103.82,1.5,104.375,2077,6,30
"Singapore",1.35,103.82,1.5,104.375,2077,7,29.84
"Singapore",1.35,103.82,1.5,104.375,2077,8,29.96
"Singapore",1.35,103.82,1.5,104.375,2077,9,30.01
"Singapore",1.35,103.82,1.5,104.375,2077,10,29.21
"Singapore",1.35,103.82,1.5,104.375,2077,11,28.91
"Singapore",1.35,103.82,1.5,104.375,2077,12,28.82
"Singapore",1.35,103.82,1.5,104.375,2078,1,28.39
"Singapore",1.35,103.82,1.5,104.375,2078,2,28.49
"Singapore",1.35,103.82,1.5,104.375,2078,3,28.91
"Singapore",1.35,103.82,1.5,104.375,2078,4,29.55
"Singapore",1.35,103.82,1.5,104.375,2078,5,30.07
"Singapore",1.35,103.82,1.5,104.375,2078,6,30.43
"Singapore",1.35,103.82,1.5,104.375,2078,7,30.66
"Singapore",1.35,103.82,1.5,104.375,2078,8,30.79
"Singapore",1.35,103.82,1.5,104.375,2078,9,30.18
"Singapore",1.35,103.82,1.5,104.375,2078,10,30.47
"Singapore",1.35,103.82,1.5,104.375,2078,11,29.55
"Singapore",1.35,103.82,1.5,104.375,2078,12,29.43
"Singapore",1.35,103.82,1.5,104.375,2079,1,28.75
"Singapore",1.35,103.82,1.5,104.375,2079,2,28.58
"Singapore",1.35,103.82,1.5,104.375,2079,3,29.26
"Singapore",1.35,103.82,1.5,104.375,2079,4,29.97
"Singapore",1.35,103.82,1.5,104.375,2079,5,30.29
"Singapore",1.35,103.82,1.5,104.375,2079,6,31.03
"Singapore",1.35,103.82,1.5,104.375,2079,7,31.06
"Singapore",1.35,103.82,1.5,104.375,2079,8,30.54
"Singapore",1.35,103.82,1.5,104.375,2079,9,30.05
"Singapore",1.35,103.82,1.5,104.375,2079,10,29.41
"Singapore",1.35,103.82,1.5,104.375,2079,11,29.67
"Singapore",1.35,103.82,1.5,104.375,2079,12,28.88
"Singapore",1.35,103.82,1.5,104.375,2080,1,28.13
"Singapore",1.35,103.82,1.5,104.375,2080,2,27.92
"Singapore",1.35,103.82,1.5,104.375,2080,3,27.71
"Singapore",1.35,103.82,1.5,104.375,2080,4,28.24
"Singapore",1.35,103.82,1.5,104.375,2080,5,29.36
"Singapore",1.35,103.82,1.5,104.375,2080,6,30.28
"Singapore",1.35,103.82,1.5,104.375,2080,7,29.68
"Singapore",1.35,103.82,1.5,104.375,2080,8,30.24
"Singapore",1.35,103.82,1.5,104.375,2080,9,30.32
"Singapore",1.35,103.82,1.5,104.375,2080,10,29.58
"Singapore",1.35,103.82,1.5,104.375,2080,11,28.9
"Singapore",1.35,103.82,1.5,104.375,2080,12,28.81
"Singapore",1.35,103.82,1.5,104.375,2081,1,27.54
"Singapore",1.35,103.82,1.5,104.375,2081,2,28.22
"Singapore",1.35,103.82,1.5,104.375,2081,3,28.78
"Singapore",1.35,103.82,1.5,104.375,2081,4,29.36
"Singapore",1.35,103.82,1.5,104.375,2081,5,29.99
"Singapore",1.35,103.82,1.5,104.375,2081,6,30.4
"Singapore",1.35,103.82,1.5,104.375,2081,7,30.01
"Singapore",1.35,103.82,1.5,104.375,2081,8,30.44
"Singapore",1.35,103.82,1.5,104.375,2081,9,30.08
"Singapore",1.35,103.82,1.5,104.375,2081,10,29.37
"Singapore",1.35,103.82,1.5,104.375,2081,11,29.62
"Singapore",1.35,103.82,1.5,104.375,2081,12,28.77
"Singapore",1.35,103.82,1.5,104.375,2082,1,28.5
"Singapore",1.35,103.82,1.5,104.375,2082,2,28.99
"Singapore",1.35,103.82,1.5,104.375,2082,3,29.32
"Singapore",1.35,103.82,1.5,104.375,2082,4,29.89
"Singapore",1.35,103.82,1.5,104.375,2082,5,30.45
"Singapore",1.35,103.82,1.5,104.375,2082,6,30.78
"Singapore",1.35,103.82,1.5,104.375,2082,7,31.19
"Singapore",1.35,103.82,1.5,104.375,2082,8,30.56
"Singapore",1.35,103.82,1.5,104.375,2082,9,30.52
"Singapore",1.35,103.82,1.5,104.375,2082,10,29.91
"Singapore",1.35,103.82,1.5,104.375,2082,11,29.75
"Singapore",1.35,103.82,1.5,104.375,2082,12,28.47
"Singapore",1.35,103.82,1.5,104.375,2083,1,28.79
"Singapore",1.35,103.82,1.5,104.375,2083,2,28.21
"Singapore",1.35,103.82,1.5,104.375,2083,3,28.61
"Singapore",1.35,103.82,1.5,104.375,2083,4,29.47
"Singapore",1.35,103.82,1.5,104.375,2083,5,30.07
"Singapore",1.35,103.82,1.5,104.375,2083,6,30.53
"Singapore",1.35,103.82,1.5,104.375,2083,7,30.17
"Singapore",1.35,103.82,1.5,104.375,2083,8,29.71
"Singapore",1.35,103.82,1.5,104.375,2083,9,30.27
"Singapore",1.35,103.82,1.5,104.375,2083,10,29.36
"Singapore",1.35,103.82,1.5,104.375,2083,11,29.48
"Singapore",1.35,103.82,1.5,104.375,2083,12,28.46
"Singapore",1.35,103.82,1.5,104.375,2084,1,27.91
"Singapore",1.35,103.82,1.5,104.375,2084,2,28.19
"Singapore",1.35,103.82,1.5,104.375,2084,3,28.64
"Singapore",1.35,103.82,1.5,104.375,2084,4,29.53
"Singapore",1.35,103.82,1.5,104.375,2084,5,29.99
"Singapore",1.35,103.82,1.5,104.375,2084,6,30.69
"Singapore",1.35,103.82,1.5,104.375,2084,7,30.53
"Singapore",1.35,103.82,1.5,104.375,2084,8,30.62
"Singapore",1.35,103.82,1.5,104.375,2084,9,30.86
"Singapore",1.35,103.82,1.5,104.375,2084,10,30.17
"Singapore",1.35,103.82,1.5,104.375,2084,11,29.27
"Singapore",1.35,103.82,1.5,104.375,2084,12,28.87
"Singapore",1.35,103.82,1.5,104.375,2085,1,28.78
"Singapore",1.35,103.82,1.5,104.375,2085,2,28.85
"Singapore",1.35,103.82,1.5,104.375,2085,3,29.19
"Singapore",1.35,103.82,1.5,104.375,2085,4,29.37
"Singapore",1.35,103.82,1.5,104.375,2085,5,30.09
"Singapore",1.35,103.82,1.5,104.375,2085,6,30.72
"Singapore",1.35,103.82,1.5,104.375,2085,7,30.99
"Singapore",1.35,103.82,1.5,104.375,2085,8,30.71
"Singapore",1.35,103.82,1.5,104.375,2085,9,30.44
"Singapore",1.35,103.82,1.5,104.375,2085,10,30.71
"Singapore",1.35,103.82,1.5,104.375,2085,11,29.07
"Singapore",1.35,103.82,1.5,104.375,2085,12,29.29
"Singapore",1.35,103.82,1.5,104.375,2086,1,28.74
"Singapore",1.35,103.82,1.5,104.375,2086,2,28.01
"Singapore",1.35,103.82,1.5,104.375,2086,3,28.3
"Singapore",1.35,103.82,1.5,104.375,2086,4,29.43
"Singapore",1.35,103.82,1.5,104.375,2086,5,29.79
"Singapore",1.35,103.82,1.5,104.375,2086,6,30.47
"Singapore",1.35,103.82,1.5,104.375,2086,7,30.57
"Singapore",1.35,103.82,1.5,104.375,2086,8,30.19
"Singapore",1.35,103.82,1.5,104.375,2086,9,29.74
"Singapore",1.35,103.82,1.5,104.375,2086,10,30.06
"Singapore",1.35,103.82,1.5,104.375,2086,11,29.33
"Singapore",1.35,103.82,1.5,104.375,2086,12,28.86
"Singapore",1.35,103.82,1.5,104.375,2087,1,28.18
"Singapore",1.35,103.82,1.5,104.375,2087,2,27.85
"Singapore",1.35,103.82,1.5,104.375,2087,3,27.85
"Singapore",1.35,103.82,1.5,104.375,2087,4,28.77
"Singapore",1.35,103.82,1.5,104.375,2087,5,29.44
"Singapore",1.35,103.82,1.5,104.375,2087,6,30.41
"Singapore",1.35,103.82,1.5,104.375,2087,7,30.22
"Singapore",1.35,103.82,1.5,104.375,2087,8,30.7
"Singapore",1.35,103.82,1.5,104.375,2087,9,30.78
"Singapore",1.35,103.82,1.5,104.375,2087,10,30.14
"Singapore",1.35,103.82,1.5,104.375,2087,11,29.47
"Singapore",1.35,103.82,1.5,104.375,2087,12,29.35
"Singapore",1.35,103.82,1.5,104.375,2088,1,28.83
"Singapore",1.35,103.82,1.5,104.375,2088,2,29.21
"Singapore",1.35,103.82,1.5,104.375,2088,3,29.52
"Singapore",1.35,103.82,1.5,104.375,2088,4,30.73
"Singapore",1.35,103.82,1.5,104.375,2088,5,30.92
"Singapore",1.35,103.82,1.5,104.375,2088,6,31.24
"Singapore",1.35,103.82,1.5,104.375,2088,7,31.35
"Singapore",1.35,103.82,1.5,104.375,2088,8,30.7
"Singapore",1.35,103.82,1.5,104.375,2088,9,30.32
"Singapore",1.35,103.82,1.5,104.375,2088,10,29.64
"Singapore",1.35,103.82,1.5,104.375,2088,11,29.76
"Singapore",1.35,103.82,1.5,104.375,2088,12,29.27
"Singapore",1.35,103.82,1.5,104.375,2089,1,28.87
"Singapore",1.35,103.82,1.5,104.375,2089,2,28.92
"Singapore",1.35,103.82,1.5,104.375,2089,3,29.45
"Singapore",1.35,103.82,1.5,104.375,2089,4,30.27
"Singapore",1.35,103.82,1.5,104.375,2089,5,30.58
"Singapore",1.35,103.82,1.5,104.375,2089,6,31.21
"Singapore",1.35,103.82,1.5,104.375,2089,7,31.09
"Singapore",1.35,103.82,1.5,104.375,2089,8,31.1
"Singapore",1.35,103.82,1.5,104.375,2089,9,30.12
"Singapore",1.35,103.82,1.5,104.375,2089,10,30.27
"Singapore",1.35,103.82,1.5,104.375,2089,11,29.82
"Singapore",1.35,103.82,1.5,104.375,2089,12,28.66
"Singapore",1.35,103.82,1.5,104.375,2090,1,28.3
"Singapore",1.35,103.82,1.5,104.375,2090,2,27.58
"Singapore",1.35,103.82,1.5,104.375,2090,3,27.79
"Singapore",1.35,103.82,1.5,104.375,2090,4,28.45
"Singapore",1.35,103.82,1.5,104.375,2090,5,29.52
"Singapore",1.35,103.82,1.5,104.375,2090,6,30.42
"Singapore",1.35,103.82,1.5,104.375,2090,7,30.29
"Singapore",1.35,103.82,1.5,104.375,2090,8,30.55
"Singapore",1.35,103.82,1.5,104.375,2090,9,30.76
"Singapore",1.35,103.82,1.5,104.375,2090,10,30.1
"Singapore",1.35,103.82,1.5,104.375,2090,11,29.17
"Singapore",1.35,103.82,1.5,104.375,2090,12,28.5
"Singapore",1.35,103.82,1.5,104.375,2091,1,27.87
"Singapore",1.35,103.82,1.5,104.375,2091,2,27.66
"Singapore",1.35,103.82,1.5,104.375,2091,3,28.45
"Singapore",1.35,103.82,1.5,104.375,2091,4,29.44
"Singapore",1.35,103.82,1.5,104.375,2091,5,30.15
"Singapore",1.35,103.82,1.5,104.375,2091,6,30.69
"Singapore",1.35,103.82,1.5,104.375,2091,7,30.76
"Singapore",1.35,103.82,1.5,104.375,2091,8,30.93
"Singapore",1.35,103.82,1.5,104.375,2091,9,30.85
"Singapore",1.35,103.82,1.5,104.375,2091,10,30.56
"Singapore",1.35,103.82,1.5,104.375,2091,11,30.34
"Singapore",1.35,103.82,1.5,104.375,2091,12,29.51
"Singapore",1.35,103.82,1.5,104.375,2092,1,29.35
"Singapore",1.35,103.82,1.5,104.375,2092,2,29.73
"Singapore",1.35,103.82,1.5,104.375,2092,3,30.01
"Singapore",1.35,103.82,1.5,104.375,2092,4,30.65
"Singapore",1.35,103.82,1.5,104.375,2092,5,30.99
"Singapore",1.35,103.82,1.5,104.375,2092,6,31.45
"Singapore",1.35,103.82,1.5,104.375,2092,7,31.42
"Singapore",1.35,103.82,1.5,104.375,2092,8,31.71
"Singapore",1.35,103.82,1.5,104.375,2092,9,30.71
"Singapore",1.35,103.82,1.5,104.375,2092,10,29.88
"Singapore",1.35,103.82,1.5,104.375,2092,11,29.86
"Singapore",1.35,103.82,1.5,104.375,2092,12,29.31
"Singapore",1.35,103.82,1.5,104.375,2093,1,28.53
"Singapore",1.35,103.82,1.5,104.375,2093,2,27.88
"Singapore",1.35,103.82,1.5,104.375,2093,3,28.27
"Singapore",1.35,103.82,1.5,104.375,2093,4,29.03
"Singapore",1.35,103.82,1.5,104.375,2093,5,29.73
"Singapore",1.35,103.82,1.5,104.375,2093,6,30.69
"Singapore",1.35,103.82,1.5,104.375,2093,7,30.53
"Singapore",1.35,103.82,1.5,104.375,2093,8,30.71
"Singapore",1.35,103.82,1.5,104.375,2093,9,30.62
"Singapore",1.35,103.82,1.5,104.375,2093,10,29.84
"Singapore",1.35,103.82,1.5,104.375,2093,11,29.64
"Singapore",1.35,103.82,1.5,104.375,2093,12,29.27
"Singapore",1.35,103.82,1.5,104.375,2094,1,28.81
"Singapore",1.35,103.82,1.5,104.375,2094,2,29.1
"Singapore",1.35,103.82,1.5,104.375,2094,3,29.42
"Singapore",1.35,103.82,1.5,104.375,2094,4,30.01
"Singapore",1.35,103.82,1.5,104.375,2094,5,30.61
"Singapore",1.35,103.82,1.5,104.375,2094,6,31.41
"Singapore",1.35,103.82,1.5,104.375,2094,7,31.22
"Singapore",1.35,103.82,1.5,104.375,2094,8,31.57
"Singapore",1.35,103.82,1.5,104.375,2094,9,31.14
"Singapore",1.35,103.82,1.5,104.375,2094,10,30.36
"Singapore",1.35,103.82,1.5,104.375,2094,11,30.2
"Singapore",1.35,103.82,1.5,104.375,2094,12,29.01
"Singapore",1.35,103.82,1.5,104.375,2095,1,28.89
"Singapore",1.35,103.82,1.5,104.375,2095,2,28.71
"Singapore",1.35,103.82,1.5,104.375,2095,3,29.61
"Singapore",1.35,103.82,1.5,104.375,2095,4,30.05
"Singapore",1.35,103.82,1.5,104.375,2095,5,30.57
"Singapore",1.35,103.82,1.5,104.375,2095,6,31.03
"Singapore",1.35,103.82,1.5,104.375,2095,7,31.31
"Singapore",1.35,103.82,1.5,104.375,2095,8,31
"Singapore",1.35,103.82,1.5,104.375,2095,9,30.63
"Singapore",1.35,103.82,1.5,104.375,2095,10,30.18
"Singapore",1.35,103.82,1.5,104.375,2095,11,29.13
"Singapore",1.35,103.82,1.5,104.375,2095,12,29.53
"Singapore",1.35,103.82,1.5,104.375,2096,1,28.77
"Singapore",1.35,103.82,1.5,104.375,2096,2,28.43
"Singapore",1.35,103.82,1.5,104.375,2096,3,28.94
"Singapore",1.35,103.82,1.5,104.375,2096,4,29.78
"Singapore",1.35,103.82,1.5,104.375,2096,5,30.5
"Singapore",1.35,103.82,1.5,104.375,2096,6,30.88
"Singapore",1.35,103.82,1.5,104.375,2096,7,30.87
"Singapore",1.35,103.82,1.5,104.375,2096,8,31.06
"Singapore",1.35,103.82,1.5,104.375,2096,9,30.56
"Singapore",1.35,103.82,1.5,104.375,2096,10,30.31
"Singapore",1.35,103.82,1.5,104.375,2096,11,29.68
"Singapore",1.35,103.82,1.5,104.375,2096,12,29.32
"Singapore",1.35,103.82,1.5,104.375,2097,1,28.99
"Singapore",1.35,103.82,1.5,104.375,2097,2,28.48
"Singapore",1.35,103.82,1.5,104.375,2097,3,28.99
"Singapore",1.35,103.82,1.5,104.375,2097,4,29.58
"Singapore",1.35,103.82,1.5,104.375,2097,5,30.73
"Singapore",1.35,103.82,1.5,104.375,2097,6,30.88
"Singapore",1.35,103.82,1.5,104.375,2097,7,30.99
"Singapore",1.35,103.82,1.5,104.375,2097,8,31.36
"Singapore",1.35,103.82,1.5,104.375,2097,9,31.09
"Singapore",1.35,103.82,1.5,104.375,2097,10,30.8
"Singapore",1.35,103.82,1.5,104.375,2097,11,30.45
"Singapore",1.35,103.82,1.5,104.375,2097,12,29.66
"Singapore",1.35,103.82,1.5,104.375,2098,1,29.22
"Singapore",1.35,103.82,1.5,104.375,2098,2,28.95
"Singapore",1.35,103.82,1.5,104.375,2098,3,29.45
"Singapore",1.35,103.82,1.5,104.375,2098,4,30.05
"Singapore",1.35,103.82,1.5,104.375,2098,5,31.18
"Singapore",1.35,103.82,1.5,104.375,2098,6,31.41
"Singapore",1.35,103.82,1.5,104.375,2098,7,31.35
"Singapore",1.35,103.82,1.5,104.375,2098,8,31.27
"Singapore",1.35,103.82,1.5,104.375,2098,9,31.26
"Singapore",1.35,103.82,1.5,104.375,2098,10,30.16
"Singapore",1.35,103.82,1.5,104.375,2098,11,29.62
"Singapore",1.35,103.82,1.5,104.375,2098,12,29.64
"Singapore",1.35,103.82,1.5,104.375,2099,1,29.1
"Singapore",1.35,103.82,1.5,104.375,2099,2,29.06
"Singapore",1.35,103.82,1.5,104.375,2099,3,29.27
"Singapore",1.35,103.82,1.5,104.375,2099,4,30.28
"Singapore",1.35,103.82,1.5,104.375,2099,5,30.4
"Singapore",1.35,103.82,1.5,104.375,2099,6,30.57
"Singapore",1.35,103.82,1.5,104.375,2099,7,31.09
"Singapore",1.35,103.82,1.5,104.375,2099,8,30.61
"Singapore",1.35,103.82,1.5,104.375,2099,9,30.91
"Singapore",1.35,103.82,1.5,104.375,2099,10,30.72
"Singapore",1.35,103.82,1.5,104.375,2099,11,29.11
"Singapore",1.35,103.82,1.5,104.375,2099,12,29.07
"Singapore",1.35,103.82,1.5,104.375,2100,1,28.51
"Singapore",1.35,103.82,1.5,104.375,2100,2,28.45
"Singapore",1.35,103.82,1.5,104.375,2100,3,28.91
"Singapore",1.35,103.82,1.5,104.375,2100,4,29.96
"Singapore",1.35,103.82,1.5,104.375,2100,5,30.45
"Singapore",1.35,103.82,1.5,104.375,2100,6,31.44
"Singapore",1.35,103.82,1.5,104.375,2100,7,31.42
"Singapore",1.35,103.82,1.5,104.375,2100,8,31.51
"Singapore",1.35,103.82,1.5,104.375,2100,9,31.48
"Singapore",1.35,103.82,1.5,104.375,2100,10,31.21
"Singapore",1.35,103.82,1.5,104.375,2100,11,30.04
"Singapore",1.35,103.82,1.5,104.375,2100,12,29.06
"Mumbai",19.08,72.88,19.5,73.125,2015,1,21.8
"Mumbai",19.08,72.88,19.5,73.125,2015,2,24.24
"Mumbai",19.08,72.88,19.5,73.125,2015,3,27.94
"Mumbai",19.08,72.88,19.5,73.125,2015,4,29.09
"Mumbai",19.08,72.88,19.5,73.125,2015,5,30.53
"Mumbai",19.08,72.88,19.5,73.125,2015,6,27.83
"Mumbai",19.08,72.88,19.5,73.125,2015,7,26.83
"Mumbai",19.08,72.88,19.5,73.125,2015,8,25.72
"Mumbai",19.08,72.88,19.5,73.125,2015,9,25.61
"Mumbai",19.08,72.88,19.5,73.125,2015,10,26.96
"Mumbai",19.08,72.88,19.5,73.125,2015,11,24.17
"Mumbai",19.08,72.88,19.5,73.125,2015,12,21.83
"Mumbai",19.08,72.88,19.5,73.125,2016,1,22.74
"Mumbai",19.08,72.88,19.5,73.125,2016,2,23.45
"Mumbai",19.08,72.88,19.5,73.125,2016,3,25.4
"Mumbai",19.08,72.88,19.5,73.125,2016,4,27.68
"Mumbai",19.08,72.88,19.5,73.125,2016,5,29.59
"Mumbai",19.08,72.88,19.5,73.125,2016,6,26.66
"Mumbai",19.08,72.88,19.5,73.125,2016,7,26.1
"Mumbai",19.08,72.88,19.5,73.125,2016,8,25.3
"Mumbai",19.08,72.88,19.5,73.125,2016,9,25.97
"Mumbai",19.08,72.88,19.5,73.125,2016,10,26.4
"Mumbai",19.08,72.88,19.5,73.125,2016,11,25.64
"Mumbai",19.08,72.88,19.5,73.125,2016,12,22.13
"Mumbai",19.08,72.88,19.5,73.125,2017,1,21.63
"Mumbai",19.08,72.88,19.5,73.125,2017,2,24.8
"Mumbai",19.08,72.88,19.5,73.125,2017,3,26.75
"Mumbai",19.08,72.88,19.5,73.125,2017,4,30.13
"Mumbai",19.08,72.88,19.5,73.125,2017,5,31.01
"Mumbai",19.08,72.88,19.5,73.125,2017,6,28.89
"Mumbai",19.08,72.88,19.5,73.125,2017,7,27.07
"Mumbai",19.08,72.88,19.5,73.125,2017,8,26.6
"Mumbai",19.08,72.88,19.5,73.125,2017,9,26.67
"Mumbai",19.08,72.88,19.5,73.125,2017,10,27.43
"Mumbai",19.08,72.88,19.5,73.125,2017,11,26.84
"Mumbai",19.08,72.88,19.5,73.125,2017,12,23.4
"Mumbai",19.08,72.88,19.5,73.125,2018,1,23.89
"Mumbai",19.08,72.88,19.5,73.125,2018,2,25.12
"Mumbai",19.08,72.88,19.5,73.125,2018,3,26.22
"Mumbai",19.08,72.88,19.5,73.125,2018,4,29.48
"Mumbai",19.08,72.88,19.5,73.125,2018,5,30.27
"Mumbai",19.08,72.88,19.5,73.125,2018,6,29.74
"Mumbai",19.08,72.88,19.5,73.125,2018,7,27.91
"Mumbai",19.08,72.88,19.5,73.125,2018,8,26.74
"Mumbai",19.08,72.88,19.5,73.125,2018,9,26.84
"Mumbai",19.08,72.88,19.5,73.125,2018,10,27.78
"Mumbai",19.08,72.88,19.5,73.125,2018,11,25.05
"Mumbai",19.08,72.88,19.5,73.125,2018,12,22.89
"Mumbai",19.08,72.88,19.5,73.125,2019,1,21.7
"Mumbai",19.08,72.88,19.5,73.125,2019,2,24.13
"Mumbai",19.08,72.88,19.5,73.125,2019,3,27.1
"Mumbai",19.08,72.88,19.5,73.125,2019,4,28.69
"Mumbai",19.08,72.88,19.5,73.125,2019,5,29.62
"Mumbai",19.08,72.88,19.5,73.125,2019,6,26.75
"Mumbai",19.08,72.88,19.5,73.125,2019,7,26.14
"Mumbai",19.08,72.88,19.5,73.125,2019,8,25.74
"Mumbai",19.08,72.88,19.5,73.125,2019,9,25.8
"Mumbai",19.08,72.88,19.5,73.125,2019,10,27.01
"Mumbai",19.08,72.88,19.5,73.125,2019,11,23.27
"Mumbai",19.08,72.88,19.5,73.125,2019,12,22.28
"Mumbai",19.08,72.88,19.5,73.125,2020,1,22.38
"Mumbai",19.08,72.88,19.5,73.125,2020,2,23.76
"Mumbai",19.08,72.88,19.5,73.125,2020,3,25.58
"Mumbai",19.08,72.88,19.5,73.125,2020,4,27.63
"Mumbai",19.08,72.88,19.5,73.125,2020,5,29.97
"Mumbai",19.08,72.88,19.5,73.125,2020,6,28.73
"Mumbai",19.08,72.88,19.5,73.125,2020,7,26.19
"Mumbai",19.08,72.88,19.5,73.125,2020,8,26.61
"Mumbai",19.08,72.88,19.5,73.125,2020,9,27.39
"Mumbai",19.08,72.88,19.5,73.125,2020,10,29.07
"Mumbai",19.08,72.88,19.5,73.125,2020,11,27.31
"Mumbai",19.08,72.88,19.5,73.125,2020,12,24.61
"Mumbai",19.08,72.88,19.5,73.125,2021,1,21.43
"Mumbai",19.08,72.88,19.5,73.125,2021,2,26.33
"Mumbai",19.08,72.88,19.5,73.125,2021,3,26.41
"Mumbai",19.08,72.88,19.5,73.125,2021,4,28.31
"Mumbai",19.08,72.88,19.5,73.125,2021,5,30.32
"Mumbai",19.08,72.88,19.5,73.125,2021,6,29.46
"Mumbai",19.08,72.88,19.5,73.125,2021,7,26.93
"Mumbai",19.08,72.88,19.5,73.125,2021,8,26.53
"Mumbai",19.08,72.88,19.5,73.125,2021,9,26.52
"Mumbai",19.08,72.88,19.5,73.125,2021,10,26.94
"Mumbai",19.08,72.88,19.5,73.125,2021,11,24.67
"Mumbai",19.08,72.88,19.5,73.125,2021,12,23.78
"Mumbai",19.08,72.88,19.5,73.125,2022,1,22.88
"Mumbai",19.08,72.88,19.5,73.125,2022,2,23.39
"Mumbai",19.08,72.88,19.5,73.125,2022,3,27.39
"Mumbai",19.08,72.88,19.5,73.125,2022,4,30.52
"Mumbai",19.08,72.88,19.5,73.125,2022,5,30.47
"Mumbai",19.08,72.88,19.5,73.125,2022,6,28.7
"Mumbai",19.08,72.88,19.5,73.125,2022,7,26.47
"Mumbai",19.08,72.88,19.5,73.125,2022,8,25.94
"Mumbai",19.08,72.88,19.5,73.125,2022,9,25.85
"Mumbai",19.08,72.88,19.5,73.125,2022,10,26.09
"Mumbai",19.08,72.88,19.5,73.125,2022,11,25.32
"Mumbai",19.08,72.88,19.5,73.125,2022,12,20.78
"Mumbai",19.08,72.88,19.5,73.125,2023,1,21.93
"Mumbai",19.08,72.88,19.5,73.125,2023,2,21.65
"Mumbai",19.08,72.88,19.5,73.125,2023,3,26.67
"Mumbai",19.08,72.88,19.5,73.125,2023,4,28.58
"Mumbai",19.08,72.88,19.5,73.125,2023,5,28.33
"Mumbai",19.08,72.88,19.5,73.125,2023,6,28.32
"Mumbai",19.08,72.88,19.5,73.125,2023,7,26.95
"Mumbai",19.08,72.88,19.5,73.125,2023,8,25.85
"Mumbai",19.08,72.88,19.5,73.125,2023,9,25.89
"Mumbai",19.08,72.88,19.5,73.125,2023,10,28.59
"Mumbai",19.08,72.88,19.5,73.125,2023,11,25.74
"Mumbai",19.08,72.88,19.5,73.125,2023,12,23
"Mumbai",19.08,72.88,19.5,73.125,2024,1,22.69
"Mumbai",19.08,72.88,19.5,73.125,2024,2,23.81
"Mumbai",19.08,72.88,19.5,73.125,2024,3,26.01
"Mumbai",19.08,72.88,19.5,73.125,2024,4,28.3
"Mumbai",19.08,72.88,19.5,73.125,2024,5,29.97
"Mumbai",19.08,72.88,19.5,73.125,2024,6,30.04
"Mumbai",19.08,72.88,19.5,73.125,2024,7,27.59
"Mumbai",19.08,72.88,19.5,73.125,2024,8,27.61
"Mumbai",19.08,72.88,19.5,73.125,2024,9,26.81
"Mumbai",19.08,72.88,19.5,73.125,2024,10,27.09
"Mumbai",19.08,72.88,19.5,73.125,2024,11,24.23
"Mumbai",19.08,72.88,19.5,73.125,2024,12,21.9
"Mumbai",19.08,72.88,19.5,73.125,2025,1,22.62
"Mumbai",19.08,72.88,19.5,73.125,2025,2,23.47
"Mumbai",19.08,72.88,19.5,73.125,2025,3,26.68
"Mumbai",19.08,72.88,19.5,73.125,2025,4,30.33
"Mumbai",19.08,72.88,19.5,73.125,2025,5,30.34
"Mumbai",19.08,72.88,19.5,73.125,2025,6,28.9
"Mumbai",19.08,72.88,19.5,73.125,2025,7,26.74
"Mumbai",19.08,72.88,19.5,73.125,2025,8,26.37
"Mumbai",19.08,72.88,19.5,73.125,2025,9,27.13
"Mumbai",19.08,72.88,19.5,73.125,2025,10,27.35
"Mumbai",19.08,72.88,19.5,73.125,2025,11,25.59
"Mumbai",19.08,72.88,19.5,73.125,2025,12,23.85
"Mumbai",19.08,72.88,19.5,73.125,2026,1,21.34
"Mumbai",19.08,72.88,19.5,73.125,2026,2,21.41
"Mumbai",19.08,72.88,19.5,73.125,2026,3,25.86
"Mumbai",19.08,72.88,19.5,73.125,2026,4,29.29
"Mumbai",19.08,72.88,19.5,73.125,2026,5,30.98
"Mumbai",19.08,72.88,19.5,73.125,2026,6,28.02
"Mumbai",19.08,72.88,19.5,73.125,2026,7,26.49
"Mumbai",19.08,72.88,19.5,73.125,2026,8,26.31
"Mumbai",19.08,72.88,19.5,73.125,2026,9,26.15
"Mumbai",19.08,72.88,19.5,73.125,2026,10,26.31
"Mumbai",19.08,72.88,19.5,73.125,2026,11,25.18
"Mumbai",19.08,72.88,19.5,73.125,2026,12,22.59
"Mumbai",19.08,72.88,19.5,73.125,2027,1,22.04
"Mumbai",19.08,72.88,19.5,73.125,2027,2,22.42
"Mumbai",19.08,72.88,19.5,73.125,2027,3,26.1
"Mumbai",19.08,72.88,19.5,73.125,2027,4,28.22
"Mumbai",19.08,72.88,19.5,73.125,2027,5,29.69
"Mumbai",19.08,72.88,19.5,73.125,2027,6,29.12
"Mumbai",19.08,72.88,19.5,73.125,2027,7,27.98
"Mumbai",19.08,72.88,19.5,73.125,2027,8,27.47
"Mumbai",19.08,72.88,19.5,73.125,2027,9,27.89
"Mumbai",19.08,72.88,19.5,73.125,2027,10,28.67
"Mumbai",19.08,72.88,19.5,73.125,2027,11,26.99
"Mumbai",19.08,72.88,19.5,73.125,2027,12,23.32
"Mumbai",19.08,72.88,19.5,73.125,2028,1,22.74
"Mumbai",19.08,72.88,19.5,73.125,2028,2,24.07
"Mumbai",19.08,72.88,19.5,73.125,2028,3,26.97
"Mumbai",19.08,72.88,19.5,73.125,2028,4,30.16
"Mumbai",19.08,72.88,19.5,73.125,2028,5,30.76
"Mumbai",19.08,72.88,19.5,73.125,2028,6,30.06
"Mumbai",19.08,72.88,19.5,73.125,2028,7,28.04
"Mumbai",19.08,72.88,19.5,73.125,2028,8,27.08
"Mumbai",19.08,72.88,19.5,73.125,2028,9,26.52
"Mumbai",19.08,72.88,19.5,73.125,2028,10,27.43
"Mumbai",19.08,72.88,19.5,73.125,2028,11,25.55
"Mumbai",19.08,72.88,19.5,73.125,2028,12,22.85
"Mumbai",19.08,72.88,19.5,73.125,2029,1,23.47
"Mumbai",19.08,72.88,19.5,73.125,2029,2,22.78
"Mumbai",19.08,72.88,19.5,73.125,2029,3,26.2
"Mumbai",19.08,72.88,19.5,73.125,2029,4,30.22
"Mumbai",19.08,72.88,19.5,73.125,2029,5,29.09
"Mumbai",19.08,72.88,19.5,73.125,2029,6,28.42
"Mumbai",19.08,72.88,19.5,73.125,2029,7,25.13
"Mumbai",19.08,72.88,19.5,73.125,2029,8,25.79
"Mumbai",19.08,72.88,19.5,73.125,2029,9,25.32
"Mumbai",19.08,72.88,19.5,73.125,2029,10,27.07
"Mumbai",19.08,72.88,19.5,73.125,2029,11,25.65
"Mumbai",19.08,72.88,19.5,73.125,2029,12,23.82
"Mumbai",19.08,72.88,19.5,73.125,2030,1,23.31
"Mumbai",19.08,72.88,19.5,73.125,2030,2,23.21
"Mumbai",19.08,72.88,19.5,73.125,2030,3,27.61
"Mumbai",19.08,72.88,19.5,73.125,2030,4,29.39
"Mumbai",19.08,72.88,19.5,73.125,2030,5,29.61
"Mumbai",19.08,72.88,19.5,73.125,2030,6,29.35
"Mumbai",19.08,72.88,19.5,73.125,2030,7,26.65
"Mumbai",19.08,72.88,19.5,73.125,2030,8,26.71
"Mumbai",19.08,72.88,19.5,73.125,2030,9,26.41
"Mumbai",19.08,72.88,19.5,73.125,2030,10,27.15
"Mumbai",19.08,72.88,19.5,73.125,2030,11,24.05
"Mumbai",19.08,72.88,19.5,73.125,2030,12,21.41
"Mumbai",19.08,72.88,19.5,73.125,2031,1,21.13
"Mumbai",19.08,72.88,19.5,73.125,2031,2,24.99
"Mumbai",19.08,72.88,19.5,73.125,2031,3,25.25
"Mumbai",19.08,72.88,19.5,73.125,2031,4,28.03
"Mumbai",19.08,72.88,19.5,73.125,2031,5,30.81
"Mumbai",19.08,72.88,19.5,73.125,2031,6,30.14
"Mumbai",19.08,72.88,19.5,73.125,2031,7,28.06
"Mumbai",19.08,72.88,19.5,73.125,2031,8,27.94
"Mumbai",19.08,72.88,19.5,73.125,2031,9,29.4
"Mumbai",19.08,72.88,19.5,73.125,2031,10,27.44
"Mumbai",19.08,72.88,19.5,73.125,2031,11,27.35
"Mumbai",19.08,72.88,19.5,73.125,2031,12,25.83
"Mumbai",19.08,72.88,19.5,73.125,2032,1,23.08
"Mumbai",19.08,72.88,19.5,73.125,2032,2,23.87
"Mumbai",19.08,72.88,19.5,73.125,2032,3,26.43
"Mumbai",19.08,72.88,19.5,73.125,2032,4,30.44
"Mumbai",19.08,72.88,19.5,73.125,2032,5,29.92
"Mumbai",19.08,72.88,19.5,73.125,2032,6,29.89
"Mumbai",19.08,72.88,19.5,73.125,2032,7,27.34
"Mumbai",19.08,72.88,19.5,73.125,2032,8,26.79
"Mumbai",19.08,72.88,19.5,73.125,2032,9,26.91
"Mumbai",19.08,72.88,19.5,73.125,2032,10,28.08
"Mumbai",19.08,72.88,19.5,73.125,2032,11,25.98
"Mumbai",19.08,72.88,19.5,73.125,2032,12,23.48
"Mumbai",19.08,72.88,19.5,73.125,2033,1,22.97
"Mumbai",19.08,72.88,19.5,73.125,2033,2,23.83
"Mumbai",19.08,72.88,19.5,73.125,2033,3,26.72
"Mumbai",19.08,72.88,19.5,73.125,2033,4,28.92
"Mumbai",19.08,72.88,19.5,73.125,2033,5,29.79
"Mumbai",19.08,72.88,19.5,73.125,2033,6,28.35
"Mumbai",19.08,72.88,19.5,73.125,2033,7,26.18
"Mumbai",19.08,72.88,19.5,73.125,2033,8,26.15
"Mumbai",19.08,72.88,19.5,73.125,2033,9,26.56
"Mumbai",19.08,72.88,19.5,73.125,2033,10,27.62
"Mumbai",19.08,72.88,19.5,73.125,2033,11,27.04
"Mumbai",19.08,72.88,19.5,73.125,2033,12,25.92
"Mumbai",19.08,72.88,19.5,73.125,2034,1,23.5
"Mumbai",19.08,72.88,19.5,73.125,2034,2,23.78
"Mumbai",19.08,72.88,19.5,73.125,2034,3,27.27
"Mumbai",19.08,72.88,19.5,73.125,2034,4,28.39
"Mumbai",19.08,72.88,19.5,73.125,2034,5,29.22
"Mumbai",19.08,72.88,19.5,73.125,2034,6,30.62
"Mumbai",19.08,72.88,19.5,73.125,2034,7,28.4
"Mumbai",19.08,72.88,19.5,73.125,2034,8,27.22
"Mumbai",19.08,72.88,19.5,73.125,2034,9,27.27
"Mumbai",19.08,72.88,19.5,73.125,2034,10,29.61
"Mumbai",19.08,72.88,19.5,73.125,2034,11,25.42
"Mumbai",19.08,72.88,19.5,73.125,2034,12,24.51
"Mumbai",19.08,72.88,19.5,73.125,2035,1,22.61
"Mumbai",19.08,72.88,19.5,73.125,2035,2,26.07
"Mumbai",19.08,72.88,19.5,73.125,2035,3,27.97
"Mumbai",19.08,72.88,19.5,73.125,2035,4,30.32
"Mumbai",19.08,72.88,19.5,73.125,2035,5,30.62
"Mumbai",19.08,72.88,19.5,73.125,2035,6,29.11
"Mumbai",19.08,72.88,19.5,73.125,2035,7,27.46
"Mumbai",19.08,72.88,19.5,73.125,2035,8,26.1
"Mumbai",19.08,72.88,19.5,73.125,2035,9,25.94
"Mumbai",19.08,72.88,19.5,73.125,2035,10,26.59
"Mumbai",19.08,72.88,19.5,73.125,2035,11,25.51
"Mumbai",19.08,72.88,19.5,73.125,2035,12,23.8
"Mumbai",19.08,72.88,19.5,73.125,2036,1,21.12
"Mumbai",19.08,72.88,19.5,73.125,2036,2,24.25
"Mumbai",19.08,72.88,19.5,73.125,2036,3,25.38
"Mumbai",19.08,72.88,19.5,73.125,2036,4,29.79
"Mumbai",19.08,72.88,19.5,73.125,2036,5,30.24
"Mumbai",19.08,72.88,19.5,73.125,2036,6,28.92
"Mumbai",19.08,72.88,19.5,73.125,2036,7,27.4
"Mumbai",19.08,72.88,19.5,73.125,2036,8,25.99
"Mumbai",19.08,72.88,19.5,73.125,2036,9,26.09
"Mumbai",19.08,72.88,19.5,73.125,2036,10,27.4
"Mumbai",19.08,72.88,19.5,73.125,2036,11,26.37
"Mumbai",19.08,72.88,19.5,73.125,2036,12,24.42
"Mumbai",19.08,72.88,19.5,73.125,2037,1,22.63
"Mumbai",19.08,72.88,19.5,73.125,2037,2,24.28
"Mumbai",19.08,72.88,19.5,73.125,2037,3,26.44
"Mumbai",19.08,72.88,19.5,73.125,2037,4,27.94
"Mumbai",19.08,72.88,19.5,73.125,2037,5,29.3
"Mumbai",19.08,72.88,19.5,73.125,2037,6,28.92
"Mumbai",19.08,72.88,19.5,73.125,2037,7,27.25
"Mumbai",19.08,72.88,19.5,73.125,2037,8,27.18
"Mumbai",19.08,72.88,19.5,73.125,2037,9,27.83
"Mumbai",19.08,72.88,19.5,73.125,2037,10,26.1
"Mumbai",19.08,72.88,19.5,73.125,2037,11,25.31
"Mumbai",19.08,72.88,19.5,73.125,2037,12,23.87
"Mumbai",19.08,72.88,19.5,73.125,2038,1,23.62
"Mumbai",19.08,72.88,19.5,73.125,2038,2,24.35
"Mumbai",19.08,72.88,19.5,73.125,2038,3,27.16
"Mumbai",19.08,72.88,19.5,73.125,2038,4,29.9
"Mumbai",19.08,72.88,19.5,73.125,2038,5,31.89
"Mumbai",19.08,72.88,19.5,73.125,2038,6,30.26
"Mumbai",19.08,72.88,19.5,73.125,2038,7,27.83
"Mumbai",19.08,72.88,19.5,73.125,2038,8,26.74
"Mumbai",19.08,72.88,19.5,73.125,2038,9,26.87
"Mumbai",19.08,72.88,19.5,73.125,2038,10,28.32
"Mumbai",19.08,72.88,19.5,73.125,2038,11,26.88
"Mumbai",19.08,72.88,19.5,73.125,2038,12,25.92
"Mumbai",19.08,72.88,19.5,73.125,2039,1,25.34
"Mumbai",19.08,72.88,19.5,73.125,2039,2,24.19
"Mumbai",19.08,72.88,19.5,73.125,2039,3,26.23
"Mumbai",19.08,72.88,19.5,73.125,2039,4,29.34
"Mumbai",19.08,72.88,19.5,73.125,2039,5,29.2
"Mumbai",19.08,72.88,19.5,73.125,2039,6,28.78
"Mumbai",19.08,72.88,19.5,73.125,2039,7,25.93
"Mumbai",19.08,72.88,19.5,73.125,2039,8,26.73
"Mumbai",19.08,72.88,19.5,73.125,2039,9,26.27
"Mumbai",19.08,72.88,19.5,73.125,2039,10,27.73
"Mumbai",19.08,72.88,19.5,73.125,2039,11,25.22
"Mumbai",19.08,72.88,19.5,73.125,2039,12,23.71
"Mumbai",19.08,72.88,19.5,73.125,2040,1,22.06
"Mumbai",19.08,72.88,19.5,73.125,2040,2,24.78
"Mumbai",19.08,72.88,19.5,73.125,2040,3,27.72
"Mumbai",19.08,72.88,19.5,73.125,2040,4,27.61
"Mumbai",19.08,72.88,19.5,73.125,2040,5,29.38
"Mumbai",19.08,72.88,19.5,73.125,2040,6,28.67
"Mumbai",19.08,72.88,19.5,73.125,2040,7,27.11
"Mumbai",19.08,72.88,19.5,73.125,2040,8,26.37
"Mumbai",19.08,72.88,19.5,73.125,2040,9,26.75
"Mumbai",19.08,72.88,19.5,73.125,2040,10,29.27
"Mumbai",19.08,72.88,19.5,73.125,2040,11,26.1
"Mumbai",19.08,72.88,19.5,73.125,2040,12,25.01
"Mumbai",19.08,72.88,19.5,73.125,2041,1,24.59
"Mumbai",19.08,72.88,19.5,73.125,2041,2,25.18
"Mumbai",19.08,72.88,19.5,73.125,2041,3,26.93
"Mumbai",19.08,72.88,19.5,73.125,2041,4,27.28
"Mumbai",19.08,72.88,19.5,73.125,2041,5,30.2
"Mumbai",19.08,72.88,19.5,73.125,2041,6,29.93
"Mumbai",19.08,72.88,19.5,73.125,2041,7,28.62
"Mumbai",19.08,72.88,19.5,73.125,2041,8,26.6
"Mumbai",19.08,72.88,19.5,73.125,2041,9,27.88
"Mumbai",19.08,72.88,19.5,73.125,2041,10,27.96
"Mumbai",19.08,72.88,19.5,73.125,2041,11,25.34
"Mumbai",19.08,72.88,19.5,73.125,2041,12,24.27
"Mumbai",19.08,72.88,19.5,73.125,2042,1,22.43
"Mumbai",19.08,72.88,19.5,73.125,2042,2,24.88
"Mumbai",19.08,72.88,19.5,73.125,2042,3,26.17
"Mumbai",19.08,72.88,19.5,73.125,2042,4,30.63
"Mumbai",19.08,72.88,19.5,73.125,2042,5,29.59
"Mumbai",19.08,72.88,19.5,73.125,2042,6,28.33
"Mumbai",19.08,72.88,19.5,73.125,2042,7,26.19
"Mumbai",19.08,72.88,19.5,73.125,2042,8,26.6
"Mumbai",19.08,72.88,19.5,73.125,2042,9,26.32
"Mumbai",19.08,72.88,19.5,73.125,2042,10,26.55
"Mumbai",19.08,72.88,19.5,73.125,2042,11,24.93
"Mumbai",19.08,72.88,19.5,73.125,2042,12,24.13
"Mumbai",19.08,72.88,19.5,73.125,2043,1,22.58
"Mumbai",19.08,72.88,19.5,73.125,2043,2,22.91
"Mumbai",19.08,72.88,19.5,73.125,2043,3,26.6
"Mumbai",19.08,72.88,19.5,73.125,2043,4,28.12
"Mumbai",19.08,72.88,19.5,73.125,2043,5,30.82
"Mumbai",19.08,72.88,19.5,73.125,2043,6,31.24
"Mumbai",19.08,72.88,19.5,73.125,2043,7,27.13
"Mumbai",19.08,72.88,19.5,73.125,2043,8,26.64
"Mumbai",19.08,72.88,19.5,73.125,2043,9,27.06
"Mumbai",19.08,72.88,19.5,73.125,2043,10,29.64
"Mumbai",19.08,72.88,19.5,73.125,2043,11,27.8
"Mumbai",19.08,72.88,19.5,73.125,2043,12,24.99
"Mumbai",19.08,72.88,19.5,73.125,2044,1,24.28
"Mumbai",19.08,72.88,19.5,73.125,2044,2,24.97
"Mumbai",19.08,72.88,19.5,73.125,2044,3,27.81
"Mumbai",19.08,72.88,19.5,73.125,2044,4,30.08
"Mumbai",19.08,72.88,19.5,73.125,2044,5,30.96
"Mumbai",19.08,72.88,19.5,73.125,2044,6,29.84
"Mumbai",19.08,72.88,19.5,73.125,2044,7,28.17
"Mumbai",19.08,72.88,19.5,73.125,2044,8,27.31
"Mumbai",19.08,72.88,19.5,73.125,2044,9,27.28
"Mumbai",19.08,72.88,19.5,73.125,2044,10,27.94
"Mumbai",19.08,72.88,19.5,73.125,2044,11,26.65
"Mumbai",19.08,72.88,19.5,73.125,2044,12,24.12
"Mumbai",19.08,72.88,19.5,73.125,2045,1,21.83
"Mumbai",19.08,72.88,19.5,73.125,2045,2,23.37
"Mumbai",19.08,72.88,19.5,73.125,2045,3,28.17
"Mumbai",19.08,72.88,19.5,73.125,2045,4,28.43
"Mumbai",19.08,72.88,19.5,73.125,2045,5,31.09
"Mumbai",19.08,72.88,19.5,73.125,2045,6,29.19
"Mumbai",19.08,72.88,19.5,73.125,2045,7,26.8
"Mumbai",19.08,72.88,19.5,73.125,2045,8,25.99
"Mumbai",19.08,72.88,19.5,73.125,2045,9,26.88
"Mumbai",19.08,72.88,19.5,73.125,2045,10,27.2
"Mumbai",19.08,72.88,19.5,73.125,2045,11,26.62
"Mumbai",19.08,72.88,19.5,73.125,2045,12,25.27
"Mumbai",19.08,72.88,19.5,73.125,2046,1,22.95
"Mumbai",19.08,72.88,19.5,73.125,2046,2,24.11
"Mumbai",19.08,72.88,19.5,73.125,2046,3,27.31
"Mumbai",19.08,72.88,19.5,73.125,2046,4,29.35
"Mumbai",19.08,72.88,19.5,73.125,2046,5,30.78
"Mumbai",19.08,72.88,19.5,73.125,2046,6,29.7
"Mumbai",19.08,72.88,19.5,73.125,2046,7,27.92
"Mumbai",19.08,72.88,19.5,73.125,2046,8,26.64
"Mumbai",19.08,72.88,19.5,73.125,2046,9,27.05
"Mumbai",19.08,72.88,19.5,73.125,2046,10,26.47
"Mumbai",19.08,72.88,19.5,73.125,2046,11,26.33
"Mumbai",19.08,72.88,19.5,73.125,2046,12,23.72
"Mumbai",19.08,72.88,19.5,73.125,2047,1,22.47
"Mumbai",19.08,72.88,19.5,73.125,2047,2,24.09
"Mumbai",19.08,72.88,19.5,73.125,2047,3,25.8
"Mumbai",19.08,72.88,19.5,73.125,2047,4,29.4
"Mumbai",19.08,72.88,19.5,73.125,2047,5,30.73
"Mumbai",19.08,72.88,19.5,73.125,2047,6,29.43
"Mumbai",19.08,72.88,19.5,73.125,2047,7,28.15
"Mumbai",19.08,72.88,19.5,73.125,2047,8,27.61
"Mumbai",19.08,72.88,19.5,73.125,2047,9,29.03
"Mumbai",19.08,72.88,19.5,73.125,2047,10,27.31
"Mumbai",19.08,72.88,19.5,73.125,2047,11,27.34
"Mumbai",19.08,72.88,19.5,73.125,2047,12,24.66
"Mumbai",19.08,72.88,19.5,73.125,2048,1,22.78
"Mumbai",19.08,72.88,19.5,73.125,2048,2,26.43
"Mumbai",19.08,72.88,19.5,73.125,2048,3,29.17
"Mumbai",19.08,72.88,19.5,73.125,2048,4,29
"Mumbai",19.08,72.88,19.5,73.125,2048,5,32.1
"Mumbai",19.08,72.88,19.5,73.125,2048,6,30.74
"Mumbai",19.08,72.88,19.5,73.125,2048,7,28.66
"Mumbai",19.08,72.88,19.5,73.125,2048,8,27.17
"Mumbai",19.08,72.88,19.5,73.125,2048,9,27.14
"Mumbai",19.08,72.88,19.5,73.125,2048,10,27.46
"Mumbai",19.08,72.88,19.5,73.125,2048,11,27.29
"Mumbai",19.08,72.88,19.5,73.125,2048,12,24.84
"Mumbai",19.08,72.88,19.5,73.125,2049,1,23.18
"Mumbai",19.08,72.88,19.5,73.125,2049,2,26.35
"Mumbai",19.08,72.88,19.5,73.125,2049,3,28.66
"Mumbai",19.08,72.88,19.5,73.125,2049,4,30.12
"Mumbai",19.08,72.88,19.5,73.125,2049,5,31
"Mumbai",19.08,72.88,19.5,73.125,2049,6,28.72
"Mumbai",19.08,72.88,19.5,73.125,2049,7,26.58
"Mumbai",19.08,72.88,19.5,73.125,2049,8,26.36
"Mumbai",19.08,72.88,19.5,73.125,2049,9,27.39
"Mumbai",19.08,72.88,19.5,73.125,2049,10,27.5
"Mumbai",19.08,72.88,19.5,73.125,2049,11,26.97
"Mumbai",19.08,72.88,19.5,73.125,2049,12,24.75
"Mumbai",19.08,72.88,19.5,73.125,2050,1,24.56
"Mumbai",19.08,72.88,19.5,73.125,2050,2,25.86
"Mumbai",19.08,72.88,19.5,73.125,2050,3,27.09
"Mumbai",19.08,72.88,19.5,73.125,2050,4,30.11
"Mumbai",19.08,72.88,19.5,73.125,2050,5,30.34
"Mumbai",19.08,72.88,19.5,73.125,2050,6,30.11
"Mumbai",19.08,72.88,19.5,73.125,2050,7,28.75
"Mumbai",19.08,72.88,19.5,73.125,2050,8,28.13
"Mumbai",19.08,72.88,19.5,73.125,2050,9,27.35
"Mumbai",19.08,72.88,19.5,73.125,2050,10,27.75
"Mumbai",19.08,72.88,19.5,73.125,2050,11,25.86
"Mumbai",19.08,72.88,19.5,73.125,2050,12,23.76
"Mumbai",19.08,72.88,19.5,73.125,2051,1,22.72
"Mumbai",19.08,72.88,19.5,73.125,2051,2,25.06
"Mumbai",19.08,72.88,19.5,73.125,2051,3,29.53
"Mumbai",19.08,72.88,19.5,73.125,2051,4,30.48
"Mumbai",19.08,72.88,19.5,73.125,2051,5,30.04
"Mumbai",19.08,72.88,19.5,73.125,2051,6,29.56
"Mumbai",19.08,72.88,19.5,73.125,2051,7,27.32
"Mumbai",19.08,72.88,19.5,73.125,2051,8,26.3
"Mumbai",19.08,72.88,19.5,73.125,2051,9,26.38
"Mumbai",19.08,72.88,19.5,73.125,2051,10,27.98
"Mumbai",19.08,72.88,19.5,73.125,2051,11,27.1
"Mumbai",19.08,72.88,19.5,73.125,2051,12,23.36
"Mumbai",19.08,72.88,19.5,73.125,2052,1,23
"Mumbai",19.08,72.88,19.5,73.125,2052,2,24.96
"Mumbai",19.08,72.88,19.5,73.125,2052,3,27.62
"Mumbai",19.08,72.88,19.5,73.125,2052,4,29.9
"Mumbai",19.08,72.88,19.5,73.125,2052,5,31.37
"Mumbai",19.08,72.88,19.5,73.125,2052,6,29.67
"Mumbai",19.08,72.88,19.5,73.125,2052,7,28.3
"Mumbai",19.08,72.88,19.5,73.125,2052,8,27.71
"Mumbai",19.08,72.88,19.5,73.125,2052,9,27.53
"Mumbai",19.08,72.88,19.5,73.125,2052,10,27.94
"Mumbai",19.08,72.88,19.5,73.125,2052,11,27.24
"Mumbai",19.08,72.88,19.5,73.125,2052,12,25.91
"Mumbai",19.08,72.88,19.5,73.125,2053,1,25.03
"Mumbai",19.08,72.88,19.5,73.125,2053,2,24.86
"Mumbai",19.08,72.88,19.5,73.125,2053,3,27.56
"Mumbai",19.08,72.88,19.5,73.125,2053,4,29.99
"Mumbai",19.08,72.88,19.5,73.125,2053,5,31.43
"Mumbai",19.08,72.88,19.5,73.125,2053,6,30.25
"Mumbai",19.08,72.88,19.5,73.125,2053,7,27.9
"Mumbai",19.08,72.88,19.5,73.125,2053,8,27.3
"Mumbai",19.08,72.88,19.5,73.125,2053,9,28.54
"Mumbai",19.08,72.88,19.5,73.125,2053,10,29.08
"Mumbai",19.08,72.88,19.5,73.125,2053,11,25.45
"Mumbai",19.08,72.88,19.5,73.125,2053,12,24
"Mumbai",19.08,72.88,19.5,73.125,2054,1,24.48
"Mumbai",19.08,72.88,19.5,73.125,2054,2,24.76
"Mumbai",19.08,72.88,19.5,73.125,2054,3,28.53
"Mumbai",19.08,72.88,19.5,73.125,2054,4,30.27
"Mumbai",19.08,72.88,19.5,73.125,2054,5,32.41
"Mumbai",19.08,72.88,19.5,73.125,2054,6,29.05
"Mumbai",19.08,72.88,19.5,73.125,2054,7,26.63
"Mumbai",19.08,72.88,19.5,73.125,2054,8,26.34
"Mumbai",19.08,72.88,19.5,73.125,2054,9,27.39
"Mumbai",19.08,72.88,19.5,73.125,2054,10,26.45
"Mumbai",19.08,72.88,19.5,73.125,2054,11,26.46
"Mumbai",19.08,72.88,19.5,73.125,2054,12,24.85
"Mumbai",19.08,72.88,19.5,73.125,2055,1,23.89
"Mumbai",19.08,72.88,19.5,73.125,2055,2,24.63
"Mumbai",19.08,72.88,19.5,73.125,2055,3,27.18
"Mumbai",19.08,72.88,19.5,73.125,2055,4,29.63
"Mumbai",19.08,72.88,19.5,73.125,2055,5,31.14
"Mumbai",19.08,72.88,19.5,73.125,2055,6,30.04
"Mumbai",19.08,72.88,19.5,73.125,2055,7,27.78
"Mumbai",19.08,72.88,19.5,73.125,2055,8,27.75
"Mumbai",19.08,72.88,19.5,73.125,2055,9,29.46
"Mumbai",19.08,72.88,19.5,73.125,2055,10,30.68
"Mumbai",19.08,72.88,19.5,73.125,2055,11,28.87
"Mumbai",19.08,72.88,19.5,73.125,2055,12,25.14
"Mumbai",19.08,72.88,19.5,73.125,2056,1,23
"Mumbai",19.08,72.88,19.5,73.125,2056,2,25.16
"Mumbai",19.08,72.88,19.5,73.125,2056,3,28.05
"Mumbai",19.08,72.88,19.5,73.125,2056,4,31.16
"Mumbai",19.08,72.88,19.5,73.125,2056,5,30.98
"Mumbai",19.08,72.88,19.5,73.125,2056,6,30.54
"Mumbai",19.08,72.88,19.5,73.125,2056,7,27.36
"Mumbai",19.08,72.88,19.5,73.125,2056,8,27.31
"Mumbai",19.08,72.88,19.5,73.125,2056,9,27.49
"Mumbai",19.08,72.88,19.5,73.125,2056,10,28.47
"Mumbai",19.08,72.88,19.5,73.125,2056,11,25.83
"Mumbai",19.08,72.88,19.5,73.125,2056,12,23.3
"Mumbai",19.08,72.88,19.5,73.125,2057,1,22.48
"Mumbai",19.08,72.88,19.5,73.125,2057,2,24.7
"Mumbai",19.08,72.88,19.5,73.125,2057,3,27.37
"Mumbai",19.08,72.88,19.5,73.125,2057,4,30.32
"Mumbai",19.08,72.88,19.5,73.125,2057,5,30.5
"Mumbai",19.08,72.88,19.5,73.125,2057,6,27.78
"Mumbai",19.08,72.88,19.5,73.125,2057,7,27.5
"Mumbai",19.08,72.88,19.5,73.125,2057,8,27.56
"Mumbai",19.08,72.88,19.5,73.125,2057,9,26.83
"Mumbai",19.08,72.88,19.5,73.125,2057,10,27.86
"Mumbai",19.08,72.88,19.5,73.125,2057,11,25.59
"Mumbai",19.08,72.88,19.5,73.125,2057,12,23.43
"Mumbai",19.08,72.88,19.5,73.125,2058,1,23.61
"Mumbai",19.08,72.88,19.5,73.125,2058,2,26.7
"Mumbai",19.08,72.88,19.5,73.125,2058,3,28.79
"Mumbai",19.08,72.88,19.5,73.125,2058,4,31.54
"Mumbai",19.08,72.88,19.5,73.125,2058,5,31.37
"Mumbai",19.08,72.88,19.5,73.125,2058,6,28.71
"Mumbai",19.08,72.88,19.5,73.125,2058,7,27.11
"Mumbai",19.08,72.88,19.5,73.125,2058,8,27.13
"Mumbai",19.08,72.88,19.5,73.125,2058,9,27.51
"Mumbai",19.08,72.88,19.5,73.125,2058,10,28.56
"Mumbai",19.08,72.88,19.5,73.125,2058,11,27.8
"Mumbai",19.08,72.88,19.5,73.125,2058,12,24.71
"Mumbai",19.08,72.88,19.5,73.125,2059,1,23.58
"Mumbai",19.08,72.88,19.5,73.125,2059,2,24.87
"Mumbai",19.08,72.88,19.5,73.125,2059,3,27.12
"Mumbai",19.08,72.88,19.5,73.125,2059,4,32.36
"Mumbai",19.08,72.88,19.5,73.125,2059,5,32.05
"Mumbai",19.08,72.88,19.5,73.125,2059,6,31.77
"Mumbai",19.08,72.88,19.5,73.125,2059,7,28.77
"Mumbai",19.08,72.88,19.5,73.125,2059,8,28.27
"Mumbai",19.08,72.88,19.5,73.125,2059,9,28.23
"Mumbai",19.08,72.88,19.5,73.125,2059,10,29.94
"Mumbai",19.08,72.88,19.5,73.125,2059,11,28.52
"Mumbai",19.08,72.88,19.5,73.125,2059,12,25.93
"Mumbai",19.08,72.88,19.5,73.125,2060,1,24.56
"Mumbai",19.08,72.88,19.5,73.125,2060,2,24.92
"Mumbai",19.08,72.88,19.5,73.125,2060,3,27.98
"Mumbai",19.08,72.88,19.5,73.125,2060,4,32.39
"Mumbai",19.08,72.88,19.5,73.125,2060,5,31.58
"Mumbai",19.08,72.88,19.5,73.125,2060,6,29.04
"Mumbai",19.08,72.88,19.5,73.125,2060,7,27.29
"Mumbai",19.08,72.88,19.5,73.125,2060,8,27.72
"Mumbai",19.08,72.88,19.5,73.125,2060,9,27.31
"Mumbai",19.08,72.88,19.5,73.125,2060,10,27.48
"Mumbai",19.08,72.88,19.5,73.125,2060,11,26.37
"Mumbai",19.08,72.88,19.5,73.125,2060,12,23.09
"Mumbai",19.08,72.88,19.5,73.125,2061,1,23.53
"Mumbai",19.08,72.88,19.5,73.125,2061,2,25.25
"Mumbai",19.08,72.88,19.5,73.125,2061,3,27.64
"Mumbai",19.08,72.88,19.5,73.125,2061,4,27.81
"Mumbai",19.08,72.88,19.5,73.125,2061,5,30.56
"Mumbai",19.08,72.88,19.5,73.125,2061,6,31.57
"Mumbai",19.08,72.88,19.5,73.125,2061,7,28.85
"Mumbai",19.08,72.88,19.5,73.125,2061,8,27.79
"Mumbai",19.08,72.88,19.5,73.125,2061,9,28.53
"Mumbai",19.08,72.88,19.5,73.125,2061,10,28.84
"Mumbai",19.08,72.88,19.5,73.125,2061,11,27.45
"Mumbai",19.08,72.88,19.5,73.125,2061,12,25.58
"Mumbai",19.08,72.88,19.5,73.125,2062,1,24.05
"Mumbai",19.08,72.88,19.5,73.125,2062,2,25.52
"Mumbai",19.08,72.88,19.5,73.125,2062,3,27.04
"Mumbai",19.08,72.88,19.5,73.125,2062,4,29.33
"Mumbai",19.08,72.88,19.5,73.125,2062,5,31.66
"Mumbai",19.08,72.88,19.5,73.125,2062,6,32.03
"Mumbai",19.08,72.88,19.5,73.125,2062,7,27.5
"Mumbai",19.08,72.88,19.5,73.125,2062,8,28.22
"Mumbai",19.08,72.88,19.5,73.125,2062,9,28.56
"Mumbai",19.08,72.88,19.5,73.125,2062,10,29.67
"Mumbai",19.08,72.88,19.5,73.125,2062,11,28.96
"Mumbai",19.08,72.88,19.5,73.125,2062,12,25.88
"Mumbai",19.08,72.88,19.5,73.125,2063,1,25.78
"Mumbai",19.08,72.88,19.5,73.125,2063,2,25.89
"Mumbai",19.08,72.88,19.5,73.125,2063,3,28.48
"Mumbai",19.08,72.88,19.5,73.125,2063,4,30.96
"Mumbai",19.08,72.88,19.5,73.125,2063,5,31.6
"Mumbai",19.08,72.88,19.5,73.125,2063,6,30.01
"Mumbai",19.08,72.88,19.5,73.125,2063,7,28.25
"Mumbai",19.08,72.88,19.5,73.125,2063,8,27.46
"Mumbai",19.08,72.88,19.5,73.125,2063,9,27.29
"Mumbai",19.08,72.88,19.5,73.125,2063,10,29.17
"Mumbai",19.08,72.88,19.5,73.125,2063,11,26.17
"Mumbai",19.08,72.88,19.5,73.125,2063,12,24.98
"Mumbai",19.08,72.88,19.5,73.125,2064,1,24.69
"Mumbai",19.08,72.88,19.5,73.125,2064,2,25.78
"Mumbai",19.08,72.88,19.5,73.125,2064,3,28.01
"Mumbai",19.08,72.88,19.5,73.125,2064,4,31.83
"Mumbai",19.08,72.88,19.5,73.125,2064,5,31.81
"Mumbai",19.08,72.88,19.5,73.125,2064,6,29.39
"Mumbai",19.08,72.88,19.5,73.125,2064,7,27.3
"Mumbai",19.08,72.88,19.5,73.125,2064,8,27.48
"Mumbai",19.08,72.88,19.5,73.125,2064,9,28.47
"Mumbai",19.08,72.88,19.5,73.125,2064,10,28.63
"Mumbai",19.08,72.88,19.5,73.125,2064,11,27.41
"Mumbai",19.08,72.88,19.5,73.125,2064,12,25.82
"Mumbai",19.08,72.88,19.5,73.125,2065,1,24.72
"Mumbai",19.08,72.88,19.5,73.125,2065,2,25.6
"Mumbai",19.08,72.88,19.5,73.125,2065,3,29.07
"Mumbai",19.08,72.88,19.5,73.125,2065,4,30.19
"Mumbai",19.08,72.88,19.5,73.125,2065,5,31.4
"Mumbai",19.08,72.88,19.5,73.125,2065,6,31.52
"Mumbai",19.08,72.88,19.5,73.125,2065,7,28.18
"Mumbai",19.08,72.88,19.5,73.125,2065,8,28.62
"Mumbai",19.08,72.88,19.5,73.125,2065,9,28.37
"Mumbai",19.08,72.88,19.5,73.125,2065,10,29.82
"Mumbai",19.08,72.88,19.5,73.125,2065,11,29.4
"Mumbai",19.08,72.88,19.5,73.125,2065,12,26.11
"Mumbai",19.08,72.88,19.5,73.125,2066,1,25.42
"Mumbai",19.08,72.88,19.5,73.125,2066,2,26.24
"Mumbai",19.08,72.88,19.5,73.125,2066,3,28.49
"Mumbai",19.08,72.88,19.5,73.125,2066,4,31.6
"Mumbai",19.08,72.88,19.5,73.125,2066,5,32.13
"Mumbai",19.08,72.88,19.5,73.125,2066,6,32.73
"Mumbai",19.08,72.88,19.5,73.125,2066,7,29.76
"Mumbai",19.08,72.88,19.5,73.125,2066,8,28.43
"Mumbai",19.08,72.88,19.5,73.125,2066,9,27.59
"Mumbai",19.08,72.88,19.5,73.125,2066,10,29.08
"Mumbai",19.08,72.88,19.5,73.125,2066,11,28.3
"Mumbai",19.08,72.88,19.5,73.125,2066,12,25.3
"Mumbai",19.08,72.88,19.5,73.125,2067,1,24.09
"Mumbai",19.08,72.88,19.5,73.125,2067,2,25.79
"Mumbai",19.08,72.88,19.5,73.125,2067,3,28.25
"Mumbai",19.08,72.88,19.5,73.125,2067,4,29.6
"Mumbai",19.08,72.88,19.5,73.125,2067,5,31.83
"Mumbai",19.08,72.88,19.5,73.125,2067,6,27.9
"Mumbai",19.08,72.88,19.5,73.125,2067,7,27.6
"Mumbai",19.08,72.88,19.5,73.125,2067,8,27.45
"Mumbai",19.08,72.88,19.5,73.125,2067,9,27.46
"Mumbai",19.08,72.88,19.5,73.125,2067,10,27.24
"Mumbai",19.08,72.88,19.5,73.125,2067,11,27.06
"Mumbai",19.08,72.88,19.5,73.125,2067,12,23.54
"Mumbai",19.08,72.88,19.5,73.125,2068,1,24.54
"Mumbai",19.08,72.88,19.5,73.125,2068,2,27.22
"Mumbai",19.08,72.88,19.5,73.125,2068,3,28.52
"Mumbai",19.08,72.88,19.5,73.125,2068,4,31.39
"Mumbai",19.08,72.88,19.5,73.125,2068,5,32.33
"Mumbai",19.08,72.88,19.5,73.125,2068,6,30.61
"Mumbai",19.08,72.88,19.5,73.125,2068,7,28.89
"Mumbai",19.08,72.88,19.5,73.125,2068,8,27.5
"Mumbai",19.08,72.88,19.5,73.125,2068,9,28.99
"Mumbai",19.08,72.88,19.5,73.125,2068,10,30.52
"Mumbai",19.08,72.88,19.5,73.125,2068,11,28.29
"Mumbai",19.08,72.88,19.5,73.125,2068,12,25.88
"Mumbai",19.08,72.88,19.5,73.125,2069,1,26.05
"Mumbai",19.08,72.88,19.5,73.125,2069,2,26.48
"Mumbai",19.08,72.88,19.5,73.125,2069,3,28.88
"Mumbai",19.08,72.88,19.5,73.125,2069,4,31.79
"Mumbai",19.08,72.88,19.5,73.125,2069,5,34.1
"Mumbai",19.08,72.88,19.5,73.125,2069,6,30.57
"Mumbai",19.08,72.88,19.5,73.125,2069,7,28.42
"Mumbai",19.08,72.88,19.5,73.125,2069,8,27.68
"Mumbai",19.08,72.88,19.5,73.125,2069,9,28.74
"Mumbai",19.08,72.88,19.5,73.125,2069,10,30.73
"Mumbai",19.08,72.88,19.5,73.125,2069,11,27.98
"Mumbai",19.08,72.88,19.5,73.125,2069,12,26.64
"Mumbai",19.08,72.88,19.5,73.125,2070,1,24.42
"Mumbai",19.08,72.88,19.5,73.125,2070,2,24.84
"Mumbai",19.08,72.88,19.5,73.125,2070,3,29.85
"Mumbai",19.08,72.88,19.5,73.125,2070,4,31.44
"Mumbai",19.08,72.88,19.5,73.125,2070,5,32.77
"Mumbai",19.08,72.88,19.5,73.125,2070,6,30.87
"Mumbai",19.08,72.88,19.5,73.125,2070,7,28.51
"Mumbai",19.08,72.88,19.5,73.125,2070,8,27.42
"Mumbai",19.08,72.88,19.5,73.125,2070,9,29.04
"Mumbai",19.08,72.88,19.5,73.125,2070,10,28.79
"Mumbai",19.08,72.88,19.5,73.125,2070,11,27.63
"Mumbai",19.08,72.88,19.5,73.125,2070,12,26.54
"Mumbai",19.08,72.88,19.5,73.125,2071,1,26.99
"Mumbai",19.08,72.88,19.5,73.125,2071,2,26.85
"Mumbai",19.08,72.88,19.5,73.125,2071,3,28.22
"Mumbai",19.08,72.88,19.5,73.125,2071,4,31.93
"Mumbai",19.08,72.88,19.5,73.125,2071,5,31.93
"Mumbai",19.08,72.88,19.5,73.125,2071,6,30.03
"Mumbai",19.08,72.88,19.5,73.125,2071,7,27.17
"Mumbai",19.08,72.88,19.5,73.125,2071,8,27.62
"Mumbai",19.08,72.88,19.5,73.125,2071,9,28.18
"Mumbai",19.08,72.88,19.5,73.125,2071,10,28.01
"Mumbai",19.08,72.88,19.5,73.125,2071,11,26.67
"Mumbai",19.08,72.88,19.5,73.125,2071,12,24.99
"Mumbai",19.08,72.88,19.5,73.125,2072,1,24.2
"Mumbai",19.08,72.88,19.5,73.125,2072,2,26.36
"Mumbai",19.08,72.88,19.5,73.125,2072,3,28.46
"Mumbai",19.08,72.88,19.5,73.125,2072,4,29.86
"Mumbai",19.08,72.88,19.5,73.125,2072,5,30.68
"Mumbai",19.08,72.88,19.5,73.125,2072,6,32.22
"Mumbai",19.08,72.88,19.5,73.125,2072,7,29.06
"Mumbai",19.08,72.88,19.5,73.125,2072,8,28.76
"Mumbai",19.08,72.88,19.5,73.125,2072,9,29.2
"Mumbai",19.08,72.88,19.5,73.125,2072,10,30.82
"Mumbai",19.08,72.88,19.5,73.125,2072,11,28.86
"Mumbai",19.08,72.88,19.5,73.125,2072,12,25.74
"Mumbai",19.08,72.88,19.5,73.125,2073,1,25.23
"Mumbai",19.08,72.88,19.5,73.125,2073,2,26.56
"Mumbai",19.08,72.88,19.5,73.125,2073,3,30.27
"Mumbai",19.08,72.88,19.5,73.125,2073,4,31.17
"Mumbai",19.08,72.88,19.5,73.125,2073,5,32.82
"Mumbai",19.08,72.88,19.5,73.125,2073,6,29.67
"Mumbai",19.08,72.88,19.5,73.125,2073,7,28.81
"Mumbai",19.08,72.88,19.5,73.125,2073,8,27.69
"Mumbai",19.08,72.88,19.5,73.125,2073,9,28.98
"Mumbai",19.08,72.88,19.5,73.125,2073,10,29.34
"Mumbai",19.08,72.88,19.5,73.125,2073,11,27.43
"Mumbai",19.08,72.88,19.5,73.125,2073,12,25.35
"Mumbai",19.08,72.88,19.5,73.125,2074,1,23.61
"Mumbai",19.08,72.88,19.5,73.125,2074,2,25
"Mumbai",19.08,72.88,19.5,73.125,2074,3,29.5
"Mumbai",19.08,72.88,19.5,73.125,2074,4,32.1
"Mumbai",19.08,72.88,19.5,73.125,2074,5,31.5
"Mumbai",19.08,72.88,19.5,73.125,2074,6,30.8
"Mumbai",19.08,72.88,19.5,73.125,2074,7,27.56
"Mumbai",19.08,72.88,19.5,73.125,2074,8,27.66
"Mumbai",19.08,72.88,19.5,73.125,2074,9,28.47
"Mumbai",19.08,72.88,19.5,73.125,2074,10,29.93
"Mumbai",19.08,72.88,19.5,73.125,2074,11,28.46
"Mumbai",19.08,72.88,19.5,73.125,2074,12,25.76
"Mumbai",19.08,72.88,19.5,73.125,2075,1,25.04
"Mumbai",19.08,72.88,19.5,73.125,2075,2,26.62
"Mumbai",19.08,72.88,19.5,73.125,2075,3,27.32
"Mumbai",19.08,72.88,19.5,73.125,2075,4,29.95
"Mumbai",19.08,72.88,19.5,73.125,2075,5,31.49
"Mumbai",19.08,72.88,19.5,73.125,2075,6,31.54
"Mumbai",19.08,72.88,19.5,73.125,2075,7,28.71
"Mumbai",19.08,72.88,19.5,73.125,2075,8,27.92
"Mumbai",19.08,72.88,19.5,73.125,2075,9,28.91
"Mumbai",19.08,72.88,19.5,73.125,2075,10,29.57
"Mumbai",19.08,72.88,19.5,73.125,2075,11,29.37
"Mumbai",19.08,72.88,19.5,73.125,2075,12,25.67
"Mumbai",19.08,72.88,19.5,73.125,2076,1,23.65
"Mumbai",19.08,72.88,19.5,73.125,2076,2,25.72
"Mumbai",19.08,72.88,19.5,73.125,2076,3,29.52
"Mumbai",19.08,72.88,19.5,73.125,2076,4,29.85
"Mumbai",19.08,72.88,19.5,73.125,2076,5,32.11
"Mumbai",19.08,72.88,19.5,73.125,2076,6,31.68
"Mumbai",19.08,72.88,19.5,73.125,2076,7,28.65
"Mumbai",19.08,72.88,19.5,73.125,2076,8,28.11
"Mumbai",19.08,72.88,19.5,73.125,2076,9,28.42
"Mumbai",19.08,72.88,19.5,73.125,2076,10,28.78
"Mumbai",19.08,72.88,19.5,73.125,2076,11,26.76
"Mumbai",19.08,72.88,19.5,73.125,2076,12,25.96
"Mumbai",19.08,72.88,19.5,73.125,2077,1,24
"Mumbai",19.08,72.88,19.5,73.125,2077,2,25.84
"Mumbai",19.08,72.88,19.5,73.125,2077,3,29.07
"Mumbai",19.08,72.88,19.5,73.125,2077,4,29.99
"Mumbai",19.08,72.88,19.5,73.125,2077,5,31.48
"Mumbai",19.08,72.88,19.5,73.125,2077,6,29.3
"Mumbai",19.08,72.88,19.5,73.125,2077,7,28.27
"Mumbai",19.08,72.88,19.5,73.125,2077,8,28.01
"Mumbai",19.08,72.88,19.5,73.125,2077,9,28.79
"Mumbai",19.08,72.88,19.5,73.125,2077,10,29.64
"Mumbai",19.08,72.88,19.5,73.125,2077,11,28.6
"Mumbai",19.08,72.88,19.5,73.125,2077,12,26.62
"Mumbai",19.08,72.88,19.5,73.125,2078,1,24.92
"Mumbai",19.08,72.88,19.5,73.125,2078,2,27.54
"Mumbai",19.08,72.88,19.5,73.125,2078,3,28.42
"Mumbai",19.08,72.88,19.5,73.125,2078,4,32.48
"Mumbai",19.08,72.88,19.5,73.125,2078,5,32.59
"Mumbai",19.08,72.88,19.5,73.125,2078,6,31.17
"Mumbai",19.08,72.88,19.5,73.125,2078,7,29.8
"Mumbai",19.08,72.88,19.5,73.125,2078,8,28.62
"Mumbai",19.08,72.88,19.5,73.125,2078,9,29
"Mumbai",19.08,72.88,19.5,73.125,2078,10,30.43
"Mumbai",19.08,72.88,19.5,73.125,2078,11,29.53
"Mumbai",19.08,72.88,19.5,73.125,2078,12,27.08
"Mumbai",19.08,72.88,19.5,73.125,2079,1,25.88
"Mumbai",19.08,72.88,19.5,73.125,2079,2,27.8
"Mumbai",19.08,72.88,19.5,73.125,2079,3,30.97
"Mumbai",19.08,72.88,19.5,73.125,2079,4,30.84
"Mumbai",19.08,72.88,19.5,73.125,2079,5,32.52
"Mumbai",19.08,72.88,19.5,73.125,2079,6,31.22
"Mumbai",19.08,72.88,19.5,73.125,2079,7,27.86
"Mumbai",19.08,72.88,19.5,73.125,2079,8,27.96
"Mumbai",19.08,72.88,19.5,73.125,2079,9,28.27
"Mumbai",19.08,72.88,19.5,73.125,2079,10,29.96
"Mumbai",19.08,72.88,19.5,73.125,2079,11,27.27
"Mumbai",19.08,72.88,19.5,73.125,2079,12,26.7
"Mumbai",19.08,72.88,19.5,73.125,2080,1,24.63
"Mumbai",19.08,72.88,19.5,73.125,2080,2,25.67
"Mumbai",19.08,72.88,19.5,73.125,2080,3,29.14
"Mumbai",19.08,72.88,19.5,73.125,2080,4,31.08
"Mumbai",19.08,72.88,19.5,73.125,2080,5,31.49
"Mumbai",19.08,72.88,19.5,73.125,2080,6,28.99
"Mumbai",19.08,72.88,19.5,73.125,2080,7,28.43
"Mumbai",19.08,72.88,19.5,73.125,2080,8,27.1
"Mumbai",19.08,72.88,19.5,73.125,2080,9,27.6
"Mumbai",19.08,72.88,19.5,73.125,2080,10,27.84
"Mumbai",19.08,72.88,19.5,73.125,2080,11,28.14
"Mumbai",19.08,72.88,19.5,73.125,2080,12,25.95
"Mumbai",19.08,72.88,19.5,73.125,2081,1,24.06
"Mumbai",19.08,72.88,19.5,73.125,2081,2,24.86
"Mumbai",19.08,72.88,19.5,73.125,2081,3,27.12
"Mumbai",19.08,72.88,19.5,73.125,2081,4,30.44
"Mumbai",19.08,72.88,19.5,73.125,2081,5,32.99
"Mumbai",19.08,72.88,19.5,73.125,2081,6,31.67
"Mumbai",19.08,72.88,19.5,73.125,2081,7,29.32
"Mumbai",19.08,72.88,19.5,73.125,2081,8,28.32
"Mumbai",19.08,72.88,19.5,73.125,2081,9,28.83
"Mumbai",19.08,72.88,19.5,73.125,2081,10,32.42
"Mumbai",19.08,72.88,19.5,73.125,2081,11,28.65
"Mumbai",19.08,72.88,19.5,73.125,2081,12,26.46
"Mumbai",19.08,72.88,19.5,73.125,2082,1,26.72
"Mumbai",19.08,72.88,19.5,73.125,2082,2,27.3
"Mumbai",19.08,72.88,19.5,73.125,2082,3,29.99
"Mumbai",19.08,72.88,19.5,73.125,2082,4,32.45
"Mumbai",19.08,72.88,19.5,73.125,2082,5,32.99
"Mumbai",19.08,72.88,19.5,73.125,2082,6,32.28
"Mumbai",19.08,72.88,19.5,73.125,2082,7,31.04
"Mumbai",19.08,72.88,19.5,73.125,2082,8,29.05
"Mumbai",19.08,72.88,19.5,73.125,2082,9,29.88
"Mumbai",19.08,72.88,19.5,73.125,2082,10,29.87
"Mumbai",19.08,72.88,19.5,73.125,2082,11,28.63
"Mumbai",19.08,72.88,19.5,73.125,2082,12,26.51
"Mumbai",19.08,72.88,19.5,73.125,2083,1,24.94
"Mumbai",19.08,72.88,19.5,73.125,2083,2,28.48
"Mumbai",19.08,72.88,19.5,73.125,2083,3,28.83
"Mumbai",19.08,72.88,19.5,73.125,2083,4,32.06
"Mumbai",19.08,72.88,19.5,73.125,2083,5,32.75
"Mumbai",19.08,72.88,19.5,73.125,2083,6,29.78
"Mumbai",19.08,72.88,19.5,73.125,2083,7,28.41
"Mumbai",19.08,72.88,19.5,73.125,2083,8,27.67
"Mumbai",19.08,72.88,19.5,73.125,2083,9,28.01
"Mumbai",19.08,72.88,19.5,73.125,2083,10,29.1
"Mumbai",19.08,72.88,19.5,73.125,2083,11,27.47
"Mumbai",19.08,72.88,19.5,73.125,2083,12,25.1
"Mumbai",19.08,72.88,19.5,73.125,2084,1,24.72
"Mumbai",19.08,72.88,19.5,73.125,2084,2,26.77
"Mumbai",19.08,72.88,19.5,73.125,2084,3,29.64
"Mumbai",19.08,72.88,19.5,73.125,2084,4,31.19
"Mumbai",19.08,72.88,19.5,73.125,2084,5,33.23
"Mumbai",19.08,72.88,19.5,73.125,2084,6,30.1
"Mumbai",19.08,72.88,19.5,73.125,2084,7,28.11
"Mumbai",19.08,72.88,19.5,73.125,2084,8,28.16
"Mumbai",19.08,72.88,19.5,73.125,2084,9,28.72
"Mumbai",19.08,72.88,19.5,73.125,2084,10,29.19
"Mumbai",19.08,72.88,19.5,73.125,2084,11,29.34
"Mumbai",19.08,72.88,19.5,73.125,2084,12,25.72
"Mumbai",19.08,72.88,19.5,73.125,2085,1,25.35
"Mumbai",19.08,72.88,19.5,73.125,2085,2,27.34
"Mumbai",19.08,72.88,19.5,73.125,2085,3,31.56
"Mumbai",19.08,72.88,19.5,73.125,2085,4,32.77
"Mumbai",19.08,72.88,19.5,73.125,2085,5,33.03
"Mumbai",19.08,72.88,19.5,73.125,2085,6,31.92
"Mumbai",19.08,72.88,19.5,73.125,2085,7,29.32
"Mumbai",19.08,72.88,19.5,73.125,2085,8,28.9
"Mumbai",19.08,72.88,19.5,73.125,2085,9,29.71
"Mumbai",19.08,72.88,19.5,73.125,2085,10,29.49
"Mumbai",19.08,72.88,19.5,73.125,2085,11,28.14
"Mumbai",19.08,72.88,19.5,73.125,2085,12,25.82
"Mumbai",19.08,72.88,19.5,73.125,2086,1,26.48
"Mumbai",19.08,72.88,19.5,73.125,2086,2,27.75
"Mumbai",19.08,72.88,19.5,73.125,2086,3,30.72
"Mumbai",19.08,72.88,19.5,73.125,2086,4,31.82
"Mumbai",19.08,72.88,19.5,73.125,2086,5,32.83
"Mumbai",19.08,72.88,19.5,73.125,2086,6,29.07
"Mumbai",19.08,72.88,19.5,73.125,2086,7,28.56
"Mumbai",19.08,72.88,19.5,73.125,2086,8,27.69
"Mumbai",19.08,72.88,19.5,73.125,2086,9,28.03
"Mumbai",19.08,72.88,19.5,73.125,2086,10,29.45
"Mumbai",19.08,72.88,19.5,73.125,2086,11,28.62
"Mumbai",19.08,72.88,19.5,73.125,2086,12,27.06
"Mumbai",19.08,72.88,19.5,73.125,2087,1,27.32
"Mumbai",19.08,72.88,19.5,73.125,2087,2,27.71
"Mumbai",19.08,72.88,19.5,73.125,2087,3,30.99
"Mumbai",19.08,72.88,19.5,73.125,2087,4,32.16
"Mumbai",19.08,72.88,19.5,73.125,2087,5,32.59
"Mumbai",19.08,72.88,19.5,73.125,2087,6,31.29
"Mumbai",19.08,72.88,19.5,73.125,2087,7,28.62
"Mumbai",19.08,72.88,19.5,73.125,2087,8,27.81
"Mumbai",19.08,72.88,19.5,73.125,2087,9,28.73
"Mumbai",19.08,72.88,19.5,73.125,2087,10,28.41
"Mumbai",19.08,72.88,19.5,73.125,2087,11,27.02
"Mumbai",19.08,72.88,19.5,73.125,2087,12,24.88
"Mumbai",19.08,72.88,19.5,73.125,2088,1,24.53
"Mumbai",19.08,72.88,19.5,73.125,2088,2,27.72
"Mumbai",19.08,72.88,19.5,73.125,2088,3,29.58
"Mumbai",19.08,72.88,19.5,73.125,2088,4,30.31
"Mumbai",19.08,72.88,19.5,73.125,2088,5,31.75
"Mumbai",19.08,72.88,19.5,73.125,2088,6,32.23
"Mumbai",19.08,72.88,19.5,73.125,2088,7,28.49
"Mumbai",19.08,72.88,19.5,73.125,2088,8,28.43
"Mumbai",19.08,72.88,19.5,73.125,2088,9,29.18
"Mumbai",19.08,72.88,19.5,73.125,2088,10,30.74
"Mumbai",19.08,72.88,19.5,73.125,2088,11,30.66
"Mumbai",19.08,72.88,19.5,73.125,2088,12,27.99
"Mumbai",19.08,72.88,19.5,73.125,2089,1,25.53
"Mumbai",19.08,72.88,19.5,73.125,2089,2,28.79
"Mumbai",19.08,72.88,19.5,73.125,2089,3,30.03
"Mumbai",19.08,72.88,19.5,73.125,2089,4,31.81
"Mumbai",19.08,72.88,19.5,73.125,2089,5,33.2
"Mumbai",19.08,72.88,19.5,73.125,2089,6,31.03
"Mumbai",19.08,72.88,19.5,73.125,2089,7,28.95
"Mumbai",19.08,72.88,19.5,73.125,2089,8,29.06
"Mumbai",19.08,72.88,19.5,73.125,2089,9,29.15
"Mumbai",19.08,72.88,19.5,73.125,2089,10,30.16
"Mumbai",19.08,72.88,19.5,73.125,2089,11,27.71
"Mumbai",19.08,72.88,19.5,73.125,2089,12,24.35
"Mumbai",19.08,72.88,19.5,73.125,2090,1,25.21
"Mumbai",19.08,72.88,19.5,73.125,2090,2,27.4
"Mumbai",19.08,72.88,19.5,73.125,2090,3,30.02
"Mumbai",19.08,72.88,19.5,73.125,2090,4,32.38
"Mumbai",19.08,72.88,19.5,73.125,2090,5,34.61
"Mumbai",19.08,72.88,19.5,73.125,2090,6,30.85
"Mumbai",19.08,72.88,19.5,73.125,2090,7,27.62
"Mumbai",19.08,72.88,19.5,73.125,2090,8,28.43
"Mumbai",19.08,72.88,19.5,73.125,2090,9,28.73
"Mumbai",19.08,72.88,19.5,73.125,2090,10,29.35
"Mumbai",19.08,72.88,19.5,73.125,2090,11,28.41
"Mumbai",19.08,72.88,19.5,73.125,2090,12,26.22
"Mumbai",19.08,72.88,19.5,73.125,2091,1,25.52
"Mumbai",19.08,72.88,19.5,73.125,2091,2,25.81
"Mumbai",19.08,72.88,19.5,73.125,2091,3,30.66
"Mumbai",19.08,72.88,19.5,73.125,2091,4,31.43
"Mumbai",19.08,72.88,19.5,73.125,2091,5,33.22
"Mumbai",19.08,72.88,19.5,73.125,2091,6,31.86
"Mumbai",19.08,72.88,19.5,73.125,2091,7,29.87
"Mumbai",19.08,72.88,19.5,73.125,2091,8,28.72
"Mumbai",19.08,72.88,19.5,73.125,2091,9,29.58
"Mumbai",19.08,72.88,19.5,73.125,2091,10,29.99
"Mumbai",19.08,72.88,19.5,73.125,2091,11,29.2
"Mumbai",19.08,72.88,19.5,73.125,2091,12,28.77
"Mumbai",19.08,72.88,19.5,73.125,2092,1,27.68
"Mumbai",19.08,72.88,19.5,73.125,2092,2,28.7
"Mumbai",19.08,72.88,19.5,73.125,2092,3,30.39
"Mumbai",19.08,72.88,19.5,73.125,2092,4,32.36
"Mumbai",19.08,72.88,19.5,73.125,2092,5,34.46
"Mumbai",19.08,72.88,19.5,73.125,2092,6,32.55
"Mumbai",19.08,72.88,19.5,73.125,2092,7,28.67
"Mumbai",19.08,72.88,19.5,73.125,2092,8,28.54
"Mumbai",19.08,72.88,19.5,73.125,2092,9,28.9
"Mumbai",19.08,72.88,19.5,73.125,2092,10,30.29
"Mumbai",19.08,72.88,19.5,73.125,2092,11,27.67
"Mumbai",19.08,72.88,19.5,73.125,2092,12,27.15
"Mumbai",19.08,72.88,19.5,73.125,2093,1,26.75
"Mumbai",19.08,72.88,19.5,73.125,2093,2,27.97
"Mumbai",19.08,72.88,19.5,73.125,2093,3,29.12
"Mumbai",19.08,72.88,19.5,73.125,2093,4,33.38
"Mumbai",19.08,72.88,19.5,73.125,2093,5,34.93
"Mumbai",19.08,72.88,19.5,73.125,2093,6,31.38
"Mumbai",19.08,72.88,19.5,73.125,2093,7,28.78
"Mumbai",19.08,72.88,19.5,73.125,2093,8,27.46
"Mumbai",19.08,72.88,19.5,73.125,2093,9,27.96
"Mumbai",19.08,72.88,19.5,73.125,2093,10,29
"Mumbai",19.08,72.88,19.5,73.125,2093,11,29.39
"Mumbai",19.08,72.88,19.5,73.125,2093,12,26.72
"Mumbai",19.08,72.88,19.5,73.125,2094,1,26.46
"Mumbai",19.08,72.88,19.5,73.125,2094,2,28.42
"Mumbai",19.08,72.88,19.5,73.125,2094,3,29.95
"Mumbai",19.08,72.88,19.5,73.125,2094,4,32.22
"Mumbai",19.08,72.88,19.5,73.125,2094,5,33.81
"Mumbai",19.08,72.88,19.5,73.125,2094,6,32.52
"Mumbai",19.08,72.88,19.5,73.125,2094,7,30.25
"Mumbai",19.08,72.88,19.5,73.125,2094,8,29.33
"Mumbai",19.08,72.88,19.5,73.125,2094,9,29.48
"Mumbai",19.08,72.88,19.5,73.125,2094,10,31.41
"Mumbai",19.08,72.88,19.5,73.125,2094,11,29.59
"Mumbai",19.08,72.88,19.5,73.125,2094,12,25.39
"Mumbai",19.08,72.88,19.5,73.125,2095,1,26.27
"Mumbai",19.08,72.88,19.5,73.125,2095,2,27.49
"Mumbai",19.08,72.88,19.5,73.125,2095,3,28.3
"Mumbai",19.08,72.88,19.5,73.125,2095,4,33.28
"Mumbai",19.08,72.88,19.5,73.125,2095,5,34.51
"Mumbai",19.08,72.88,19.5,73.125,2095,6,32.06
"Mumbai",19.08,72.88,19.5,73.125,2095,7,30.21
"Mumbai",19.08,72.88,19.5,73.125,2095,8,28.63
"Mumbai",19.08,72.88,19.5,73.125,2095,9,28.7
"Mumbai",19.08,72.88,19.5,73.125,2095,10,31.41
"Mumbai",19.08,72.88,19.5,73.125,2095,11,28.94
"Mumbai",19.08,72.88,19.5,73.125,2095,12,27
"Mumbai",19.08,72.88,19.5,73.125,2096,1,27.21
"Mumbai",19.08,72.88,19.5,73.125,2096,2,27.99
"Mumbai",19.08,72.88,19.5,73.125,2096,3,31.31
"Mumbai",19.08,72.88,19.5,73.125,2096,4,33.68
"Mumbai",19.08,72.88,19.5,73.125,2096,5,32.47
"Mumbai",19.08,72.88,19.5,73.125,2096,6,29.98
"Mumbai",19.08,72.88,19.5,73.125,2096,7,28.43
"Mumbai",19.08,72.88,19.5,73.125,2096,8,28.01
"Mumbai",19.08,72.88,19.5,73.125,2096,9,28.87
"Mumbai",19.08,72.88,19.5,73.125,2096,10,29.15
"Mumbai",19.08,72.88,19.5,73.125,2096,11,28
"Mumbai",19.08,72.88,19.5,73.125,2096,12,26.82
"Mumbai",19.08,72.88,19.5,73.125,2097,1,25.95
"Mumbai",19.08,72.88,19.5,73.125,2097,2,28.86
"Mumbai",19.08,72.88,19.5,73.125,2097,3,30.81
"Mumbai",19.08,72.88,19.5,73.125,2097,4,33.52
"Mumbai",19.08,72.88,19.5,73.125,2097,5,34.18
"Mumbai",19.08,72.88,19.5,73.125,2097,6,32.77
"Mumbai",19.08,72.88,19.5,73.125,2097,7,29.92
"Mumbai",19.08,72.88,19.5,73.125,2097,8,29.46
"Mumbai",19.08,72.88,19.5,73.125,2097,9,29.26
"Mumbai",19.08,72.88,19.5,73.125,2097,10,30.24
"Mumbai",19.08,72.88,19.5,73.125,2097,11,29.89
"Mumbai",19.08,72.88,19.5,73.125,2097,12,26.84
"Mumbai",19.08,72.88,19.5,73.125,2098,1,26.55
"Mumbai",19.08,72.88,19.5,73.125,2098,2,28
"Mumbai",19.08,72.88,19.5,73.125,2098,3,30.98
"Mumbai",19.08,72.88,19.5,73.125,2098,4,34.48
"Mumbai",19.08,72.88,19.5,73.125,2098,5,34.17
"Mumbai",19.08,72.88,19.5,73.125,2098,6,33.28
"Mumbai",19.08,72.88,19.5,73.125,2098,7,30
"Mumbai",19.08,72.88,19.5,73.125,2098,8,29.24
"Mumbai",19.08,72.88,19.5,73.125,2098,9,28.72
"Mumbai",19.08,72.88,19.5,73.125,2098,10,30.02
"Mumbai",19.08,72.88,19.5,73.125,2098,11,28.26
"Mumbai",19.08,72.88,19.5,73.125,2098,12,27.39
"Mumbai",19.08,72.88,19.5,73.125,2099,1,27.19
"Mumbai",19.08,72.88,19.5,73.125,2099,2,28.78
"Mumbai",19.08,72.88,19.5,73.125,2099,3,30.53
"Mumbai",19.08,72.88,19.5,73.125,2099,4,32.18
"Mumbai",19.08,72.88,19.5,73.125,2099,5,32.69
"Mumbai",19.08,72.88,19.5,73.125,2099,6,29.12
"Mumbai",19.08,72.88,19.5,73.125,2099,7,27.5
"Mumbai",19.08,72.88,19.5,73.125,2099,8,27.98
"Mumbai",19.08,72.88,19.5,73.125,2099,9,29.18
"Mumbai",19.08,72.88,19.5,73.125,2099,10,29.58
"Mumbai",19.08,72.88,19.5,73.125,2099,11,28.47
"Mumbai",19.08,72.88,19.5,73.125,2099,12,27.2
"Mumbai",19.08,72.88,19.5,73.125,2100,1,26.21
"Mumbai",19.08,72.88,19.5,73.125,2100,2,27.36
"Mumbai",19.08,72.88,19.5,73.125,2100,3,27.8
"Mumbai",19.08,72.88,19.5,73.125,2100,4,32.82
"Mumbai",19.08,72.88,19.5,73.125,2100,5,32.32
"Mumbai",19.08,72.88,19.5,73.125,2100,6,33.04
"Mumbai",19.08,72.88,19.5,73.125,2100,7,31.9
"Mumbai",19.08,72.88,19.5,73.125,2100,8,30.03
"Mumbai",19.08,72.88,19.5,73.125,2100,9,29.98
"Mumbai",19.08,72.88,19.5,73.125,2100,10,30.85
"Mumbai",19.08,72.88,19.5,73.125,2100,11,31.15
"Mumbai",19.08,72.88,19.5,73.125,2100,12,27.91
"Cairo",30.04,31.24,30.5,30.625,2015,1,10.9
"Cairo",30.04,31.24,30.5,30.625,2015,2,15.53
"Cairo",30.04,31.24,30.5,30.625,2015,3,19.47
"Cairo",30.04,31.24,30.5,30.625,2015,4,21.85
"Cairo",30.04,31.24,30.5,30.625,2015,5,26.58
"Cairo",30.04,31.24,30.5,30.625,2015,6,32.17
"Cairo",30.04,31.24,30.5,30.625,2015,7,31.39
"Cairo",30.04,31.24,30.5,30.625,2015,8,30.2
"Cairo",30.04,31.24,30.5,30.625,2015,9,26.85
"Cairo",30.04,31.24,30.5,30.625,2015,10,23.76
"Cairo",30.04,31.24,30.5,30.625,2015,11,18.65
"Cairo",30.04,31.24,30.5,30.625,2015,12,12.19
"Cairo",30.04,31.24,30.5,30.625,2016,1,12.66
"Cairo",30.04,31.24,30.5,30.625,2016,2,14.61
"Cairo",30.04,31.24,30.5,30.625,2016,3,17.88
"Cairo",30.04,31.24,30.5,30.625,2016,4,20.31
"Cairo",30.04,31.24,30.5,30.625,2016,5,26.95
"Cairo",30.04,31.24,30.5,30.625,2016,6,30.33
"Cairo",30.04,31.24,30.5,30.625,2016,7,32.06
"Cairo",30.04,31.24,30.5,30.625,2016,8,31.07
"Cairo",30.04,31.24,30.5,30.625,2016,9,27.76
"Cairo",30.04,31.24,30.5,30.625,2016,10,23.83
"Cairo",30.04,31.24,30.5,30.625,2016,11,20.8
"Cairo",30.04,31.24,30.5,30.625,2016,12,12.26
"Cairo",30.04,31.24,30.5,30.625,2017,1,11.64
"Cairo",30.04,31.24,30.5,30.625,2017,2,12.29
"Cairo",30.04,31.24,30.5,30.625,2017,3,18.55
"Cairo",30.04,31.24,30.5,30.625,2017,4,23.05
"Cairo",30.04,31.24,30.5,30.625,2017,5,26.57
"Cairo",30.04,31.24,30.5,30.625,2017,6,30.21
"Cairo",30.04,31.24,30.5,30.625,2017,7,31.5
"Cairo",30.04,31.24,30.5,30.625,2017,8,30.13
"Cairo",30.04,31.24,30.5,30.625,2017,9,26.34
"Cairo",30.04,31.24,30.5,30.625,2017,10,23.23
"Cairo",30.04,31.24,30.5,30.625,2017,11,17.02
"Cairo",30.04,31.24,30.5,30.625,2017,12,12.67
"Cairo",30.04,31.24,30.5,30.625,2018,1,12.23
"Cairo",30.04,31.24,30.5,30.625,2018,2,13.59
"Cairo",30.04,31.24,30.5,30.625,2018,3,18.13
"Cairo",30.04,31.24,30.5,30.625,2018,4,24.68
"Cairo",30.04,31.24,30.5,30.625,2018,5,27.09
"Cairo",30.04,31.24,30.5,30.625,2018,6,30.16
"Cairo",30.04,31.24,30.5,30.625,2018,7,30.74
"Cairo",30.04,31.24,30.5,30.625,2018,8,29.96
"Cairo",30.04,31.24,30.5,30.625,2018,9,27.04
"Cairo",30.04,31.24,30.5,30.625,2018,10,22.14
"Cairo",30.04,31.24,30.5,30.625,2018,11,19.24
"Cairo",30.04,31.24,30.5,30.625,2018,12,11.75
"Cairo",30.04,31.24,30.5,30.625,2019,1,11.22
"Cairo",30.04,31.24,30.5,30.625,2019,2,16.59
"Cairo",30.04,31.24,30.5,30.625,2019,3,15.5
"Cairo",30.04,31.24,30.5,30.625,2019,4,22.91
"Cairo",30.04,31.24,30.5,30.625,2019,5,24.81
"Cairo",30.04,31.24,30.5,30.625,2019,6,30.89
"Cairo",30.04,31.24,30.5,30.625,2019,7,31.26
"Cairo",30.04,31.24,30.5,30.625,2019,8,30.61
"Cairo",30.04,31.24,30.5,30.625,2019,9,28.49
"Cairo",30.04,31.24,30.5,30.625,2019,10,25.03
"Cairo",30.04,31.24,30.5,30.625,2019,11,17.86
"Cairo",30.04,31.24,30.5,30.625,2019,12,14.52
"Cairo",30.04,31.24,30.5,30.625,2020,1,13.54
"Cairo",30.04,31.24,30.5,30.625,2020,2,15.43
"Cairo",30.04,31.24,30.5,30.625,2020,3,18.32
"Cairo",30.04,31.24,30.5,30.625,2020,4,21.75
"Cairo",30.04,31.24,30.5,30.625,2020,5,27.22
"Cairo",30.04,31.24,30.5,30.625,2020,6,30.15
"Cairo",30.04,31.24,30.5,30.625,2020,7,31.54
"Cairo",30.04,31.24,30.5,30.625,2020,8,31.48
"Cairo",30.04,31.24,30.5,30.625,2020,9,28.79
"Cairo",30.04,31.24,30.5,30.625,2020,10,26.01
"Cairo",30.04,31.24,30.5,30.625,2020,11,20.73
"Cairo",30.04,31.24,30.5,30.625,2020,12,13.07
"Cairo",30.04,31.24,30.5,30.625,2021,1,13.87
"Cairo",30.04,31.24,30.5,30.625,2021,2,14.83
"Cairo",30.04,31.24,30.5,30.625,2021,3,17.09
"Cairo",30.04,31.24,30.5,30.625,2021,4,24.2
"Cairo",30.04,31.24,30.5,30.625,2021,5,25.52
"Cairo",30.04,31.24,30.5,30.625,2021,6,29.89
"Cairo",30.04,31.24,30.5,30.625,2021,7,31.96
"Cairo",30.04,31.24,30.5,30.625,2021,8,31.3
"Cairo",30.04,31.24,30.5,30.625,2021,9,27.65
"Cairo",30.04,31.24,30.5,30.625,2021,10,22.54
"Cairo",30.04,31.24,30.5,30.625,2021,11,15.34
"Cairo",30.04,31.24,30.5,30.625,2021,12,13.6
"Cairo",30.04,31.24,30.5,30.625,2022,1,12.98
"Cairo",30.04,31.24,30.5,30.625,2022,2,13.86
"Cairo",30.04,31.24,30.5,30.625,2022,3,19.27
"Cairo",30.04,31.24,30.5,30.625,2022,4,23.39
"Cairo",30.04,31.24,30.5,30.625,2022,5,27.65
"Cairo",30.04,31.24,30.5,30.625,2022,6,31.27
"Cairo",30.04,31.24,30.5,30.625,2022,7,32.59
"Cairo",30.04,31.24,30.5,30.625,2022,8,29.64
"Cairo",30.04,31.24,30.5,30.625,2022,9,28.31
"Cairo",30.04,31.24,30.5,30.625,2022,10,23.19
"Cairo",30.04,31.24,30.5,30.625,2022,11,17.38
"Cairo",30.04,31.24,30.5,30.625,2022,12,12.67
"Cairo",30.04,31.24,30.5,30.625,2023,1,13.07
"Cairo",30.04,31.24,30.5,30.625,2023,2,13.31
"Cairo",30.04,31.24,30.5,30.625,2023,3,20.58
"Cairo",30.04,31.24,30.5,30.625,2023,4,24.18
"Cairo",30.04,31.24,30.5,30.625,2023,5,25.15
"Cairo",30.04,31.24,30.5,30.625,2023,6,30.33
"Cairo",30.04,31.24,30.5,30.625,2023,7,33.14
"Cairo",30.04,31.24,30.5,30.625,2023,8,31.21
"Cairo",30.04,31.24,30.5,30.625,2023,9,28.65
"Cairo",30.04,31.24,30.5,30.625,2023,10,26.51
"Cairo",30.04,31.24,30.5,30.625,2023,11,18.25
"Cairo",30.04,31.24,30.5,30.625,2023,12,13.09
"Cairo",30.04,31.24,30.5,30.625,2024,1,14.11
"Cairo",30.04,31.24,30.5,30.625,2024,2,11.94
"Cairo",30.04,31.24,30.5,30.625,2024,3,15.5
"Cairo",30.04,31.24,30.5,30.625,2024,4,22.78
"Cairo",30.04,31.24,30.5,30.625,2024,5,26.38
"Cairo",30.04,31.24,30.5,30.625,2024,6,30.36
"Cairo",30.04,31.24,30.5,30.625,2024,7,31.66
"Cairo",30.04,31.24,30.5,30.625,2024,8,32.21
"Cairo",30.04,31.24,30.5,30.625,2024,9,28.23
"Cairo",30.04,31.24,30.5,30.625,2024,10,26.29
"Cairo",30.04,31.24,30.5,30.625,2024,11,18.65
"Cairo",30.04,31.24,30.5,30.625,2024,12,12.17
"Cairo",30.04,31.24,30.5,30.625,2025,1,13.57
"Cairo",30.04,31.24,30.5,30.625,2025,2,13.96
"Cairo",30.04,31.24,30.5,30.625,2025,3,18.77
"Cairo",30.04,31.24,30.5,30.625,2025,4,23.5
"Cairo",30.04,31.24,30.5,30.625,2025,5,26.65
"Cairo",30.04,31.24,30.5,30.625,2025,6,31.51
"Cairo",30.04,31.24,30.5,30.625,2025,7,32.71
"Cairo",30.04,31.24,30.5,30.625,2025,8,31.79
"Cairo",30.04,31.24,30.5,30.625,2025,9,29.75
"Cairo",30.04,31.24,30.5,30.625,2025,10,24.33
"Cairo",30.04,31.24,30.5,30.625,2025,11,20.28
"Cairo",30.04,31.24,30.5,30.625,2025,12,15.08
"Cairo",30.04,31.24,30.5,30.625,2026,1,14.03
"Cairo",30.04,31.24,30.5,30.625,2026,2,19.39
"Cairo",30.04,31.24,30.5,30.625,2026,3,17.74
"Cairo",30.04,31.24,30.5,30.625,2026,4,22.19
"Cairo",30.04,31.24,30.5,30.625,2026,5,28.04
"Cairo",30.04,31.24,30.5,30.625,2026,6,30.64
"Cairo",30.04,31.24,30.5,30.625,2026,7,32.61
"Cairo",30.04,31.24,30.5,30.625,2026,8,30.54
"Cairo",30.04,31.24,30.5,30.625,2026,9,26.31
"Cairo",30.04,31.24,30.5,30.625,2026,10,24.33
"Cairo",30.04,31.24,30.5,30.625,2026,11,18.18
"Cairo",30.04,31.24,30.5,30.625,2026,12,11.96
"Cairo",30.04,31.24,30.5,30.625,2027,1,12.68
"Cairo",30.04,31.24,30.5,30.625,2027,2,15.08
"Cairo",30.04,31.24,30.5,30.625,2027,3,19.09
"Cairo",30.04,31.24,30.5,30.625,2027,4,21.45
"Cairo",30.04,31.24,30.5,30.625,2027,5,26.14
"Cairo",30.04,31.24,30.5,30.625,2027,6,31.57
"Cairo",30.04,31.24,30.5,30.625,2027,7,32.62
"Cairo",30.04,31.24,30.5,30.625,2027,8,31.07
"Cairo",30.04,31.24,30.5,30.625,2027,9,28.84
"Cairo",30.04,31.24,30.5,30.625,2027,10,25.28
"Cairo",30.04,31.24,30.5,30.625,2027,11,17.41
"Cairo",30.04,31.24,30.5,30.625,2027,12,14.94
"Cairo",30.04,31.24,30.5,30.625,2028,1,15.15
"Cairo",30.04,31.24,30.5,30.625,2028,2,14.49
"Cairo",30.04,31.24,30.5,30.625,2028,3,18.95
"Cairo",30.04,31.24,30.5,30.625,2028,4,23.68
"Cairo",30.04,31.24,30.5,30.625,2028,5,26.98
"Cairo",30.04,31.24,30.5,30.625,2028,6,31.34
"Cairo",30.04,31.24,30.5,30.625,2028,7,31.92
"Cairo",30.04,31.24,30.5,30.625,2028,8,32.55
"Cairo",30.04,31.24,30.5,30.625,2028,9,26.68
"Cairo",30.04,31.24,30.5,30.625,2028,10,24.52
"Cairo",30.04,31.24,30.5,30.625,2028,11,17.81
"Cairo",30.04,31.24,30.5,30.625,2028,12,12.99
"Cairo",30.04,31.24,30.5,30.625,2029,1,13.64
"Cairo",30.04,31.24,30.5,30.625,2029,2,15.75
"Cairo",30.04,31.24,30.5,30.625,2029,3,20.19
"Cairo",30.04,31.24,30.5,30.625,2029,4,23.39
"Cairo",30.04,31.24,30.5,30.625,2029,5,28.97
"Cairo",30.04,31.24,30.5,30.625,2029,6,32.23
"Cairo",30.04,31.24,30.5,30.625,2029,7,32.16
"Cairo",30.04,31.24,30.5,30.625,2029,8,32.45
"Cairo",30.04,31.24,30.5,30.625,2029,9,27.61
"Cairo",30.04,31.24,30.5,30.625,2029,10,22.71
"Cairo",30.04,31.24,30.5,30.625,2029,11,18.64
"Cairo",30.04,31.24,30.5,30.625,2029,12,15.48
"Cairo",30.04,31.24,30.5,30.625,2030,1,12.24
"Cairo",30.04,31.24,30.5,30.625,2030,2,14.76
"Cairo",30.04,31.24,30.5,30.625,2030,3,14.94
"Cairo",30.04,31.24,30.5,30.625,2030,4,24.09
"Cairo",30.04,31.24,30.5,30.625,2030,5,28.44
"Cairo",30.04,31.24,30.5,30.625,2030,6,31.19
"Cairo",30.04,31.24,30.5,30.625,2030,7,31.99
"Cairo",30.04,31.24,30.5,30.625,2030,8,30.14
"Cairo",30.04,31.24,30.5,30.625,2030,9,29.14
"Cairo",30.04,31.24,30.5,30.625,2030,10,25.01
"Cairo",30.04,31.24,30.5,30.625,2030,11,20.24
"Cairo",30.04,31.24,30.5,30.625,2030,12,14.3
"Cairo",30.04,31.24,30.5,30.625,2031,1,13.54
"Cairo",30.04,31.24,30.5,30.625,2031,2,14.18
"Cairo",30.04,31.24,30.5,30.625,2031,3,18.23
"Cairo",30.04,31.24,30.5,30.625,2031,4,20.57
"Cairo",30.04,31.24,30.5,30.625,2031,5,27.46
"Cairo",30.04,31.24,30.5,30.625,2031,6,31.38
"Cairo",30.04,31.24,30.5,30.625,2031,7,33.06
"Cairo",30.04,31.24,30.5,30.625,2031,8,31.35
"Cairo",30.04,31.24,30.5,30.625,2031,9,29.8
"Cairo",30.04,31.24,30.5,30.625,2031,10,23.36
"Cairo",30.04,31.24,30.5,30.625,2031,11,19.88
"Cairo",30.04,31.24,30.5,30.625,2031,12,14.98
"Cairo",30.04,31.24,30.5,30.625,2032,1,12.44
"Cairo",30.04,31.24,30.5,30.625,2032,2,12.11
"Cairo",30.04,31.24,30.5,30.625,2032,3,18.49
"Cairo",30.04,31.24,30.5,30.625,2032,4,21.53
"Cairo",30.04,31.24,30.5,30.625,2032,5,27.5
"Cairo",30.04,31.24,30.5,30.625,2032,6,30.91
"Cairo",30.04,31.24,30.5,30.625,2032,7,31.63
"Cairo",30.04,31.24,30.5,30.625,2032,8,31.38
"Cairo",30.04,31.24,30.5,30.625,2032,9,27.66
"Cairo",30.04,31.24,30.5,30.625,2032,10,20.6
"Cairo",30.04,31.24,30.5,30.625,2032,11,16.78
"Cairo",30.04,31.24,30.5,30.625,2032,12,14.95
"Cairo",30.04,31.24,30.5,30.625,2033,1,13.61
"Cairo",30.04,31.24,30.5,30.625,2033,2,14.13
"Cairo",30.04,31.24,30.5,30.625,2033,3,19.79
"Cairo",30.04,31.24,30.5,30.625,2033,4,22.37
"Cairo",30.04,31.24,30.5,30.625,2033,5,26.37
"Cairo",30.04,31.24,30.5,30.625,2033,6,31.69
"Cairo",30.04,31.24,30.5,30.625,2033,7,32.45
"Cairo",30.04,31.24,30.5,30.625,2033,8,32.31
"Cairo",30.04,31.24,30.5,30.625,2033,9,27.87
"Cairo",30.04,31.24,30.5,30.625,2033,10,26.53
"Cairo",30.04,31.24,30.5,30.625,2033,11,17.09
"Cairo",30.04,31.24,30.5,30.625,2033,12,12.44
"Cairo",30.04,31.24,30.5,30.625,2034,1,12.13
"Cairo",30.04,31.24,30.5,30.625,2034,2,13.25
"Cairo",30.04,31.24,30.5,30.625,2034,3,18.34
"Cairo",30.04,31.24,30.5,30.625,2034,4,24.38
"Cairo",30.04,31.24,30.5,30.625,2034,5,26.17
"Cairo",30.04,31.24,30.5,30.625,2034,6,29.45
"Cairo",30.04,31.24,30.5,30.625,2034,7,34.28
"Cairo",30.04,31.24,30.5,30.625,2034,8,31.53
"Cairo",30.04,31.24,30.5,30.625,2034,9,30.15
"Cairo",30.04,31.24,30.5,30.625,2034,10,24.31
"Cairo",30.04,31.24,30.5,30.625,2034,11,19.59
"Cairo",30.04,31.24,30.5,30.625,2034,12,15.87
"Cairo",30.04,31.24,30.5,30.625,2035,1,13.98
"Cairo",30.04,31.24,30.5,30.625,2035,2,15.05
"Cairo",30.04,31.24,30.5,30.625,2035,3,18.96
"Cairo",30.04,31.24,30.5,30.625,2035,4,21.2
"Cairo",30.04,31.24,30.5,30.625,2035,5,28.16
"Cairo",30.04,31.24,30.5,30.625,2035,6,29.97
"Cairo",30.04,31.24,30.5,30.625,2035,7,34.71
"Cairo",30.04,31.24,30.5,30.625,2035,8,32.44
"Cairo",30.04,31.24,30.5,30.625,2035,9,27.24
"Cairo",30.04,31.24,30.5,30.625,2035,10,24.98
"Cairo",30.04,31.24,30.5,30.625,2035,11,20.17
"Cairo",30.04,31.24,30.5,30.625,2035,12,16.04
"Cairo",30.04,31.24,30.5,30.625,2036,1,11.58
"Cairo",30.04,31.24,30.5,30.625,2036,2,14.03
"Cairo",30.04,31.24,30.5,30.625,2036,3,18.58
"Cairo",30.04,31.24,30.5,30.625,2036,4,22.68
"Cairo",30.04,31.24,30.5,30.625,2036,5,27.36
"Cairo",30.04,31.24,30.5,30.625,2036,6,32.03
"Cairo",30.04,31.24,30.5,30.625,2036,7,32.7
"Cairo",30.04,31.24,30.5,30.625,2036,8,31.91
"Cairo",30.04,31.24,30.5,30.625,2036,9,27.86
"Cairo",30.04,31.24,30.5,30.625,2036,10,24.02
"Cairo",30.04,31.24,30.5,30.625,2036,11,21.4
"Cairo",30.04,31.24,30.5,30.625,2036,12,15.19
"Cairo",30.04,31.24,30.5,30.625,2037,1,13.63
"Cairo",30.04,31.24,30.5,30.625,2037,2,13.67
"Cairo",30.04,31.24,30.5,30.625,2037,3,19.71
"Cairo",30.04,31.24,30.5,30.625,2037,4,21.92
"Cairo",30.04,31.24,30.5,30.625,2037,5,27.45
"Cairo",30.04,31.24,30.5,30.625,2037,6,34.45
"Cairo",30.04,31.24,30.5,30.625,2037,7,32.6
"Cairo",30.04,31.24,30.5,30.625,2037,8,32.79
"Cairo",30.04,31.24,30.5,30.625,2037,9,28.79
"Cairo",30.04,31.24,30.5,30.625,2037,10,25.03
"Cairo",30.04,31.24,30.5,30.625,2037,11,16.87
"Cairo",30.04,31.24,30.5,30.625,2037,12,13.82
"Cairo",30.04,31.24,30.5,30.625,2038,1,13.64
"Cairo",30.04,31.24,30.5,30.625,2038,2,13.41
"Cairo",30.04,31.24,30.5,30.625,2038,3,17.45
"Cairo",30.04,31.24,30.5,30.625,2038,4,22.35
"Cairo",30.04,31.24,30.5,30.625,2038,5,26.29
"Cairo",30.04,31.24,30.5,30.625,2038,6,29.88
"Cairo",30.04,31.24,30.5,30.625,2038,7,32.99
"Cairo",30.04,31.24,30.5,30.625,2038,8,31.62
"Cairo",30.04,31.24,30.5,30.625,2038,9,28.36
"Cairo",30.04,31.24,30.5,30.625,2038,10,26.38
"Cairo",30.04,31.24,30.5,30.625,2038,11,17.85
"Cairo",30.04,31.24,30.5,30.625,2038,12,13.42
"Cairo",30.04,31.24,30.5,30.625,2039,1,13.28
"Cairo",30.04,31.24,30.5,30.625,2039,2,13.58
"Cairo",30.04,31.24,30.5,30.625,2039,3,17.6
"Cairo",30.04,31.24,30.5,30.625,2039,4,23.43
"Cairo",30.04,31.24,30.5,30.625,2039,5,27.51
"Cairo",30.04,31.24,30.5,30.625,2039,6,29.91
"Cairo",30.04,31.24,30.5,30.625,2039,7,33.46
"Cairo",30.04,31.24,30.5,30.625,2039,8,32.53
"Cairo",30.04,31.24,30.5,30.625,2039,9,27.09
"Cairo",30.04,31.24,30.5,30.625,2039,10,22.29
"Cairo",30.04,31.24,30.5,30.625,2039,11,17.86
"Cairo",30.04,31.24,30.5,30.625,2039,12,12.79
"Cairo",30.04,31.24,30.5,30.625,2040,1,12
"Cairo",30.04,31.24,30.5,30.625,2040,2,14.55
"Cairo",30.04,31.24,30.5,30.625,2040,3,21.34
"Cairo",30.04,31.24,30.5,30.625,2040,4,23.96
"Cairo",30.04,31.24,30.5,30.625,2040,5,26.5
"Cairo",30.04,31.24,30.5,30.625,2040,6,30.6
"Cairo",30.04,31.24,30.5,30.625,2040,7,33.95
"Cairo",30.04,31.24,30.5,30.625,2040,8,33.16
"Cairo",30.04,31.24,30.5,30.625,2040,9,29.62
"Cairo",30.04,31.24,30.5,30.625,2040,10,24.49
"Cairo",30.04,31.24,30.5,30.625,2040,11,18.27
"Cairo",30.04,31.24,30.5,30.625,2040,12,13.19
"Cairo",30.04,31.24,30.5,30.625,2041,1,13.5
"Cairo",30.04,31.24,30.5,30.625,2041,2,15.96
"Cairo",30.04,31.24,30.5,30.625,2041,3,16.94
"Cairo",30.04,31.24,30.5,30.625,2041,4,21.73
"Cairo",30.04,31.24,30.5,30.625,2041,5,26.27
"Cairo",30.04,31.24,30.5,30.625,2041,6,32.06
"Cairo",30.04,31.24,30.5,30.625,2041,7,32.52
"Cairo",30.04,31.24,30.5,30.625,2041,8,32.68
"Cairo",30.04,31.24,30.5,30.625,2041,9,29.02
"Cairo",30.04,31.24,30.5,30.625,2041,10,26.07
"Cairo",30.04,31.24,30.5,30.625,2041,11,21.39
"Cairo",30.04,31.24,30.5,30.625,2041,12,14.8
"Cairo",30.04,31.24,30.5,30.625,2042,1,14.5
"Cairo",30.04,31.24,30.5,30.625,2042,2,15.01
"Cairo",30.04,31.24,30.5,30.625,2042,3,18.15
"Cairo",30.04,31.24,30.5,30.625,2042,4,23.77
"Cairo",30.04,31.24,30.5,30.625,2042,5,28.89
"Cairo",30.04,31.24,30.5,30.625,2042,6,32.5
"Cairo",30.04,31.24,30.5,30.625,2042,7,34.21
"Cairo",30.04,31.24,30.5,30.625,2042,8,31.94
"Cairo",30.04,31.24,30.5,30.625,2042,9,27.46
"Cairo",30.04,31.24,30.5,30.625,2042,10,23.78
"Cairo",30.04,31.24,30.5,30.625,2042,11,18.07
"Cairo",30.04,31.24,30.5,30.625,2042,12,15.37
"Cairo",30.04,31.24,30.5,30.625,2043,1,16.41
"Cairo",30.04,31.24,30.5,30.625,2043,2,13.66
"Cairo",30.04,31.24,30.5,30.625,2043,3,18.16
"Cairo",30.04,31.24,30.5,30.625,2043,4,22.97
"Cairo",30.04,31.24,30.5,30.625,2043,5,28.24
"Cairo",30.04,31.24,30.5,30.625,2043,6,29.81
"Cairo",30.04,31.24,30.5,30.625,2043,7,33.84
"Cairo",30.04,31.24,30.5,30.625,2043,8,32.47
"Cairo",30.04,31.24,30.5,30.625,2043,9,28.21
"Cairo",30.04,31.24,30.5,30.625,2043,10,23.87
"Cairo",30.04,31.24,30.5,30.625,2043,11,19.95
"Cairo",30.04,31.24,30.5,30.625,2043,12,14.1
"Cairo",30.04,31.24,30.5,30.625,2044,1,13.35
"Cairo",30.04,31.24,30.5,30.625,2044,2,14.83
"Cairo",30.04,31.24,30.5,30.625,2044,3,18.81
"Cairo",30.04,31.24,30.5,30.625,2044,4,23.84
"Cairo",30.04,31.24,30.5,30.625,2044,5,28.35
"Cairo",30.04,31.24,30.5,30.625,2044,6,31.08
"Cairo",30.04,31.24,30.5,30.625,2044,7,34.67
"Cairo",30.04,31.24,30.5,30.625,2044,8,33.02
"Cairo",30.04,31.24,30.5,30.625,2044,9,29.95
"Cairo",30.04,31.24,30.5,30.625,2044,10,24.95
"Cairo",30.04,31.24,30.5,30.625,2044,11,19.41
"Cairo",30.04,31.24,30.5,30.625,2044,12,14.98
"Cairo",30.04,31.24,30.5,30.625,2045,1,11.42
"Cairo",30.04,31.24,30.5,30.625,2045,2,14.91
"Cairo",30.04,31.24,30.5,30.625,2045,3,18.87
"Cairo",30.04,31.24,30.5,30.625,2045,4,25.74
"Cairo",30.04,31.24,30.5,30.625,2045,5,26.69
"Cairo",30.04,31.24,30.5,30.625,2045,6,31.8
"Cairo",30.04,31.24,30.5,30.625,2045,7,34.55
"Cairo",30.04,31.24,30.5,30.625,2045,8,32.26
"Cairo",30.04,31.24,30.5,30.625,2045,9,27.71
"Cairo",30.04,31.24,30.5,30.625,2045,10,25.16
"Cairo",30.04,31.24,30.5,30.625,2045,11,18.87
"Cairo",30.04,31.24,30.5,30.625,2045,12,14.64
"Cairo",30.04,31.24,30.5,30.625,2046,1,11.76
"Cairo",30.04,31.24,30.5,30.625,2046,2,12.66
"Cairo",30.04,31.24,30.5,30.625,2046,3,18.93
"Cairo",30.04,31.24,30.5,30.625,2046,4,21.7
"Cairo",30.04,31.24,30.5,30.625,2046,5,29.83
"Cairo",30.04,31.24,30.5,30.625,2046,6,30.68
"Cairo",30.04,31.24,30.5,30.625,2046,7,32.91
"Cairo",30.04,31.24,30.5,30.625,2046,8,32.27
"Cairo",30.04,31.24,30.5,30.625,2046,9,26.95
"Cairo",30.04,31.24,30.5,30.625,2046,10,24.06
"Cairo",30.04,31.24,30.5,30.625,2046,11,19.25
"Cairo",30.04,31.24,30.5,30.625,2046,12,12.77
"Cairo",30.04,31.24,30.5,30.625,2047,1,13.66
"Cairo",30.04,31.24,30.5,30.625,2047,2,13.78
"Cairo",30.04,31.24,30.5,30.625,2047,3,19.31
"Cairo",30.04,31.24,30.5,30.625,2047,4,22.86
"Cairo",30.04,31.24,30.5,30.625,2047,5,28.54
"Cairo",30.04,31.24,30.5,30.625,2047,6,32.86
"Cairo",30.04,31.24,30.5,30.625,2047,7,35.07
"Cairo",30.04,31.24,30.5,30.625,2047,8,33.75
"Cairo",30.04,31.24,30.5,30.625,2047,9,27.4
"Cairo",30.04,31.24,30.5,30.625,2047,10,26.58
"Cairo",30.04,31.24,30.5,30.625,2047,11,18.08
"Cairo",30.04,31.24,30.5,30.625,2047,12,15.71
"Cairo",30.04,31.24,30.5,30.625,2048,1,15.9
"Cairo",30.04,31.24,30.5,30.625,2048,2,14.95
"Cairo",30.04,31.24,30.5,30.625,2048,3,17.98
"Cairo",30.04,31.24,30.5,30.625,2048,4,24.39
"Cairo",30.04,31.24,30.5,30.625,2048,5,26.02
"Cairo",30.04,31.24,30.5,30.625,2048,6,31.01
"Cairo",30.04,31.24,30.5,30.625,2048,7,33.48
"Cairo",30.04,31.24,30.5,30.625,2048,8,33.12
"Cairo",30.04,31.24,30.5,30.625,2048,9,27.07
"Cairo",30.04,31.24,30.5,30.625,2048,10,29.45
"Cairo",30.04,31.24,30.5,30.625,2048,11,22.25
"Cairo",30.04,31.24,30.5,30.625,2048,12,17.17
"Cairo",30.04,31.24,30.5,30.625,2049,1,14.82
"Cairo",30.04,31.24,30.5,30.625,2049,2,16.82
"Cairo",30.04,31.24,30.5,30.625,2049,3,17.91
"Cairo",30.04,31.24,30.5,30.625,2049,4,23.79
"Cairo",30.04,31.24,30.5,30.625,2049,5,28.5
"Cairo",30.04,31.24,30.5,30.625,2049,6,32.67
"Cairo",30.04,31.24,30.5,30.625,2049,7,34.09
"Cairo",30.04,31.24,30.5,30.625,2049,8,33.27
"Cairo",30.04,31.24,30.5,30.625,2049,9,30.75
"Cairo",30.04,31.24,30.5,30.625,2049,10,23.91
"Cairo",30.04,31.24,30.5,30.625,2049,11,18.11
"Cairo",30.04,31.24,30.5,30.625,2049,12,13.58
"Cairo",30.04,31.24,30.5,30.625,2050,1,12.12
"Cairo",30.04,31.24,30.5,30.625,2050,2,16.38
"Cairo",30.04,31.24,30.5,30.625,2050,3,21.02
"Cairo",30.04,31.24,30.5,30.625,2050,4,23.64
"Cairo",30.04,31.24,30.5,30.625,2050,5,27.55
"Cairo",30.04,31.24,30.5,30.625,2050,6,31.88
"Cairo",30.04,31.24,30.5,30.625,2050,7,32.38
"Cairo",30.04,31.24,30.5,30.625,2050,8,30.96
"Cairo",30.04,31.24,30.5,30.625,2050,9,28.35
"Cairo",30.04,31.24,30.5,30.625,2050,10,24.01
"Cairo",30.04,31.24,30.5,30.625,2050,11,16.79
"Cairo",30.04,31.24,30.5,30.625,2050,12,13.78
"Cairo",30.04,31.24,30.5,30.625,2051,1,13.15
"Cairo",30.04,31.24,30.5,30.625,2051,2,16.23
"Cairo",30.04,31.24,30.5,30.625,2051,3,19.17
"Cairo",30.04,31.24,30.5,30.625,2051,4,23.42
"Cairo",30.04,31.24,30.5,30.625,2051,5,26.86
"Cairo",30.04,31.24,30.5,30.625,2051,6,30.78
"Cairo",30.04,31.24,30.5,30.625,2051,7,33.14
"Cairo",30.04,31.24,30.5,30.625,2051,8,31.94
"Cairo",30.04,31.24,30.5,30.625,2051,9,29.25
"Cairo",30.04,31.24,30.5,30.625,2051,10,24.47
"Cairo",30.04,31.24,30.5,30.625,2051,11,19.36
"Cairo",30.04,31.24,30.5,30.625,2051,12,14.45
"Cairo",30.04,31.24,30.5,30.625,2052,1,13.69
"Cairo",30.04,31.24,30.5,30.625,2052,2,14.47
"Cairo",30.04,31.24,30.5,30.625,2052,3,17.79
"Cairo",30.04,31.24,30.5,30.625,2052,4,21.42
"Cairo",30.04,31.24,30.5,30.625,2052,5,28.15
"Cairo",30.04,31.24,30.5,30.625,2052,6,31.09
"Cairo",30.04,31.24,30.5,30.625,2052,7,33.89
"Cairo",30.04,31.24,30.5,30.625,2052,8,34.07
"Cairo",30.04,31.24,30.5,30.625,2052,9,30.55
"Cairo",30.04,31.24,30.5,30.625,2052,10,23.96
"Cairo",30.04,31.24,30.5,30.625,2052,11,18.74
"Cairo",30.04,31.24,30.5,30.625,2052,12,15.83
"Cairo",30.04,31.24,30.5,30.625,2053,1,13.32
"Cairo",30.04,31.24,30.5,30.625,2053,2,14.28
"Cairo",30.04,31.24,30.5,30.625,2053,3,19.23
"Cairo",30.04,31.24,30.5,30.625,2053,4,23
"Cairo",30.04,31.24,30.5,30.625,2053,5,25.97
"Cairo",30.04,31.24,30.5,30.625,2053,6,31.24
"Cairo",30.04,31.24,30.5,30.625,2053,7,33.41
"Cairo",30.04,31.24,30.5,30.625,2053,8,32.87
"Cairo",30.04,31.24,30.5,30.625,2053,9,27.81
"Cairo",30.04,31.24,30.5,30.625,2053,10,23.37
"Cairo",30.04,31.24,30.5,30.625,2053,11,19.6
"Cairo",30.04,31.24,30.5,30.625,2053,12,15.33
"Cairo",30.04,31.24,30.5,30.625,2054,1,13.55
"Cairo",30.04,31.24,30.5,30.625,2054,2,15.55
"Cairo",30.04,31.24,30.5,30.625,2054,3,19.79
"Cairo",30.04,31.24,30.5,30.625,2054,4,23.15
"Cairo",30.04,31.24,30.5,30.625,2054,5,30.28
"Cairo",30.04,31.24,30.5,30.625,2054,6,31.97
"Cairo",30.04,31.24,30.5,30.625,2054,7,33.43
"Cairo",30.04,31.24,30.5,30.625,2054,8,32.74
"Cairo",30.04,31.24,30.5,30.625,2054,9,29.69
"Cairo",30.04,31.24,30.5,30.625,2054,10,25.36
"Cairo",30.04,31.24,30.5,30.625,2054,11,21.65
"Cairo",30.04,31.24,30.5,30.625,2054,12,15.99
"Cairo",30.04,31.24,30.5,30.625,2055,1,14.09
"Cairo",30.04,31.24,30.5,30.625,2055,2,13.88
"Cairo",30.04,31.24,30.5,30.625,2055,3,19.66
"Cairo",30.04,31.24,30.5,30.625,2055,4,22.7
"Cairo",30.04,31.24,30.5,30.625,2055,5,27.74
"Cairo",30.04,31.24,30.5,30.625,2055,6,30.91
"Cairo",30.04,31.24,30.5,30.625,2055,7,34.8
"Cairo",30.04,31.24,30.5,30.625,2055,8,31.09
"Cairo",30.04,31.24,30.5,30.625,2055,9,29.7
"Cairo",30.04,31.24,30.5,30.625,2055,10,26
"Cairo",30.04,31.24,30.5,30.625,2055,11,19.33
"Cairo",30.04,31.24,30.5,30.625,2055,12,16.26
"Cairo",30.04,31.24,30.5,30.625,2056,1,15.94
"Cairo",30.04,31.24,30.5,30.625,2056,2,16.73
"Cairo",30.04,31.24,30.5,30.625,2056,3,21.31
"Cairo",30.04,31.24,30.5,30.625,2056,4,23.01
"Cairo",30.04,31.24,30.5,30.625,2056,5,28.17
"Cairo",30.04,31.24,30.5,30.625,2056,6,30.54
"Cairo",30.04,31.24,30.5,30.625,2056,7,34.05
"Cairo",30.04,31.24,30.5,30.625,2056,8,31.66
"Cairo",30.04,31.24,30.5,30.625,2056,9,30.05
"Cairo",30.04,31.24,30.5,30.625,2056,10,26.55
"Cairo",30.04,31.24,30.5,30.625,2056,11,17.13
"Cairo",30.04,31.24,30.5,30.625,2056,12,14.11
"Cairo",30.04,31.24,30.5,30.625,2057,1,14.09
"Cairo",30.04,31.24,30.5,30.625,2057,2,17.47
"Cairo",30.04,31.24,30.5,30.625,2057,3,20.87
"Cairo",30.04,31.24,30.5,30.625,2057,4,23.42
"Cairo",30.04,31.24,30.5,30.625,2057,5,30.09
"Cairo",30.04,31.24,30.5,30.625,2057,6,31.27
"Cairo",30.04,31.24,30.5,30.625,2057,7,32.63
"Cairo",30.04,31.24,30.5,30.625,2057,8,32.1
"Cairo",30.04,31.24,30.5,30.625,2057,9,27.54
"Cairo",30.04,31.24,30.5,30.625,2057,10,25.67
"Cairo",30.04,31.24,30.5,30.625,2057,11,19.47
"Cairo",30.04,31.24,30.5,30.625,2057,12,16.1
"Cairo",30.04,31.24,30.5,30.625,2058,1,13.39
"Cairo",30.04,31.24,30.5,30.625,2058,2,13.73
"Cairo",30.04,31.24,30.5,30.625,2058,3,19.22
"Cairo",30.04,31.24,30.5,30.625,2058,4,24.54
"Cairo",30.04,31.24,30.5,30.625,2058,5,27.09
"Cairo",30.04,31.24,30.5,30.625,2058,6,32.56
"Cairo",30.04,31.24,30.5,30.625,2058,7,33.63
"Cairo",30.04,31.24,30.5,30.625,2058,8,33.81
"Cairo",30.04,31.24,30.5,30.625,2058,9,29.99
"Cairo",30.04,31.24,30.5,30.625,2058,10,22.97
"Cairo",30.04,31.24,30.5,30.625,2058,11,17.8
"Cairo",30.04,31.24,30.5,30.625,2058,12,17.05
"Cairo",30.04,31.24,30.5,30.625,2059,1,13.07
"Cairo",30.04,31.24,30.5,30.625,2059,2,16.09
"Cairo",30.04,31.24,30.5,30.625,2059,3,19.45
"Cairo",30.04,31.24,30.5,30.625,2059,4,21.47
"Cairo",30.04,31.24,30.5,30.625,2059,5,26.63
"Cairo",30.04,31.24,30.5,30.625,2059,6,32.49
"Cairo",30.04,31.24,30.5,30.625,2059,7,33.9
"Cairo",30.04,31.24,30.5,30.625,2059,8,34.37
"Cairo",30.04,31.24,30.5,30.625,2059,9,30.22
"Cairo",30.04,31.24,30.5,30.625,2059,10,23.7
"Cairo",30.04,31.24,30.5,30.625,2059,11,19.03
"Cairo",30.04,31.24,30.5,30.625,2059,12,15.78
"Cairo",30.04,31.24,30.5,30.625,2060,1,12.11
"Cairo",30.04,31.24,30.5,30.625,2060,2,14.41
"Cairo",30.04,31.24,30.5,30.625,2060,3,23.77
"Cairo",30.04,31.24,30.5,30.625,2060,4,22.96
"Cairo",30.04,31.24,30.5,30.625,2060,5,27.29
"Cairo",30.04,31.24,30.5,30.625,2060,6,32.34
"Cairo",30.04,31.24,30.5,30.625,2060,7,34.5
"Cairo",30.04,31.24,30.5,30.625,2060,8,34.64
"Cairo",30.04,31.24,30.5,30.625,2060,9,29.32
"Cairo",30.04,31.24,30.5,30.625,2060,10,25.37
"Cairo",30.04,31.24,30.5,30.625,2060,11,21.63
"Cairo",30.04,31.24,30.5,30.625,2060,12,15.2
"Cairo",30.04,31.24,30.5,30.625,2061,1,14.43
"Cairo",30.04,31.24,30.5,30.625,2061,2,15.33
"Cairo",30.04,31.24,30.5,30.625,2061,3,17.28
"Cairo",30.04,31.24,30.5,30.625,2061,4,22.13
"Cairo",30.04,31.24,30.5,30.625,2061,5,27.26
"Cairo",30.04,31.24,30.5,30.625,2061,6,31.82
"Cairo",30.04,31.24,30.5,30.625,2061,7,36.6
"Cairo",30.04,31.24,30.5,30.625,2061,8,33.06
"Cairo",30.04,31.24,30.5,30.625,2061,9,31.4
"Cairo",30.04,31.24,30.5,30.625,2061,10,27.17
"Cairo",30.04,31.24,30.5,30.625,2061,11,19.31
"Cairo",30.04,31.24,30.5,30.625,2061,12,17.74
"Cairo",30.04,31.24,30.5,30.625,2062,1,13.75
"Cairo",30.04,31.24,30.5,30.625,2062,2,16.84
"Cairo",30.04,31.24,30.5,30.625,2062,3,19.76
"Cairo",30.04,31.24,30.5,30.625,2062,4,22.2
"Cairo",30.04,31.24,30.5,30.625,2062,5,29.21
"Cairo",30.04,31.24,30.5,30.625,2062,6,32.37
"Cairo",30.04,31.24,30.5,30.625,2062,7,35.78
"Cairo",30.04,31.24,30.5,30.625,2062,8,34.67
"Cairo",30.04,31.24,30.5,30.625,2062,9,29.95
"Cairo",30.04,31.24,30.5,30.625,2062,10,25.29
"Cairo",30.04,31.24,30.5,30.625,2062,11,21.4
"Cairo",30.04,31.24,30.5,30.625,2062,12,14.08
"Cairo",30.04,31.24,30.5,30.625,2063,1,14.2
"Cairo",30.04,31.24,30.5,30.625,2063,2,13.76
"Cairo",30.04,31.24,30.5,30.625,2063,3,17.27
"Cairo",30.04,31.24,30.5,30.625,2063,4,24.35
"Cairo",30.04,31.24,30.5,30.625,2063,5,30.92
"Cairo",30.04,31.24,30.5,30.625,2063,6,33.49
"Cairo",30.04,31.24,30.5,30.625,2063,7,35.9
"Cairo",30.04,31.24,30.5,30.625,2063,8,34.1
"Cairo",30.04,31.24,30.5,30.625,2063,9,30.46
"Cairo",30.04,31.24,30.5,30.625,2063,10,26.84
"Cairo",30.04,31.24,30.5,30.625,2063,11,20.35
"Cairo",30.04,31.24,30.5,30.625,2063,12,16.51
"Cairo",30.04,31.24,30.5,30.625,2064,1,15
"Cairo",30.04,31.24,30.5,30.625,2064,2,14.04
"Cairo",30.04,31.24,30.5,30.625,2064,3,18.79
"Cairo",30.04,31.24,30.5,30.625,2064,4,24.18
"Cairo",30.04,31.24,30.5,30.625,2064,5,28.97
"Cairo",30.04,31.24,30.5,30.625,2064,6,32.62
"Cairo",30.04,31.24,30.5,30.625,2064,7,35.04
"Cairo",30.04,31.24,30.5,30.625,2064,8,32.8
"Cairo",30.04,31.24,30.5,30.625,2064,9,29.78
"Cairo",30.04,31.24,30.5,30.625,2064,10,26
"Cairo",30.04,31.24,30.5,30.625,2064,11,19.59
"Cairo",30.04,31.24,30.5,30.625,2064,12,16.39
"Cairo",30.04,31.24,30.5,30.625,2065,1,15.22
"Cairo",30.04,31.24,30.5,30.625,2065,2,16.3
"Cairo",30.04,31.24,30.5,30.625,2065,3,20.03
"Cairo",30.04,31.24,30.5,30.625,2065,4,24.81
"Cairo",30.04,31.24,30.5,30.625,2065,5,28.6
"Cairo",30.04,31.24,30.5,30.625,2065,6,33.12
"Cairo",30.04,31.24,30.5,30.625,2065,7,36.32
"Cairo",30.04,31.24,30.5,30.625,2065,8,34.12
"Cairo",30.04,31.24,30.5,30.625,2065,9,31.61
"Cairo",30.04,31.24,30.5,30.625,2065,10,26.44
"Cairo",30.04,31.24,30.5,30.625,2065,11,21.67
"Cairo",30.04,31.24,30.5,30.625,2065,12,16.52
"Cairo",30.04,31.24,30.5,30.625,2066,1,15.61
"Cairo",30.04,31.24,30.5,30.625,2066,2,17.23
"Cairo",30.04,31.24,30.5,30.625,2066,3,22.78
"Cairo",30.04,31.24,30.5,30.625,2066,4,25.46
"Cairo",30.04,31.24,30.5,30.625,2066,5,27.91
"Cairo",30.04,31.24,30.5,30.625,2066,6,35.42
"Cairo",30.04,31.24,30.5,30.625,2066,7,34.17
"Cairo",30.04,31.24,30.5,30.625,2066,8,33.29
"Cairo",30.04,31.24,30.5,30.625,2066,9,32.16
"Cairo",30.04,31.24,30.5,30.625,2066,10,26.68
"Cairo",30.04,31.24,30.5,30.625,2066,11,21.56
"Cairo",30.04,31.24,30.5,30.625,2066,12,18.18
"Cairo",30.04,31.24,30.5,30.625,2067,1,16.19
"Cairo",30.04,31.24,30.5,30.625,2067,2,15.2
"Cairo",30.04,31.24,30.5,30.625,2067,3,20.23
"Cairo",30.04,31.24,30.5,30.625,2067,4,23.52
"Cairo",30.04,31.24,30.5,30.625,2067,5,32.16
"Cairo",30.04,31.24,30.5,30.625,2067,6,33.9
"Cairo",30.04,31.24,30.5,30.625,2067,7,35.11
"Cairo",30.04,31.24,30.5,30.625,2067,8,35.28
"Cairo",30.04,31.24,30.5,30.625,2067,9,30.23
"Cairo",30.04,31.24,30.5,30.625,2067,10,28.48
"Cairo",30.04,31.24,30.5,30.625,2067,11,23.13
"Cairo",30.04,31.24,30.5,30.625,2067,12,15.1
"Cairo",30.04,31.24,30.5,30.625,2068,1,14.58
"Cairo",30.04,31.24,30.5,30.625,2068,2,19.43
"Cairo",30.04,31.24,30.5,30.625,2068,3,21.56
"Cairo",30.04,31.24,30.5,30.625,2068,4,22.12
"Cairo",30.04,31.24,30.5,30.625,2068,5,27.92
"Cairo",30.04,31.24,30.5,30.625,2068,6,34.38
"Cairo",30.04,31.24,30.5,30.625,2068,7,34.44
"Cairo",30.04,31.24,30.5,30.625,2068,8,35.05
"Cairo",30.04,31.24,30.5,30.625,2068,9,31.01
"Cairo",30.04,31.24,30.5,30.625,2068,10,24.92
"Cairo",30.04,31.24,30.5,30.625,2068,11,18.84
"Cairo",30.04,31.24,30.5,30.625,2068,12,15.76
"Cairo",30.04,31.24,30.5,30.625,2069,1,13.47
"Cairo",30.04,31.24,30.5,30.625,2069,2,16.54
"Cairo",30.04,31.24,30.5,30.625,2069,3,19.47
"Cairo",30.04,31.24,30.5,30.625,2069,4,23.04
"Cairo",30.04,31.24,30.5,30.625,2069,5,30.76
"Cairo",30.04,31.24,30.5,30.625,2069,6,32.59
"Cairo",30.04,31.24,30.5,30.625,2069,7,33.91
"Cairo",30.04,31.24,30.5,30.625,2069,8,33.48
"Cairo",30.04,31.24,30.5,30.625,2069,9,30.8
"Cairo",30.04,31.24,30.5,30.625,2069,10,28.8
"Cairo",30.04,31.24,30.5,30.625,2069,11,19.2
"Cairo",30.04,31.24,30.5,30.625,2069,12,16.28
"Cairo",30.04,31.24,30.5,30.625,2070,1,14.37
"Cairo",30.04,31.24,30.5,30.625,2070,2,16.82
"Cairo",30.04,31.24,30.5,30.625,2070,3,18.86
"Cairo",30.04,31.24,30.5,30.625,2070,4,24.84
"Cairo",30.04,31.24,30.5,30.625,2070,5,28.19
"Cairo",30.04,31.24,30.5,30.625,2070,6,33.6
"Cairo",30.04,31.24,30.5,30.625,2070,7,34.01
"Cairo",30.04,31.24,30.5,30.625,2070,8,33.11
"Cairo",30.04,31.24,30.5,30.625,2070,9,31.3
"Cairo",30.04,31.24,30.5,30.625,2070,10,27.49
"Cairo",30.04,31.24,30.5,30.625,2070,11,22.1
"Cairo",30.04,31.24,30.5,30.625,2070,12,18.52
"Cairo",30.04,31.24,30.5,30.625,2071,1,15.63
"Cairo",30.04,31.24,30.5,30.625,2071,2,15.44
"Cairo",30.04,31.24,30.5,30.625,2071,3,19.38
"Cairo",30.04,31.24,30.5,30.625,2071,4,24.28
"Cairo",30.04,31.24,30.5,30.625,2071,5,29.76
"Cairo",30.04,31.24,30.5,30.625,2071,6,33.97
"Cairo",30.04,31.24,30.5,30.625,2071,7,35.03
"Cairo",30.04,31.24,30.5,30.625,2071,8,34.68
"Cairo",30.04,31.24,30.5,30.625,2071,9,31.11
"Cairo",30.04,31.24,30.5,30.625,2071,10,25.85
"Cairo",30.04,31.24,30.5,30.625,2071,11,20.76
"Cairo",30.04,31.24,30.5,30.625,2071,12,16.61
"Cairo",30.04,31.24,30.5,30.625,2072,1,13.22
"Cairo",30.04,31.24,30.5,30.625,2072,2,14.97
"Cairo",30.04,31.24,30.5,30.625,2072,3,19.91
"Cairo",30.04,31.24,30.5,30.625,2072,4,23.3
"Cairo",30.04,31.24,30.5,30.625,2072,5,28.56
"Cairo",30.04,31.24,30.5,30.625,2072,6,32.87
"Cairo",30.04,31.24,30.5,30.625,2072,7,34.59
"Cairo",30.04,31.24,30.5,30.625,2072,8,35.49
"Cairo",30.04,31.24,30.5,30.625,2072,9,31.07
"Cairo",30.04,31.24,30.5,30.625,2072,10,27.37
"Cairo",30.04,31.24,30.5,30.625,2072,11,20.81
"Cairo",30.04,31.24,30.5,30.625,2072,12,17.56
"Cairo",30.04,31.24,30.5,30.625,2073,1,14.6
"Cairo",30.04,31.24,30.5,30.625,2073,2,19.5
"Cairo",30.04,31.24,30.5,30.625,2073,3,22.25
"Cairo",30.04,31.24,30.5,30.625,2073,4,23.04
"Cairo",30.04,31.24,30.5,30.625,2073,5,28.18
"Cairo",30.04,31.24,30.5,30.625,2073,6,33.03
"Cairo",30.04,31.24,30.5,30.625,2073,7,33.9
"Cairo",30.04,31.24,30.5,30.625,2073,8,35
"Cairo",30.04,31.24,30.5,30.625,2073,9,30.53
"Cairo",30.04,31.24,30.5,30.625,2073,10,25.86
"Cairo",30.04,31.24,30.5,30.625,2073,11,22.15
"Cairo",30.04,31.24,30.5,30.625,2073,12,17.16
"Cairo",30.04,31.24,30.5,30.625,2074,1,16.66
"Cairo",30.04,31.24,30.5,30.625,2074,2,16.68
"Cairo",30.04,31.24,30.5,30.625,2074,3,18.46
"Cairo",30.04,31.24,30.5,30.625,2074,4,26.03
"Cairo",30.04,31.24,30.5,30.625,2074,5,27.83
"Cairo",30.04,31.24,30.5,30.625,2074,6,34.29
"Cairo",30.04,31.24,30.5,30.625,2074,7,36.26
"Cairo",30.04,31.24,30.5,30.625,2074,8,35.59
"Cairo",30.04,31.24,30.5,30.625,2074,9,32.28
"Cairo",30.04,31.24,30.5,30.625,2074,10,29.14
"Cairo",30.04,31.24,30.5,30.625,2074,11,19.48
"Cairo",30.04,31.24,30.5,30.625,2074,12,17.06
"Cairo",30.04,31.24,30.5,30.625,2075,1,14.63
"Cairo",30.04,31.24,30.5,30.625,2075,2,13.98
"Cairo",30.04,31.24,30.5,30.625,2075,3,18.27
"Cairo",30.04,31.24,30.5,30.625,2075,4,25.27
"Cairo",30.04,31.24,30.5,30.625,2075,5,28.35
"Cairo",30.04,31.24,30.5,30.625,2075,6,32.27
"Cairo",30.04,31.24,30.5,30.625,2075,7,34.66
"Cairo",30.04,31.24,30.5,30.625,2075,8,34.6
"Cairo",30.04,31.24,30.5,30.625,2075,9,32.23
"Cairo",30.04,31.24,30.5,30.625,2075,10,27.82
"Cairo",30.04,31.24,30.5,30.625,2075,11,22.33
"Cairo",30.04,31.24,30.5,30.625,2075,12,17.87
"Cairo",30.04,31.24,30.5,30.625,2076,1,14.85
"Cairo",30.04,31.24,30.5,30.625,2076,2,18.18
"Cairo",30.04,31.24,30.5,30.625,2076,3,21.83
"Cairo",30.04,31.24,30.5,30.625,2076,4,25.76
"Cairo",30.04,31.24,30.5,30.625,2076,5,30.94
"Cairo",30.04,31.24,30.5,30.625,2076,6,32.07
"Cairo",30.04,31.24,30.5,30.625,2076,7,34.4
"Cairo",30.04,31.24,30.5,30.625,2076,8,35.47
"Cairo",30.04,31.24,30.5,30.625,2076,9,30.5
"Cairo",30.04,31.24,30.5,30.625,2076,10,25.51
"Cairo",30.04,31.24,30.5,30.625,2076,11,20.68
"Cairo",30.04,31.24,30.5,30.625,2076,12,14.85
"Cairo",30.04,31.24,30.5,30.625,2077,1,14.29
"Cairo",30.04,31.24,30.5,30.625,2077,2,16.51
"Cairo",30.04,31.24,30.5,30.625,2077,3,22.75
"Cairo",30.04,31.24,30.5,30.625,2077,4,26.86
"Cairo",30.04,31.24,30.5,30.625,2077,5,26.64
"Cairo",30.04,31.24,30.5,30.625,2077,6,34.02
"Cairo",30.04,31.24,30.5,30.625,2077,7,34.51
"Cairo",30.04,31.24,30.5,30.625,2077,8,34.47
"Cairo",30.04,31.24,30.5,30.625,2077,9,30.14
"Cairo",30.04,31.24,30.5,30.625,2077,10,25.97
"Cairo",30.04,31.24,30.5,30.625,2077,11,19.61
"Cairo",30.04,31.24,30.5,30.625,2077,12,15.85
"Cairo",30.04,31.24,30.5,30.625,2078,1,15.86
"Cairo",30.04,31.24,30.5,30.625,2078,2,15.62
"Cairo",30.04,31.24,30.5,30.625,2078,3,17.91
"Cairo",30.04,31.24,30.5,30.625,2078,4,24.85
"Cairo",30.04,31.24,30.5,30.625,2078,5,27.81
"Cairo",30.04,31.24,30.5,30.625,2078,6,32.19
"Cairo",30.04,31.24,30.5,30.625,2078,7,37.04
"Cairo",30.04,31.24,30.5,30.625,2078,8,34.96
"Cairo",30.04,31.24,30.5,30.625,2078,9,31.21
"Cairo",30.04,31.24,30.5,30.625,2078,10,28.43
"Cairo",30.04,31.24,30.5,30.625,2078,11,21.76
"Cairo",30.04,31.24,30.5,30.625,2078,12,14.87
"Cairo",30.04,31.24,30.5,30.625,2079,1,16.42
"Cairo",30.04,31.24,30.5,30.625,2079,2,17.15
"Cairo",30.04,31.24,30.5,30.625,2079,3,21.1
"Cairo",30.04,31.24,30.5,30.625,2079,4,26.18
"Cairo",30.04,31.24,30.5,30.625,2079,5,29.02
"Cairo",30.04,31.24,30.5,30.625,2079,6,33.23
"Cairo",30.04,31.24,30.5,30.625,2079,7,36.66
"Cairo",30.04,31.24,30.5,30.625,2079,8,35.3
"Cairo",30.04,31.24,30.5,30.625,2079,9,31.27
"Cairo",30.04,31.24,30.5,30.625,2079,10,28.77
"Cairo",30.04,31.24,30.5,30.625,2079,11,20.05
"Cairo",30.04,31.24,30.5,30.625,2079,12,16.54
"Cairo",30.04,31.24,30.5,30.625,2080,1,16.16
"Cairo",30.04,31.24,30.5,30.625,2080,2,17.75
"Cairo",30.04,31.24,30.5,30.625,2080,3,21.47
"Cairo",30.04,31.24,30.5,30.625,2080,4,26.65
"Cairo",30.04,31.24,30.5,30.625,2080,5,30.22
"Cairo",30.04,31.24,30.5,30.625,2080,6,32.84
"Cairo",30.04,31.24,30.5,30.625,2080,7,36.68
"Cairo",30.04,31.24,30.5,30.625,2080,8,33.79
"Cairo",30.04,31.24,30.5,30.625,2080,9,30.94
"Cairo",30.04,31.24,30.5,30.625,2080,10,28.09
"Cairo",30.04,31.24,30.5,30.625,2080,11,20.55
"Cairo",30.04,31.24,30.5,30.625,2080,12,15.49
"Cairo",30.04,31.24,30.5,30.625,2081,1,15.68
"Cairo",30.04,31.24,30.5,30.625,2081,2,15.88
"Cairo",30.04,31.24,30.5,30.625,2081,3,20.51
"Cairo",30.04,31.24,30.5,30.625,2081,4,22.56
"Cairo",30.04,31.24,30.5,30.625,2081,5,29.85
"Cairo",30.04,31.24,30.5,30.625,2081,6,33.81
"Cairo",30.04,31.24,30.5,30.625,2081,7,35.48
"Cairo",30.04,31.24,30.5,30.625,2081,8,34.49
"Cairo",30.04,31.24,30.5,30.625,2081,9,32.33
"Cairo",30.04,31.24,30.5,30.625,2081,10,27.36
"Cairo",30.04,31.24,30.5,30.625,2081,11,21.8
"Cairo",30.04,31.24,30.5,30.625,2081,12,17.61
"Cairo",30.04,31.24,30.5,30.625,2082,1,16.53
"Cairo",30.04,31.24,30.5,30.625,2082,2,17.79
"Cairo",30.04,31.24,30.5,30.625,2082,3,21.2
"Cairo",30.04,31.24,30.5,30.625,2082,4,24.26
"Cairo",30.04,31.24,30.5,30.625,2082,5,29.39
"Cairo",30.04,31.24,30.5,30.625,2082,6,34.65
"Cairo",30.04,31.24,30.5,30.625,2082,7,36.86
"Cairo",30.04,31.24,30.5,30.625,2082,8,35.29
"Cairo",30.04,31.24,30.5,30.625,2082,9,31.78
"Cairo",30.04,31.24,30.5,30.625,2082,10,28.66
"Cairo",30.04,31.24,30.5,30.625,2082,11,22.33
"Cairo",30.04,31.24,30.5,30.625,2082,12,17.58
"Cairo",30.04,31.24,30.5,30.625,2083,1,15.68
"Cairo",30.04,31.24,30.5,30.625,2083,2,18.98
"Cairo",30.04,31.24,30.5,30.625,2083,3,20.42
"Cairo",30.04,31.24,30.5,30.625,2083,4,23.55
"Cairo",30.04,31.24,30.5,30.625,2083,5,30.3
"Cairo",30.04,31.24,30.5,30.625,2083,6,33.4
"Cairo",30.04,31.24,30.5,30.625,2083,7,37.6
"Cairo",30.04,31.24,30.5,30.625,2083,8,36.6
"Cairo",30.04,31.24,30.5,30.625,2083,9,32.74
"Cairo",30.04,31.24,30.5,30.625,2083,10,27.73
"Cairo",30.04,31.24,30.5,30.625,2083,11,22.5
"Cairo",30.04,31.24,30.5,30.625,2083,12,19.2
"Cairo",30.04,31.24,30.5,30.625,2084,1,17.3
"Cairo",30.04,31.24,30.5,30.625,2084,2,16.41
"Cairo",30.04,31.24,30.5,30.625,2084,3,19.27
"Cairo",30.04,31.24,30.5,30.625,2084,4,29.1
"Cairo",30.04,31.24,30.5,30.625,2084,5,29.25
"Cairo",30.04,31.24,30.5,30.625,2084,6,35.22
"Cairo",30.04,31.24,30.5,30.625,2084,7,37.18
"Cairo",30.04,31.24,30.5,30.625,2084,8,35.21
"Cairo",30.04,31.24,30.5,30.625,2084,9,31.39
"Cairo",30.04,31.24,30.5,30.625,2084,10,27.28
"Cairo",30.04,31.24,30.5,30.625,2084,11,20.71
"Cairo",30.04,31.24,30.5,30.625,2084,12,17.63
"Cairo",30.04,31.24,30.5,30.625,2085,1,17.75
"Cairo",30.04,31.24,30.5,30.625,2085,2,18.14
"Cairo",30.04,31.24,30.5,30.625,2085,3,22.12
"Cairo",30.04,31.24,30.5,30.625,2085,4,24.81
"Cairo",30.04,31.24,30.5,30.625,2085,5,29.65
"Cairo",30.04,31.24,30.5,30.625,2085,6,33.63
"Cairo",30.04,31.24,30.5,30.625,2085,7,36.94
"Cairo",30.04,31.24,30.5,30.625,2085,8,36.75
"Cairo",30.04,31.24,30.5,30.625,2085,9,32.14
"Cairo",30.04,31.24,30.5,30.625,2085,10,27.06
"Cairo",30.04,31.24,30.5,30.625,2085,11,22.12
"Cairo",30.04,31.24,30.5,30.625,2085,12,15.77
"Cairo",30.04,31.24,30.5,30.625,2086,1,15.81
"Cairo",30.04,31.24,30.5,30.625,2086,2,17.31
"Cairo",30.04,31.24,30.5,30.625,2086,3,20.4
"Cairo",30.04,31.24,30.5,30.625,2086,4,27.03
"Cairo",30.04,31.24,30.5,30.625,2086,5,32.97
"Cairo",30.04,31.24,30.5,30.625,2086,6,32.92
"Cairo",30.04,31.24,30.5,30.625,2086,7,36.27
"Cairo",30.04,31.24,30.5,30.625,2086,8,34.88
"Cairo",30.04,31.24,30.5,30.625,2086,9,31.55
"Cairo",30.04,31.24,30.5,30.625,2086,10,28.24
"Cairo",30.04,31.24,30.5,30.625,2086,11,24.6
"Cairo",30.04,31.24,30.5,30.625,2086,12,17.18
"Cairo",30.04,31.24,30.5,30.625,2087,1,17.92
"Cairo",30.04,31.24,30.5,30.625,2087,2,20.35
"Cairo",30.04,31.24,30.5,30.625,2087,3,20.6
"Cairo",30.04,31.24,30.5,30.625,2087,4,26.05
"Cairo",30.04,31.24,30.5,30.625,2087,5,29.45
"Cairo",30.04,31.24,30.5,30.625,2087,6,35.52
"Cairo",30.04,31.24,30.5,30.625,2087,7,35.72
"Cairo",30.04,31.24,30.5,30.625,2087,8,36.15
"Cairo",30.04,31.24,30.5,30.625,2087,9,30.74
"Cairo",30.04,31.24,30.5,30.625,2087,10,26.27
"Cairo",30.04,31.24,30.5,30.625,2087,11,23.25
"Cairo",30.04,31.24,30.5,30.625,2087,12,19.12
"Cairo",30.04,31.24,30.5,30.625,2088,1,16.28
"Cairo",30.04,31.24,30.5,30.625,2088,2,16.74
"Cairo",30.04,31.24,30.5,30.625,2088,3,22.56
"Cairo",30.04,31.24,30.5,30.625,2088,4,26.03
"Cairo",30.04,31.24,30.5,30.625,2088,5,29.6
"Cairo",30.04,31.24,30.5,30.625,2088,6,35.59
"Cairo",30.04,31.24,30.5,30.625,2088,7,37.27
"Cairo",30.04,31.24,30.5,30.625,2088,8,35.9
"Cairo",30.04,31.24,30.5,30.625,2088,9,31.53
"Cairo",30.04,31.24,30.5,30.625,2088,10,26.78
"Cairo",30.04,31.24,30.5,30.625,2088,11,21.29
"Cairo",30.04,31.24,30.5,30.625,2088,12,17.87
"Cairo",30.04,31.24,30.5,30.625,2089,1,15.51
"Cairo",30.04,31.24,30.5,30.625,2089,2,16.83
"Cairo",30.04,31.24,30.5,30.625,2089,3,21.72
"Cairo",30.04,31.24,30.5,30.625,2089,4,24.32
"Cairo",30.04,31.24,30.5,30.625,2089,5,29.01
"Cairo",30.04,31.24,30.5,30.625,2089,6,34.93
"Cairo",30.04,31.24,30.5,30.625,2089,7,39.14
"Cairo",30.04,31.24,30.5,30.625,2089,8,36.59
"Cairo",30.04,31.24,30.5,30.625,2089,9,31.1
"Cairo",30.04,31.24,30.5,30.625,2089,10,25.55
"Cairo",30.04,31.24,30.5,30.625,2089,11,22.66
"Cairo",30.04,31.24,30.5,30.625,2089,12,16.44
"Cairo",30.04,31.24,30.5,30.625,2090,1,16.33
"Cairo",30.04,31.24,30.5,30.625,2090,2,19.07
"Cairo",30.04,31.24,30.5,30.625,2090,3,17.98
"Cairo",30.04,31.24,30.5,30.625,2090,4,26.76
"Cairo",30.04,31.24,30.5,30.625,2090,5,30.8
"Cairo",30.04,31.24,30.5,30.625,2090,6,35.5
"Cairo",30.04,31.24,30.5,30.625,2090,7,37.94
"Cairo",30.04,31.24,30.5,30.625,2090,8,36.55
"Cairo",30.04,31.24,30.5,30.625,2090,9,31.36
"Cairo",30.04,31.24,30.5,30.625,2090,10,28.34
"Cairo",30.04,31.24,30.5,30.625,2090,11,22.1
"Cairo",30.04,31.24,30.5,30.625,2090,12,17.55
"Cairo",30.04,31.24,30.5,30.625,2091,1,17.23
"Cairo",30.04,31.24,30.5,30.625,2091,2,17.21
"Cairo",30.04,31.24,30.5,30.625,2091,3,18.54
"Cairo",30.04,31.24,30.5,30.625,2091,4,25.23
"Cairo",30.04,31.24,30.5,30.625,2091,5,30.56
"Cairo",30.04,31.24,30.5,30.625,2091,6,33.46
"Cairo",30.04,31.24,30.5,30.625,2091,7,36.61
"Cairo",30.04,31.24,30.5,30.625,2091,8,35.52
"Cairo",30.04,31.24,30.5,30.625,2091,9,35.83
"Cairo",30.04,31.24,30.5,30.625,2091,10,28.51
"Cairo",30.04,31.24,30.5,30.625,2091,11,21.62
"Cairo",30.04,31.24,30.5,30.625,2091,12,18.76
"Cairo",30.04,31.24,30.5,30.625,2092,1,15.13
"Cairo",30.04,31.24,30.5,30.625,2092,2,17.16
"Cairo",30.04,31.24,30.5,30.625,2092,3,22.27
"Cairo",30.04,31.24,30.5,30.625,2092,4,24.33
"Cairo",30.04,31.24,30.5,30.625,2092,5,30.96
"Cairo",30.04,31.24,30.5,30.625,2092,6,35.17
"Cairo",30.04,31.24,30.5,30.625,2092,7,36.39
"Cairo",30.04,31.24,30.5,30.625,2092,8,35.09
"Cairo",30.04,31.24,30.5,30.625,2092,9,31.8
"Cairo",30.04,31.24,30.5,30.625,2092,10,26.53
"Cairo",30.04,31.24,30.5,30.625,2092,11,22.04
"Cairo",30.04,31.24,30.5,30.625,2092,12,17.71
"Cairo",30.04,31.24,30.5,30.625,2093,1,13.53
"Cairo",30.04,31.24,30.5,30.625,2093,2,17.82
"Cairo",30.04,31.24,30.5,30.625,2093,3,19.97
"Cairo",30.04,31.24,30.5,30.625,2093,4,26.42
"Cairo",30.04,31.24,30.5,30.625,2093,5,31.35
"Cairo",30.04,31.24,30.5,30.625,2093,6,35.98
"Cairo",30.04,31.24,30.5,30.625,2093,7,36.33
"Cairo",30.04,31.24,30.5,30.625,2093,8,36.66
"Cairo",30.04,31.24,30.5,30.625,2093,9,32.03
"Cairo",30.04,31.24,30.5,30.625,2093,10,28.32
"Cairo",30.04,31.24,30.5,30.625,2093,11,23.1
"Cairo",30.04,31.24,30.5,30.625,2093,12,17.31
"Cairo",30.04,31.24,30.5,30.625,2094,1,16.49
"Cairo",30.04,31.24,30.5,30.625,2094,2,18.68
"Cairo",30.04,31.24,30.5,30.625,2094,3,21.1
"Cairo",30.04,31.24,30.5,30.625,2094,4,23.22
"Cairo",30.04,31.24,30.5,30.625,2094,5,30.91
"Cairo",30.04,31.24,30.5,30.625,2094,6,36.73
"Cairo",30.04,31.24,30.5,30.625,2094,7,37.89
"Cairo",30.04,31.24,30.5,30.625,2094,8,36.58
"Cairo",30.04,31.24,30.5,30.625,2094,9,32.94
"Cairo",30.04,31.24,30.5,30.625,2094,10,28.8
"Cairo",30.04,31.24,30.5,30.625,2094,11,23.1
"Cairo",30.04,31.24,30.5,30.625,2094,12,18.76
"Cairo",30.04,31.24,30.5,30.625,2095,1,16.18
"Cairo",30.04,31.24,30.5,30.625,2095,2,19.72
"Cairo",30.04,31.24,30.5,30.625,2095,3,21.19
"Cairo",30.04,31.24,30.5,30.625,2095,4,26.46
"Cairo",30.04,31.24,30.5,30.625,2095,5,29.95
"Cairo",30.04,31.24,30.5,30.625,2095,6,35.46
"Cairo",30.04,31.24,30.5,30.625,2095,7,38.46
"Cairo",30.04,31.24,30.5,30.625,2095,8,36.13
"Cairo",30.04,31.24,30.5,30.625,2095,9,33.5
"Cairo",30.04,31.24,30.5,30.625,2095,10,29
"Cairo",30.04,31.24,30.5,30.625,2095,11,24.51
"Cairo",30.04,31.24,30.5,30.625,2095,12,19
"Cairo",30.04,31.24,30.5,30.625,2096,1,16.42
"Cairo",30.04,31.24,30.5,30.625,2096,2,18.86
"Cairo",30.04,31.24,30.5,30.625,2096,3,22.09
"Cairo",30.04,31.24,30.5,30.625,2096,4,27.71
"Cairo",30.04,31.24,30.5,30.625,2096,5,29.26
"Cairo",30.04,31.24,30.5,30.625,2096,6,33.36
"Cairo",30.04,31.24,30.5,30.625,2096,7,37.85
"Cairo",30.04,31.24,30.5,30.625,2096,8,35.34
"Cairo",30.04,31.24,30.5,30.625,2096,9,32.81
"Cairo",30.04,31.24,30.5,30.625,2096,10,26.4
"Cairo",30.04,31.24,30.5,30.625,2096,11,19.34
"Cairo",30.04,31.24,30.5,30.625,2096,12,19.37
"Cairo",30.04,31.24,30.5,30.625,2097,1,14.65
"Cairo",30.04,31.24,30.5,30.625,2097,2,17.49
"Cairo",30.04,31.24,30.5,30.625,2097,3,21.46
"Cairo",30.04,31.24,30.5,30.625,2097,4,26.49
"Cairo",30.04,31.24,30.5,30.625,2097,5,30.4
"Cairo",30.04,31.24,30.5,30.625,2097,6,36.21
"Cairo",30.04,31.24,30.5,30.625,2097,7,37.77
"Cairo",30.04,31.24,30.5,30.625,2097,8,35.64
"Cairo",30.04,31.24,30.5,30.625,2097,9,35.13
"Cairo",30.04,31.24,30.5,30.625,2097,10,29.82
"Cairo",30.04,31.24,30.5,30.625,2097,11,21.37
"Cairo",30.04,31.24,30.5,30.625,2097,12,18.19
"Cairo",30.04,31.24,30.5,30.625,2098,1,15.07
"Cairo",30.04,31.24,30.5,30.625,2098,2,16.89
"Cairo",30.04,31.24,30.5,30.625,2098,3,19.3
"Cairo",30.04,31.24,30.5,30.625,2098,4,24.95
"Cairo",30.04,31.24,30.5,30.625,2098,5,31.33
"Cairo",30.04,31.24,30.5,30.625,2098,6,34.46
"Cairo",30.04,31.24,30.5,30.625,2098,7,38.15
"Cairo",30.04,31.24,30.5,30.625,2098,8,36.33
"Cairo",30.04,31.24,30.5,30.625,2098,9,32.66
"Cairo",30.04,31.24,30.5,30.625,2098,10,28.08
"Cairo",30.04,31.24,30.5,30.625,2098,11,25.35
"Cairo",30.04,31.24,30.5,30.625,2098,12,20.02
"Cairo",30.04,31.24,30.5,30.625,2099,1,15.15
"Cairo",30.04,31.24,30.5,30.625,2099,2,16.49
"Cairo",30.04,31.24,30.5,30.625,2099,3,19.51
"Cairo",30.04,31.24,30.5,30.625,2099,4,25.91
"Cairo",30.04,31.24,30.5,30.625,2099,5,31.54
"Cairo",30.04,31.24,30.5,30.625,2099,6,35.16
"Cairo",30.04,31.24,30.5,30.625,2099,7,37.18
"Cairo",30.04,31.24,30.5,30.625,2099,8,36.24
"Cairo",30.04,31.24,30.5,30.625,2099,9,31.84
"Cairo",30.04,31.24,30.5,30.625,2099,10,28.73
"Cairo",30.04,31.24,30.5,30.625,2099,11,21.1
"Cairo",30.04,31.24,30.5,30.625,2099,12,17.76
"Cairo",30.04,31.24,30.5,30.625,2100,1,15.39
"Cairo",30.04,31.24,30.5,30.625,2100,2,18.71
"Cairo",30.04,31.24,30.5,30.625,2100,3,22.04
"Cairo",30.04,31.24,30.5,30.625,2100,4,26.19
"Cairo",30.04,31.24,30.5,30.625,2100,5,29.36
"Cairo",30.04,31.24,30.5,30.625,2100,6,35.39
"Cairo",30.04,31.24,30.5,30.625,2100,7,37.13
"Cairo",30.04,31.24,30.5,30.625,2100,8,35.3
"Cairo",30.04,31.24,30.5,30.625,2100,9,31.97
"Cairo",30.04,31.24,30.5,30.625,2100,10,29.54
"Cairo",30.04,31.24,30.5,30.625,2100,11,23.71
"Cairo",30.04,31.24,30.5,30.625,2100,12,18.79
"Detroit",42.33,-83.05,42.5,-83.125,2015,1,-3.62
"Detroit",42.33,-83.05,42.5,-83.125,2015,2,-1.11
"Detroit",42.33,-83.05,42.5,-83.125,2015,3,4.8
"Detroit",42.33,-83.05,42.5,-83.125,2015,4,10.57
"Detroit",42.33,-83.05,42.5,-83.125,2015,5,12.79
"Detroit",42.33,-83.05,42.5,-83.125,2015,6,19.64
"Detroit",42.33,-83.05,42.5,-83.125,2015,7,21.72
"Detroit",42.33,-83.05,42.5,-83.125,2015,8,19.08
"Detroit",42.33,-83.05,42.5,-83.125,2015,9,17.64
"Detroit",42.33,-83.05,42.5,-83.125,2015,10,10.02
"Detroit",42.33,-83.05,42.5,-83.125,2015,11,4.44
"Detroit",42.33,-83.05,42.5,-83.125,2015,12,-3.52
"Detroit",42.33,-83.05,42.5,-83.125,2016,1,-9.17
"Detroit",42.33,-83.05,42.5,-83.125,2016,2,-4.99
"Detroit",42.33,-83.05,42.5,-83.125,2016,3,4.09
"Detroit",42.33,-83.05,42.5,-83.125,2016,4,7.25
"Detroit",42.33,-83.05,42.5,-83.125,2016,5,13.53
"Detroit",42.33,-83.05,42.5,-83.125,2016,6,19.06
"Detroit",42.33,-83.05,42.5,-83.125,2016,7,22.62
"Detroit",42.33,-83.05,42.5,-83.125,2016,8,21.7
"Detroit",42.33,-83.05,42.5,-83.125,2016,9,18.89
"Detroit",42.33,-83.05,42.5,-83.125,2016,10,11.3
"Detroit",42.33,-83.05,42.5,-83.125,2016,11,3.42
"Detroit",42.33,-83.05,42.5,-83.125,2016,12,-9.65
"Detroit",42.33,-83.05,42.5,-83.125,2017,1,-7.86
"Detroit",42.33,-83.05,42.5,-83.125,2017,2,-0.63
"Detroit",42.33,-83.05,42.5,-83.125,2017,3,0.37
"Detroit",42.33,-83.05,42.5,-83.125,2017,4,8.82
"Detroit",42.33,-83.05,42.5,-83.125,2017,5,17.7
"Detroit",42.33,-83.05,42.5,-83.125,2017,6,23.48
"Detroit",42.33,-83.05,42.5,-83.125,2017,7,25.88
"Detroit",42.33,-83.05,42.5,-83.125,2017,8,20.4
"Detroit",42.33,-83.05,42.5,-83.125,2017,9,16.21
"Detroit",42.33,-83.05,42.5,-83.125,2017,10,8.53
"Detroit",42.33,-83.05,42.5,-83.125,2017,11,1.36
"Detroit",42.33,-83.05,42.5,-83.125,2017,12,-3.77
"Detroit",42.33,-83.05,42.5,-83.125,2018,1,0.64
"Detroit",42.33,-83.05,42.5,-83.125,2018,2,-1.77
"Detroit",42.33,-83.05,42.5,-83.125,2018,3,3.89
"Detroit",42.33,-83.05,42.5,-83.125,2018,4,9.52
"Detroit",42.33,-83.05,42.5,-83.125,2018,5,18.17
"Detroit",42.33,-83.05,42.5,-83.125,2018,6,19.54
"Detroit",42.33,-83.05,42.5,-83.125,2018,7,24.81
"Detroit",42.33,-83.05,42.5,-83.125,2018,8,21.77
"Detroit",42.33,-83.05,42.5,-83.125,2018,9,18.37
"Detroit",42.33,-83.05,42.5,-83.125,2018,10,13.02
"Detroit",42.33,-83.05,42.5,-83.125,2018,11,6.5
"Detroit",42.33,-83.05,42.5,-83.125,2018,12,-1.23
"Detroit",42.33,-83.05,42.5,-83.125,2019,1,-5.61
"Detroit",42.33,-83.05,42.5,-83.125,2019,2,-3.75
"Detroit",42.33,-83.05,42.5,-83.125,2019,3,2.03
"Detroit",42.33,-83.05,42.5,-83.125,2019,4,11.45
"Detroit",42.33,-83.05,42.5,-83.125,2019,5,16.24
"Detroit",42.33,-83.05,42.5,-83.125,2019,6,20.94
"Detroit",42.33,-83.05,42.5,-83.125,2019,7,22.3
"Detroit",42.33,-83.05,42.5,-83.125,2019,8,21.3
"Detroit",42.33,-83.05,42.5,-83.125,2019,9,18.73
"Detroit",42.33,-83.05,42.5,-83.125,2019,10,10.62
"Detroit",42.33,-83.05,42.5,-83.125,2019,11,7.09
"Detroit",42.33,-83.05,42.5,-83.125,2019,12,-3.05
"Detroit",42.33,-83.05,42.5,-83.125,2020,1,-8.84
"Detroit",42.33,-83.05,42.5,-83.125,2020,2,-0.03
"Detroit",42.33,-83.05,42.5,-83.125,2020,3,5.35
"Detroit",42.33,-83.05,42.5,-83.125,2020,4,11.79
"Detroit",42.33,-83.05,42.5,-83.125,2020,5,16.16
"Detroit",42.33,-83.05,42.5,-83.125,2020,6,19.95
"Detroit",42.33,-83.05,42.5,-83.125,2020,7,22.76
"Detroit",42.33,-83.05,42.5,-83.125,2020,8,21.18
"Detroit",42.33,-83.05,42.5,-83.125,2020,9,13.52
"Detroit",42.33,-83.05,42.5,-83.125,2020,10,10.56
"Detroit",42.33,-83.05,42.5,-83.125,2020,11,2.5
"Detroit",42.33,-83.05,42.5,-83.125,2020,12,2.19
"Detroit",42.33,-83.05,42.5,-83.125,2021,1,-3.79
"Detroit",42.33,-83.05,42.5,-83.125,2021,2,-8.22
"Detroit",42.33,-83.05,42.5,-83.125,2021,3,6.05
"Detroit",42.33,-83.05,42.5,-83.125,2021,4,11.03
"Detroit",42.33,-83.05,42.5,-83.125,2021,5,14.97
"Detroit",42.33,-83.05,42.5,-83.125,2021,6,21.41
"Detroit",42.33,-83.05,42.5,-83.125,2021,7,24.67
"Detroit",42.33,-83.05,42.5,-83.125,2021,8,23.83
"Detroit",42.33,-83.05,42.5,-83.125,2021,9,15.41
"Detroit",42.33,-83.05,42.5,-83.125,2021,10,10.31
"Detroit",42.33,-83.05,42.5,-83.125,2021,11,5.81
"Detroit",42.33,-83.05,42.5,-83.125,2021,12,0.55
"Detroit",42.33,-83.05,42.5,-83.125,2022,1,-9.16
"Detroit",42.33,-83.05,42.5,-83.125,2022,2,-6.44
"Detroit",42.33,-83.05,42.5,-83.125,2022,3,2.34
"Detroit",42.33,-83.05,42.5,-83.125,2022,4,10.01
"Detroit",42.33,-83.05,42.5,-83.125,2022,5,17.68
"Detroit",42.33,-83.05,42.5,-83.125,2022,6,22.68
"Detroit",42.33,-83.05,42.5,-83.125,2022,7,23.54
"Detroit",42.33,-83.05,42.5,-83.125,2022,8,22.45
"Detroit",42.33,-83.05,42.5,-83.125,2022,9,16.39
"Detroit",42.33,-83.05,42.5,-83.125,2022,10,11.71
"Detroit",42.33,-83.05,42.5,-83.125,2022,11,1.93
"Detroit",42.33,-83.05,42.5,-83.125,2022,12,-5.94
"Detroit",42.33,-83.05,42.5,-83.125,2023,1,-6.27
"Detroit",42.33,-83.05,42.5,-83.125,2023,2,-3.46
"Detroit",42.33,-83.05,42.5,-83.125,2023,3,1.68
"Detroit",42.33,-83.05,42.5,-83.125,2023,4,9.44
"Detroit",42.33,-83.05,42.5,-83.125,2023,5,18.81
"Detroit",42.33,-83.05,42.5,-83.125,2023,6,20.64
"Detroit",42.33,-83.05,42.5,-83.125,2023,7,21.67
"Detroit",42.33,-83.05,42.5,-83.125,2023,8,21.2
"Detroit",42.33,-83.05,42.5,-83.125,2023,9,18.8
"Detroit",42.33,-83.05,42.5,-83.125,2023,10,10.02
"Detroit",42.33,-83.05,42.5,-83.125,2023,11,0.2
"Detroit",42.33,-83.05,42.5,-83.125,2023,12,-1.97
"Detroit",42.33,-83.05,42.5,-83.125,2024,1,-11.14
"Detroit",42.33,-83.05,42.5,-83.125,2024,2,-5.58
"Detroit",42.33,-83.05,42.5,-83.125,2024,3,-0.44
"Detroit",42.33,-83.05,42.5,-83.125,2024,4,8.55
"Detroit",42.33,-83.05,42.5,-83.125,2024,5,15.57
"Detroit",42.33,-83.05,42.5,-83.125,2024,6,18.66
"Detroit",42.33,-83.05,42.5,-83.125,2024,7,24.43
"Detroit",42.33,-83.05,42.5,-83.125,2024,8,20.85
"Detroit",42.33,-83.05,42.5,-83.125,2024,9,15.91
"Detroit",42.33,-83.05,42.5,-83.125,2024,10,8.81
"Detroit",42.33,-83.05,42.5,-83.125,2024,11,3.28
"Detroit",42.33,-83.05,42.5,-83.125,2024,12,2.21
"Detroit",42.33,-83.05,42.5,-83.125,2025,1,-0.65
"Detroit",42.33,-83.05,42.5,-83.125,2025,2,-0.53
"Detroit",42.33,-83.05,42.5,-83.125,2025,3,3.65
"Detroit",42.33,-83.05,42.5,-83.125,2025,4,11.49
"Detroit",42.33,-83.05,42.5,-83.125,2025,5,14.69
"Detroit",42.33,-83.05,42.5,-83.125,2025,6,21.76
"Detroit",42.33,-83.05,42.5,-83.125,2025,7,23.01
"Detroit",42.33,-83.05,42.5,-83.125,2025,8,23.13
"Detroit",42.33,-83.05,42.5,-83.125,2025,9,16.2
"Detroit",42.33,-83.05,42.5,-83.125,2025,10,9.81
"Detroit",42.33,-83.05,42.5,-83.125,2025,11,0.14
"Detroit",42.33,-83.05,42.5,-83.125,2025,12,-10.04
"Detroit",42.33,-83.05,42.5,-83.125,2026,1,-6.01
"Detroit",42.33,-83.05,42.5,-83.125,2026,2,-9.05
"Detroit",42.33,-83.05,42.5,-83.125,2026,3,5.04
"Detroit",42.33,-83.05,42.5,-83.125,2026,4,10.12
"Detroit",42.33,-83.05,42.5,-83.125,2026,5,15.7
"Detroit",42.33,-83.05,42.5,-83.125,2026,6,19
"Detroit",42.33,-83.05,42.5,-83.125,2026,7,24.65
"Detroit",42.33,-83.05,42.5,-83.125,2026,8,22.33
"Detroit",42.33,-83.05,42.5,-83.125,2026,9,17.43
"Detroit",42.33,-83.05,42.5,-83.125,2026,10,8.94
"Detroit",42.33,-83.05,42.5,-83.125,2026,11,2.54
"Detroit",42.33,-83.05,42.5,-83.125,2026,12,-2.88
"Detroit",42.33,-83.05,42.5,-83.125,2027,1,-17.78
"Detroit",42.33,-83.05,42.5,-83.125,2027,2,-8.9
"Detroit",42.33,-83.05,42.5,-83.125,2027,3,-3.77
"Detroit",42.33,-83.05,42.5,-83.125,2027,4,9.11
"Detroit",42.33,-83.05,42.5,-83.125,2027,5,19.47
"Detroit",42.33,-83.05,42.5,-83.125,2027,6,19.9
"Detroit",42.33,-83.05,42.5,-83.125,2027,7,23.42
"Detroit",42.33,-83.05,42.5,-83.125,2027,8,21.3
"Detroit",42.33,-83.05,42.5,-83.125,2027,9,15.97
"Detroit",42.33,-83.05,42.5,-83.125,2027,10,8.62
"Detroit",42.33,-83.05,42.5,-83.125,2027,11,1.45
"Detroit",42.33,-83.05,42.5,-83.125,2027,12,-4
"Detroit",42.33,-83.05,42.5,-83.125,2028,1,-6.96
"Detroit",42.33,-83.05,42.5,-83.125,2028,2,-6.42
"Detroit",42.33,-83.05,42.5,-83.125,2028,3,-2.21
"Detroit",42.33,-83.05,42.5,-83.125,2028,4,9.36
"Detroit",42.33,-83.05,42.5,-83.125,2028,5,16.8
"Detroit",42.33,-83.05,42.5,-83.125,2028,6,18.53
"Detroit",42.33,-83.05,42.5,-83.125,2028,7,24.21
"Detroit",42.33,-83.05,42.5,-83.125,2028,8,22.35
"Detroit",42.33,-83.05,42.5,-83.125,2028,9,20.63
"Detroit",42.33,-83.05,42.5,-83.125,2028,10,12.05
"Detroit",42.33,-83.05,42.5,-83.125,2028,11,5.34
"Detroit",42.33,-83.05,42.5,-83.125,2028,12,0.1
"Detroit",42.33,-83.05,42.5,-83.125,2029,1,-3.99
"Detroit",42.33,-83.05,42.5,-83.125,2029,2,-7.78
"Detroit",42.33,-83.05,42.5,-83.125,2029,3,2.12
"Detroit",42.33,-83.05,42.5,-83.125,2029,4,8.92
"Detroit",42.33,-83.05,42.5,-83.125,2029,5,16.73
"Detroit",42.33,-83.05,42.5,-83.125,2029,6,22.85
"Detroit",42.33,-83.05,42.5,-83.125,2029,7,23.85
"Detroit",42.33,-83.05,42.5,-83.125,2029,8,23.34
"Detroit",42.33,-83.05,42.5,-83.125,2029,9,19.17
"Detroit",42.33,-83.05,42.5,-83.125,2029,10,13.57
"Detroit",42.33,-83.05,42.5,-83.125,2029,11,6.78
"Detroit",42.33,-83.05,42.5,-83.125,2029,12,-1.75
"Detroit",42.33,-83.05,42.5,-83.125,2030,1,-7.52
"Detroit",42.33,-83.05,42.5,-83.125,2030,2,-1.33
"Detroit",42.33,-83.05,42.5,-83.125,2030,3,1.92
"Detroit",42.33,-83.05,42.5,-83.125,2030,4,8.68
"Detroit",42.33,-83.05,42.5,-83.125,2030,5,13.83
"Detroit",42.33,-83.05,42.5,-83.125,2030,6,17.13
"Detroit",42.33,-83.05,42.5,-83.125,2030,7,22.14
"Detroit",42.33,-83.05,42.5,-83.125,2030,8,22.62
"Detroit",42.33,-83.05,42.5,-83.125,2030,9,17.56
"Detroit",42.33,-83.05,42.5,-83.125,2030,10,10.65
"Detroit",42.33,-83.05,42.5,-83.125,2030,11,5.5
"Detroit",42.33,-83.05,42.5,-83.125,2030,12,2.27
"Detroit",42.33,-83.05,42.5,-83.125,2031,1,-0.73
"Detroit",42.33,-83.05,42.5,-83.125,2031,2,-8.48
"Detroit",42.33,-83.05,42.5,-83.125,2031,3,1.64
"Detroit",42.33,-83.05,42.5,-83.125,2031,4,8.79
"Detroit",42.33,-83.05,42.5,-83.125,2031,5,15.71
"Detroit",42.33,-83.05,42.5,-83.125,2031,6,22.35
"Detroit",42.33,-83.05,42.5,-83.125,2031,7,23.76
"Detroit",42.33,-83.05,42.5,-83.125,2031,8,21.58
"Detroit",42.33,-83.05,42.5,-83.125,2031,9,14.54
"Detroit",42.33,-83.05,42.5,-83.125,2031,10,8.37
"Detroit",42.33,-83.05,42.5,-83.125,2031,11,3.29
"Detroit",42.33,-83.05,42.5,-83.125,2031,12,-0.59
"Detroit",42.33,-83.05,42.5,-83.125,2032,1,-3.35
"Detroit",42.33,-83.05,42.5,-83.125,2032,2,-0.88
"Detroit",42.33,-83.05,42.5,-83.125,2032,3,0.94
"Detroit",42.33,-83.05,42.5,-83.125,2032,4,11.67
"Detroit",42.33,-83.05,42.5,-83.125,2032,5,15.53
"Detroit",42.33,-83.05,42.5,-83.125,2032,6,18.5
"Detroit",42.33,-83.05,42.5,-83.125,2032,7,21.52
"Detroit",42.33,-83.05,42.5,-83.125,2032,8,21.1
"Detroit",42.33,-83.05,42.5,-83.125,2032,9,17.48
"Detroit",42.33,-83.05,42.5,-83.125,2032,10,12.24
"Detroit",42.33,-83.05,42.5,-83.125,2032,11,4.56
"Detroit",42.33,-83.05,42.5,-83.125,2032,12,-1.93
"Detroit",42.33,-83.05,42.5,-83.125,2033,1,-8.68
"Detroit",42.33,-83.05,42.5,-83.125,2033,2,-2.03
"Detroit",42.33,-83.05,42.5,-83.125,2033,3,4.64
"Detroit",42.33,-83.05,42.5,-83.125,2033,4,6.34
"Detroit",42.33,-83.05,42.5,-83.125,2033,5,12.16
"Detroit",42.33,-83.05,42.5,-83.125,2033,6,19.75
"Detroit",42.33,-83.05,42.5,-83.125,2033,7,24.24
"Detroit",42.33,-83.05,42.5,-83.125,2033,8,21.34
"Detroit",42.33,-83.05,42.5,-83.125,2033,9,20.03
"Detroit",42.33,-83.05,42.5,-83.125,2033,10,11.8
"Detroit",42.33,-83.05,42.5,-83.125,2033,11,2.56
"Detroit",42.33,-83.05,42.5,-83.125,2033,12,0.67
"Detroit",42.33,-83.05,42.5,-83.125,2034,1,-6.35
"Detroit",42.33,-83.05,42.5,-83.125,2034,2,-3.99
"Detroit",42.33,-83.05,42.5,-83.125,2034,3,5.06
"Detroit",42.33,-83.05,42.5,-83.125,2034,4,10.53
"Detroit",42.33,-83.05,42.5,-83.125,2034,5,18.1
"Detroit",42.33,-83.05,42.5,-83.125,2034,6,22.1
"Detroit",42.33,-83.05,42.5,-83.125,2034,7,25.55
"Detroit",42.33,-83.05,42.5,-83.125,2034,8,21.41
"Detroit",42.33,-83.05,42.5,-83.125,2034,9,19.15
"Detroit",42.33,-83.05,42.5,-83.125,2034,10,11.16
"Detroit",42.33,-83.05,42.5,-83.125,2034,11,1.83
"Detroit",42.33,-83.05,42.5,-83.125,2034,12,-3.24
"Detroit",42.33,-83.05,42.5,-83.125,2035,1,-4.93
"Detroit",42.33,-83.05,42.5,-83.125,2035,2,-0.14
"Detroit",42.33,-83.05,42.5,-83.125,2035,3,5.09
"Detroit",42.33,-83.05,42.5,-83.125,2035,4,9.74
"Detroit",42.33,-83.05,42.5,-83.125,2035,5,15.4
"Detroit",42.33,-83.05,42.5,-83.125,2035,6,23.46
"Detroit",42.33,-83.05,42.5,-83.125,2035,7,22.72
"Detroit",42.33,-83.05,42.5,-83.125,2035,8,22.42
"Detroit",42.33,-83.05,42.5,-83.125,2035,9,17.34
"Detroit",42.33,-83.05,42.5,-83.125,2035,10,10.73
"Detroit",42.33,-83.05,42.5,-83.125,2035,11,3.97
"Detroit",42.33,-83.05,42.5,-83.125,2035,12,-0.2
"Detroit",42.33,-83.05,42.5,-83.125,2036,1,-6.31
"Detroit",42.33,-83.05,42.5,-83.125,2036,2,-4.89
"Detroit",42.33,-83.05,42.5,-83.125,2036,3,1.44
"Detroit",42.33,-83.05,42.5,-83.125,2036,4,8.48
"Detroit",42.33,-83.05,42.5,-83.125,2036,5,16.25
"Detroit",42.33,-83.05,42.5,-83.125,2036,6,21.01
"Detroit",42.33,-83.05,42.5,-83.125,2036,7,23.24
"Detroit",42.33,-83.05,42.5,-83.125,2036,8,23.28
"Detroit",42.33,-83.05,42.5,-83.125,2036,9,20.69
"Detroit",42.33,-83.05,42.5,-83.125,2036,10,10.21
"Detroit",42.33,-83.05,42.5,-83.125,2036,11,1.82
"Detroit",42.33,-83.05,42.5,-83.125,2036,12,-2.05
"Detroit",42.33,-83.05,42.5,-83.125,2037,1,-3.41
"Detroit",42.33,-83.05,42.5,-83.125,2037,2,-3.07
"Detroit",42.33,-83.05,42.5,-83.125,2037,3,1.78
"Detroit",42.33,-83.05,42.5,-83.125,2037,4,11.85
"Detroit",42.33,-83.05,42.5,-83.125,2037,5,15.81
"Detroit",42.33,-83.05,42.5,-83.125,2037,6,24.35
"Detroit",42.33,-83.05,42.5,-83.125,2037,7,25.56
"Detroit",42.33,-83.05,42.5,-83.125,2037,8,21.43
"Detroit",42.33,-83.05,42.5,-83.125,2037,9,17.42
"Detroit",42.33,-83.05,42.5,-83.125,2037,10,12.54
"Detroit",42.33,-83.05,42.5,-83.125,2037,11,4.45
"Detroit",42.33,-83.05,42.5,-83.125,2037,12,3.03
"Detroit",42.33,-83.05,42.5,-83.125,2038,1,-5.66
"Detroit",42.33,-83.05,42.5,-83.125,2038,2,-6.66
"Detroit",42.33,-83.05,42.5,-83.125,2038,3,4.21
"Detroit",42.33,-83.05,42.5,-83.125,2038,4,14.08
"Detroit",42.33,-83.05,42.5,-83.125,2038,5,17.8
"Detroit",42.33,-83.05,42.5,-83.125,2038,6,20.09
"Detroit",42.33,-83.05,42.5,-83.125,2038,7,24.82
"Detroit",42.33,-83.05,42.5,-83.125,2038,8,21.31
"Detroit",42.33,-83.05,42.5,-83.125,2038,9,13.37
"Detroit",42.33,-83.05,42.5,-83.125,2038,10,7.6
"Detroit",42.33,-83.05,42.5,-83.125,2038,11,1.32
"Detroit",42.33,-83.05,42.5,-83.125,2038,12,-1.58
"Detroit",42.33,-83.05,42.5,-83.125,2039,1,-8.69
"Detroit",42.33,-83.05,42.5,-83.125,2039,2,-3.31
"Detroit",42.33,-83.05,42.5,-83.125,2039,3,3.24
"Detroit",42.33,-83.05,42.5,-83.125,2039,4,9.83
"Detroit",42.33,-83.05,42.5,-83.125,2039,5,15.84
"Detroit",42.33,-83.05,42.5,-83.125,2039,6,20.54
"Detroit",42.33,-83.05,42.5,-83.125,2039,7,23.58
"Detroit",42.33,-83.05,42.5,-83.125,2039,8,23.4
"Detroit",42.33,-83.05,42.5,-83.125,2039,9,18.2
"Detroit",42.33,-83.05,42.5,-83.125,2039,10,12.82
"Detroit",42.33,-83.05,42.5,-83.125,2039,11,6.08
"Detroit",42.33,-83.05,42.5,-83.125,2039,12,0.42
"Detroit",42.33,-83.05,42.5,-83.125,2040,1,-3.68
"Detroit",42.33,-83.05,42.5,-83.125,2040,2,-1.06
"Detroit",42.33,-83.05,42.5,-83.125,2040,3,2.61
"Detroit",42.33,-83.05,42.5,-83.125,2040,4,11.36
"Detroit",42.33,-83.05,42.5,-83.125,2040,5,16.61
"Detroit",42.33,-83.05,42.5,-83.125,2040,6,22.27
"Detroit",42.33,-83.05,42.5,-83.125,2040,7,24.82
"Detroit",42.33,-83.05,42.5,-83.125,2040,8,22.95
"Detroit",42.33,-83.05,42.5,-83.125,2040,9,14.53
"Detroit",42.33,-83.05,42.5,-83.125,2040,10,11
"Detroit",42.33,-83.05,42.5,-83.125,2040,11,5.89
"Detroit",42.33,-83.05,42.5,-83.125,2040,12,-2.57
"Detroit",42.33,-83.05,42.5,-83.125,2041,1,-1.33
"Detroit",42.33,-83.05,42.5,-83.125,2041,2,-2.78
"Detroit",42.33,-83.05,42.5,-83.125,2041,3,-0.2
"Detroit",42.33,-83.05,42.5,-83.125,2041,4,12.81
"Detroit",42.33,-83.05,42.5,-83.125,2041,5,13.53
"Detroit",42.33,-83.05,42.5,-83.125,2041,6,21.32
"Detroit",42.33,-83.05,42.5,-83.125,2041,7,26.71
"Detroit",42.33,-83.05,42.5,-83.125,2041,8,22.96
"Detroit",42.33,-83.05,42.5,-83.125,2041,9,18.74
"Detroit",42.33,-83.05,42.5,-83.125,2041,10,11.79
"Detroit",42.33,-83.05,42.5,-83.125,2041,11,2.2
"Detroit",42.33,-83.05,42.5,-83.125,2041,12,-0.29
"Detroit",42.33,-83.05,42.5,-83.125,2042,1,-4.51
"Detroit",42.33,-83.05,42.5,-83.125,2042,2,2.69
"Detroit",42.33,-83.05,42.5,-83.125,2042,3,4.99
"Detroit",42.33,-83.05,42.5,-83.125,2042,4,11.37
"Detroit",42.33,-83.05,42.5,-83.125,2042,5,16.74
"Detroit",42.33,-83.05,42.5,-83.125,2042,6,19.26
"Detroit",42.33,-83.05,42.5,-83.125,2042,7,24.82
"Detroit",42.33,-83.05,42.5,-83.125,2042,8,24.24
"Detroit",42.33,-83.05,42.5,-83.125,2042,9,14.46
"Detroit",42.33,-83.05,42.5,-83.125,2042,10,9.63
"Detroit",42.33,-83.05,42.5,-83.125,2042,11,4.51
"Detroit",42.33,-83.05,42.5,-83.125,2042,12,-3.52
"Detroit",42.33,-83.05,42.5,-83.125,2043,1,-4.36
"Detroit",42.33,-83.05,42.5,-83.125,2043,2,-1.31
"Detroit",42.33,-83.05,42.5,-83.125,2043,3,3.05
"Detroit",42.33,-83.05,42.5,-83.125,2043,4,11.66
"Detroit",42.33,-83.05,42.5,-83.125,2043,5,15.77
"Detroit",42.33,-83.05,42.5,-83.125,2043,6,19.98
"Detroit",42.33,-83.05,42.5,-83.125,2043,7,22.56
"Detroit",42.33,-83.05,42.5,-83.125,2043,8,22.72
"Detroit",42.33,-83.05,42.5,-83.125,2043,9,17.16
"Detroit",42.33,-83.05,42.5,-83.125,2043,10,7.47
"Detroit",42.33,-83.05,42.5,-83.125,2043,11,2.52
"Detroit",42.33,-83.05,42.5,-83.125,2043,12,0.33
"Detroit",42.33,-83.05,42.5,-83.125,2044,1,-1.54
"Detroit",42.33,-83.05,42.5,-83.125,2044,2,-0.02
"Detroit",42.33,-83.05,42.5,-83.125,2044,3,2.92
"Detroit",42.33,-83.05,42.5,-83.125,2044,4,9.3
"Detroit",42.33,-83.05,42.5,-83.125,2044,5,18.86
"Detroit",42.33,-83.05,42.5,-83.125,2044,6,23.37
"Detroit",42.33,-83.05,42.5,-83.125,2044,7,24.7
"Detroit",42.33,-83.05,42.5,-83.125,2044,8,22.3
"Detroit",42.33,-83.05,42.5,-83.125,2044,9,16.82
"Detroit",42.33,-83.05,42.5,-83.125,2044,10,13.03
"Detroit",42.33,-83.05,42.5,-83.125,2044,11,4.48
"Detroit",42.33,-83.05,42.5,-83.125,2044,12,-6.91
"Detroit",42.33,-83.05,42.5,-83.125,2045,1,-0.59
"Detroit",42.33,-83.05,42.5,-83.125,2045,2,-1.12
"Detroit",42.33,-83.05,42.5,-83.125,2045,3,4.46
"Detroit",42.33,-83.05,42.5,-83.125,2045,4,9.88
"Detroit",42.33,-83.05,42.5,-83.125,2045,5,15.61
"Detroit",42.33,-83.05,42.5,-83.125,2045,6,22.42
"Detroit",42.33,-83.05,42.5,-83.125,2045,7,25.04
"Detroit",42.33,-83.05,42.5,-83.125,2045,8,22.42
"Detroit",42.33,-83.05,42.5,-83.125,2045,9,19.42
"Detroit",42.33,-83.05,42.5,-83.125,2045,10,10.43
"Detroit",42.33,-83.05,42.5,-83.125,2045,11,5.81
"Detroit",42.33,-83.05,42.5,-83.125,2045,12,-1.37
"Detroit",42.33,-83.05,42.5,-83.125,2046,1,-4.48
"Detroit",42.33,-83.05,42.5,-83.125,2046,2,0.47
"Detroit",42.33,-83.05,42.5,-83.125,2046,3,-1.01
"Detroit",42.33,-83.05,42.5,-83.125,2046,4,10.17
"Detroit",42.33,-83.05,42.5,-83.125,2046,5,15.96
"Detroit",42.33,-83.05,42.5,-83.125,2046,6,22.65
"Detroit",42.33,-83.05,42.5,-83.125,2046,7,23.08
"Detroit",42.33,-83.05,42.5,-83.125,2046,8,24.77
"Detroit",42.33,-83.05,42.5,-83.125,2046,9,19.82
"Detroit",42.33,-83.05,42.5,-83.125,2046,10,10.69
"Detroit",42.33,-83.05,42.5,-83.125,2046,11,5.39
"Detroit",42.33,-83.05,42.5,-83.125,2046,12,-3.83
"Detroit",42.33,-83.05,42.5,-83.125,2047,1,-7.96
"Detroit",42.33,-83.05,42.5,-83.125,2047,2,0.21
"Detroit",42.33,-83.05,42.5,-83.125,2047,3,1.29
"Detroit",42.33,-83.05,42.5,-83.125,2047,4,9.89
"Detroit",42.33,-83.05,42.5,-83.125,2047,5,16.73
"Detroit",42.33,-83.05,42.5,-83.125,2047,6,20.89
"Detroit",42.33,-83.05,42.5,-83.125,2047,7,22.63
"Detroit",42.33,-83.05,42.5,-83.125,2047,8,20.29
"Detroit",42.33,-83.05,42.5,-83.125,2047,9,15.63
"Detroit",42.33,-83.05,42.5,-83.125,2047,10,9.04
"Detroit",42.33,-83.05,42.5,-83.125,2047,11,2.32
"Detroit",42.33,-83.05,42.5,-83.125,2047,12,-1.99
"Detroit",42.33,-83.05,42.5,-83.125,2048,1,0.15
"Detroit",42.33,-83.05,42.5,-83.125,2048,2,0.61
"Detroit",42.33,-83.05,42.5,-83.125,2048,3,4.44
"Detroit",42.33,-83.05,42.5,-83.125,2048,4,9.5
"Detroit",42.33,-83.05,42.5,-83.125,2048,5,16.8
"Detroit",42.33,-83.05,42.5,-83.125,2048,6,21.27
"Detroit",42.33,-83.05,42.5,-83.125,2048,7,22.93
"Detroit",42.33,-83.05,42.5,-83.125,2048,8,25.66
"Detroit",42.33,-83.05,42.5,-83.125,2048,9,19.38
"Detroit",42.33,-83.05,42.5,-83.125,2048,10,10.91
"Detroit",42.33,-83.05,42.5,-83.125,2048,11,3.44
"Detroit",42.33,-83.05,42.5,-83.125,2048,12,-2.07
"Detroit",42.33,-83.05,42.5,-83.125,2049,1,-9.22
"Detroit",42.33,-83.05,42.5,-83.125,2049,2,-1.39
"Detroit",42.33,-83.05,42.5,-83.125,2049,3,6.51
"Detroit",42.33,-83.05,42.5,-83.125,2049,4,10.62
"Detroit",42.33,-83.05,42.5,-83.125,2049,5,16.22
"Detroit",42.33,-83.05,42.5,-83.125,2049,6,22.46
"Detroit",42.33,-83.05,42.5,-83.125,2049,7,25.4
"Detroit",42.33,-83.05,42.5,-83.125,2049,8,22.29
"Detroit",42.33,-83.05,42.5,-83.125,2049,9,20.72
"Detroit",42.33,-83.05,42.5,-83.125,2049,10,10.43
"Detroit",42.33,-83.05,42.5,-83.125,2049,11,8.14
"Detroit",42.33,-83.05,42.5,-83.125,2049,12,0.8
"Detroit",42.33,-83.05,42.5,-83.125,2050,1,-3
"Detroit",42.33,-83.05,42.5,-83.125,2050,2,0.38
"Detroit",42.33,-83.05,42.5,-83.125,2050,3,-1.38
"Detroit",42.33,-83.05,42.5,-83.125,2050,4,9.45
"Detroit",42.33,-83.05,42.5,-83.125,2050,5,15.65
"Detroit",42.33,-83.05,42.5,-83.125,2050,6,23.74
"Detroit",42.33,-83.05,42.5,-83.125,2050,7,22.7
"Detroit",42.33,-83.05,42.5,-83.125,2050,8,24.04
"Detroit",42.33,-83.05,42.5,-83.125,2050,9,18.1
"Detroit",42.33,-83.05,42.5,-83.125,2050,10,10.37
"Detroit",42.33,-83.05,42.5,-83.125,2050,11,4.97
"Detroit",42.33,-83.05,42.5,-83.125,2050,12,1.05
"Detroit",42.33,-83.05,42.5,-83.125,2051,1,-6.44
"Detroit",42.33,-83.05,42.5,-83.125,2051,2,-8.22
"Detroit",42.33,-83.05,42.5,-83.125,2051,3,6.23
"Detroit",42.33,-83.05,42.5,-83.125,2051,4,7.9
"Detroit",42.33,-83.05,42.5,-83.125,2051,5,15.94
"Detroit",42.33,-83.05,42.5,-83.125,2051,6,22.18
"Detroit",42.33,-83.05,42.5,-83.125,2051,7,23.54
"Detroit",42.33,-83.05,42.5,-83.125,2051,8,23.96
"Detroit",42.33,-83.05,42.5,-83.125,2051,9,18.12
"Detroit",42.33,-83.05,42.5,-83.125,2051,10,11.84
"Detroit",42.33,-83.05,42.5,-83.125,2051,11,5.22
"Detroit",42.33,-83.05,42.5,-83.125,2051,12,0.5
"Detroit",42.33,-83.05,42.5,-83.125,2052,1,-2.54
"Detroit",42.33,-83.05,42.5,-83.125,2052,2,1.81
"Detroit",42.33,-83.05,42.5,-83.125,2052,3,4.5
"Detroit",42.33,-83.05,42.5,-83.125,2052,4,9.14
"Detroit",42.33,-83.05,42.5,-83.125,2052,5,14.24
"Detroit",42.33,-83.05,42.5,-83.125,2052,6,20.07
"Detroit",42.33,-83.05,42.5,-83.125,2052,7,24.38
"Detroit",42.33,-83.05,42.5,-83.125,2052,8,22.46
"Detroit",42.33,-83.05,42.5,-83.125,2052,9,17.55
"Detroit",42.33,-83.05,42.5,-83.125,2052,10,10.19
"Detroit",42.33,-83.05,42.5,-83.125,2052,11,6.07
"Detroit",42.33,-83.05,42.5,-83.125,2052,12,3.99
"Detroit",42.33,-83.05,42.5,-83.125,2053,1,2.97
"Detroit",42.33,-83.05,42.5,-83.125,2053,2,-1.63
"Detroit",42.33,-83.05,42.5,-83.125,2053,3,6.53
"Detroit",42.33,-83.05,42.5,-83.125,2053,4,10.22
"Detroit",42.33,-83.05,42.5,-83.125,2053,5,15.47
"Detroit",42.33,-83.05,42.5,-83.125,2053,6,20.62
"Detroit",42.33,-83.05,42.5,-83.125,2053,7,24.77
"Detroit",42.33,-83.05,42.5,-83.125,2053,8,22.7
"Detroit",42.33,-83.05,42.5,-83.125,2053,9,18.28
"Detroit",42.33,-83.05,42.5,-83.125,2053,10,11.96
"Detroit",42.33,-83.05,42.5,-83.125,2053,11,6.53
"Detroit",42.33,-83.05,42.5,-83.125,2053,12,-0.68
"Detroit",42.33,-83.05,42.5,-83.125,2054,1,-1.97
"Detroit",42.33,-83.05,42.5,-83.125,2054,2,-0.68
"Detroit",42.33,-83.05,42.5,-83.125,2054,3,6.25
"Detroit",42.33,-83.05,42.5,-83.125,2054,4,9.67
"Detroit",42.33,-83.05,42.5,-83.125,2054,5,17.89
"Detroit",42.33,-83.05,42.5,-83.125,2054,6,23.67
"Detroit",42.33,-83.05,42.5,-83.125,2054,7,25.57
"Detroit",42.33,-83.05,42.5,-83.125,2054,8,23.8
"Detroit",42.33,-83.05,42.5,-83.125,2054,9,17.45
"Detroit",42.33,-83.05,42.5,-83.125,2054,10,8.38
"Detroit",42.33,-83.05,42.5,-83.125,2054,11,6.87
"Detroit",42.33,-83.05,42.5,-83.125,2054,12,2.11
"Detroit",42.33,-83.05,42.5,-83.125,2055,1,-3.02
"Detroit",42.33,-83.05,42.5,-83.125,2055,2,-6.24
"Detroit",42.33,-83.05,42.5,-83.125,2055,3,1.84
"Detroit",42.33,-83.05,42.5,-83.125,2055,4,8.28
"Detroit",42.33,-83.05,42.5,-83.125,2055,5,16.39
"Detroit",42.33,-83.05,42.5,-83.125,2055,6,23.71
"Detroit",42.33,-83.05,42.5,-83.125,2055,7,27.74
"Detroit",42.33,-83.05,42.5,-83.125,2055,8,21.52
"Detroit",42.33,-83.05,42.5,-83.125,2055,9,15.45
"Detroit",42.33,-83.05,42.5,-83.125,2055,10,11.82
"Detroit",42.33,-83.05,42.5,-83.125,2055,11,6.82
"Detroit",42.33,-83.05,42.5,-83.125,2055,12,0.01
"Detroit",42.33,-83.05,42.5,-83.125,2056,1,-3.94
"Detroit",42.33,-83.05,42.5,-83.125,2056,2,0.73
"Detroit",42.33,-83.05,42.5,-83.125,2056,3,6.77
"Detroit",42.33,-83.05,42.5,-83.125,2056,4,13.68
"Detroit",42.33,-83.05,42.5,-83.125,2056,5,19.13
"Detroit",42.33,-83.05,42.5,-83.125,2056,6,22.32
"Detroit",42.33,-83.05,42.5,-83.125,2056,7,25.82
"Detroit",42.33,-83.05,42.5,-83.125,2056,8,25.63
"Detroit",42.33,-83.05,42.5,-83.125,2056,9,15.72
"Detroit",42.33,-83.05,42.5,-83.125,2056,10,8.8
"Detroit",42.33,-83.05,42.5,-83.125,2056,11,4.08
"Detroit",42.33,-83.05,42.5,-83.125,2056,12,-2.25
"Detroit",42.33,-83.05,42.5,-83.125,2057,1,-13.28
"Detroit",42.33,-83.05,42.5,-83.125,2057,2,-2.16
"Detroit",42.33,-83.05,42.5,-83.125,2057,3,5.67
"Detroit",42.33,-83.05,42.5,-83.125,2057,4,12.04
"Detroit",42.33,-83.05,42.5,-83.125,2057,5,17.5
"Detroit",42.33,-83.05,42.5,-83.125,2057,6,22.02
"Detroit",42.33,-83.05,42.5,-83.125,2057,7,25.08
"Detroit",42.33,-83.05,42.5,-83.125,2057,8,26.59
"Detroit",42.33,-83.05,42.5,-83.125,2057,9,18.88
"Detroit",42.33,-83.05,42.5,-83.125,2057,10,9.63
"Detroit",42.33,-83.05,42.5,-83.125,2057,11,2.7
"Detroit",42.33,-83.05,42.5,-83.125,2057,12,1.53
"Detroit",42.33,-83.05,42.5,-83.125,2058,1,-2.1
"Detroit",42.33,-83.05,42.5,-83.125,2058,2,-1.87
"Detroit",42.33,-83.05,42.5,-83.125,2058,3,2.44
"Detroit",42.33,-83.05,42.5,-83.125,2058,4,13.05
"Detroit",42.33,-83.05,42.5,-83.125,2058,5,16.33
"Detroit",42.33,-83.05,42.5,-83.125,2058,6,23.52
"Detroit",42.33,-83.05,42.5,-83.125,2058,7,23.94
"Detroit",42.33,-83.05,42.5,-83.125,2058,8,24.23
"Detroit",42.33,-83.05,42.5,-83.125,2058,9,15.9
"Detroit",42.33,-83.05,42.5,-83.125,2058,10,10.44
"Detroit",42.33,-83.05,42.5,-83.125,2058,11,6.2
"Detroit",42.33,-83.05,42.5,-83.125,2058,12,6.39
"Detroit",42.33,-83.05,42.5,-83.125,2059,1,-2.39
"Detroit",42.33,-83.05,42.5,-83.125,2059,2,-5.36
"Detroit",42.33,-83.05,42.5,-83.125,2059,3,3.28
"Detroit",42.33,-83.05,42.5,-83.125,2059,4,16.19
"Detroit",42.33,-83.05,42.5,-83.125,2059,5,20.37
"Detroit",42.33,-83.05,42.5,-83.125,2059,6,24.22
"Detroit",42.33,-83.05,42.5,-83.125,2059,7,24.49
"Detroit",42.33,-83.05,42.5,-83.125,2059,8,23.25
"Detroit",42.33,-83.05,42.5,-83.125,2059,9,17.37
"Detroit",42.33,-83.05,42.5,-83.125,2059,10,15.73
"Detroit",42.33,-83.05,42.5,-83.125,2059,11,6.73
"Detroit",42.33,-83.05,42.5,-83.125,2059,12,1.29
"Detroit",42.33,-83.05,42.5,-83.125,2060,1,-0.52
"Detroit",42.33,-83.05,42.5,-83.125,2060,2,0.73
"Detroit",42.33,-83.05,42.5,-83.125,2060,3,3.88
"Detroit",42.33,-83.05,42.5,-83.125,2060,4,12.85
"Detroit",42.33,-83.05,42.5,-83.125,2060,5,16.44
"Detroit",42.33,-83.05,42.5,-83.125,2060,6,21.24
"Detroit",42.33,-83.05,42.5,-83.125,2060,7,23.69
"Detroit",42.33,-83.05,42.5,-83.125,2060,8,23.29
"Detroit",42.33,-83.05,42.5,-83.125,2060,9,20.5
"Detroit",42.33,-83.05,42.5,-83.125,2060,10,8.55
"Detroit",42.33,-83.05,42.5,-83.125,2060,11,5.46
"Detroit",42.33,-83.05,42.5,-83.125,2060,12,7.27
"Detroit",42.33,-83.05,42.5,-83.125,2061,1,-5.97
"Detroit",42.33,-83.05,42.5,-83.125,2061,2,-3.25
"Detroit",42.33,-83.05,42.5,-83.125,2061,3,6.79
"Detroit",42.33,-83.05,42.5,-83.125,2061,4,12.68
"Detroit",42.33,-83.05,42.5,-83.125,2061,5,16.37
"Detroit",42.33,-83.05,42.5,-83.125,2061,6,25.06
"Detroit",42.33,-83.05,42.5,-83.125,2061,7,23.74
"Detroit",42.33,-83.05,42.5,-83.125,2061,8,22.25
"Detroit",42.33,-83.05,42.5,-83.125,2061,9,15.19
"Detroit",42.33,-83.05,42.5,-83.125,2061,10,11.91
"Detroit",42.33,-83.05,42.5,-83.125,2061,11,6.22
"Detroit",42.33,-83.05,42.5,-83.125,2061,12,1.28
"Detroit",42.33,-83.05,42.5,-83.125,2062,1,-5.64
"Detroit",42.33,-83.05,42.5,-83.125,2062,2,-0.63
"Detroit",42.33,-83.05,42.5,-83.125,2062,3,5.69
"Detroit",42.33,-83.05,42.5,-83.125,2062,4,13.79
"Detroit",42.33,-83.05,42.5,-83.125,2062,5,16.75
"Detroit",42.33,-83.05,42.5,-83.125,2062,6,22.05
"Detroit",42.33,-83.05,42.5,-83.125,2062,7,26.78
"Detroit",42.33,-83.05,42.5,-83.125,2062,8,25.61
"Detroit",42.33,-83.05,42.5,-83.125,2062,9,18
"Detroit",42.33,-83.05,42.5,-83.125,2062,10,11.95
"Detroit",42.33,-83.05,42.5,-83.125,2062,11,5
"Detroit",42.33,-83.05,42.5,-83.125,2062,12,2.46
"Detroit",42.33,-83.05,42.5,-83.125,2063,1,-5.54
"Detroit",42.33,-83.05,42.5,-83.125,2063,2,0.78
"Detroit",42.33,-83.05,42.5,-83.125,2063,3,2.62
"Detroit",42.33,-83.05,42.5,-83.125,2063,4,12.92
"Detroit",42.33,-83.05,42.5,-83.125,2063,5,17.77
"Detroit",42.33,-83.05,42.5,-83.125,2063,6,22.25
"Detroit",42.33,-83.05,42.5,-83.125,2063,7,26.21
"Detroit",42.33,-83.05,42.5,-83.125,2063,8,23.07
"Detroit",42.33,-83.05,42.5,-83.125,2063,9,19.79
"Detroit",42.33,-83.05,42.5,-83.125,2063,10,13.66
"Detroit",42.33,-83.05,42.5,-83.125,2063,11,8.74
"Detroit",42.33,-83.05,42.5,-83.125,2063,12,-1.88
"Detroit",42.33,-83.05,42.5,-83.125,2064,1,2
"Detroit",42.33,-83.05,42.5,-83.125,2064,2,2.28
"Detroit",42.33,-83.05,42.5,-83.125,2064,3,6.19
"Detroit",42.33,-83.05,42.5,-83.125,2064,4,11.24
"Detroit",42.33,-83.05,42.5,-83.125,2064,5,17.11
"Detroit",42.33,-83.05,42.5,-83.125,2064,6,20.65
"Detroit",42.33,-83.05,42.5,-83.125,2064,7,23.26
"Detroit",42.33,-83.05,42.5,-83.125,2064,8,23.37
"Detroit",42.33,-83.05,42.5,-83.125,2064,9,20.92
"Detroit",42.33,-83.05,42.5,-83.125,2064,10,9.73
"Detroit",42.33,-83.05,42.5,-83.125,2064,11,7.38
"Detroit",42.33,-83.05,42.5,-83.125,2064,12,0
"Detroit",42.33,-83.05,42.5,-83.125,2065,1,-1.87
"Detroit",42.33,-83.05,42.5,-83.125,2065,2,-3.41
"Detroit",42.33,-83.05,42.5,-83.125,2065,3,7.81
"Detroit",42.33,-83.05,42.5,-83.125,2065,4,13.2
"Detroit",42.33,-83.05,42.5,-83.125,2065,5,17.69
"Detroit",42.33,-83.05,42.5,-83.125,2065,6,21.06
"Detroit",42.33,-83.05,42.5,-83.125,2065,7,23.63
"Detroit",42.33,-83.05,42.5,-83.125,2065,8,23.65
"Detroit",42.33,-83.05,42.5,-83.125,2065,9,16.21
"Detroit",42.33,-83.05,42.5,-83.125,2065,10,12.46
"Detroit",42.33,-83.05,42.5,-83.125,2065,11,5.35
"Detroit",42.33,-83.05,42.5,-83.125,2065,12,2.5
"Detroit",42.33,-83.05,42.5,-83.125,2066,1,-3.13
"Detroit",42.33,-83.05,42.5,-83.125,2066,2,-0.41
"Detroit",42.33,-83.05,42.5,-83.125,2066,3,6.12
"Detroit",42.33,-83.05,42.5,-83.125,2066,4,12.67
"Detroit",42.33,-83.05,42.5,-83.125,2066,5,17.97
"Detroit",42.33,-83.05,42.5,-83.125,2066,6,22.59
"Detroit",42.33,-83.05,42.5,-83.125,2066,7,27.32
"Detroit",42.33,-83.05,42.5,-83.125,2066,8,25.27
"Detroit",42.33,-83.05,42.5,-83.125,2066,9,19.25
"Detroit",42.33,-83.05,42.5,-83.125,2066,10,10.92
"Detroit",42.33,-83.05,42.5,-83.125,2066,11,2.63
"Detroit",42.33,-83.05,42.5,-83.125,2066,12,3.25
"Detroit",42.33,-83.05,42.5,-83.125,2067,1,-6.41
"Detroit",42.33,-83.05,42.5,-83.125,2067,2,0.35
"Detroit",42.33,-83.05,42.5,-83.125,2067,3,8.69
"Detroit",42.33,-83.05,42.5,-83.125,2067,4,12.46
"Detroit",42.33,-83.05,42.5,-83.125,2067,5,19.55
"Detroit",42.33,-83.05,42.5,-83.125,2067,6,22.25
"Detroit",42.33,-83.05,42.5,-83.125,2067,7,27.22
"Detroit",42.33,-83.05,42.5,-83.125,2067,8,27.12
"Detroit",42.33,-83.05,42.5,-83.125,2067,9,21.76
"Detroit",42.33,-83.05,42.5,-83.125,2067,10,11.62
"Detroit",42.33,-83.05,42.5,-83.125,2067,11,6.32
"Detroit",42.33,-83.05,42.5,-83.125,2067,12,6.1
"Detroit",42.33,-83.05,42.5,-83.125,2068,1,4.77
"Detroit",42.33,-83.05,42.5,-83.125,2068,2,0.03
"Detroit",42.33,-83.05,42.5,-83.125,2068,3,5.03
"Detroit",42.33,-83.05,42.5,-83.125,2068,4,14.13
"Detroit",42.33,-83.05,42.5,-83.125,2068,5,17.66
"Detroit",42.33,-83.05,42.5,-83.125,2068,6,21.83
"Detroit",42.33,-83.05,42.5,-83.125,2068,7,23.19
"Detroit",42.33,-83.05,42.5,-83.125,2068,8,23.93
"Detroit",42.33,-83.05,42.5,-83.125,2068,9,15.92
"Detroit",42.33,-83.05,42.5,-83.125,2068,10,14.29
"Detroit",42.33,-83.05,42.5,-83.125,2068,11,6.66
"Detroit",42.33,-83.05,42.5,-83.125,2068,12,-4.13
"Detroit",42.33,-83.05,42.5,-83.125,2069,1,0.42
"Detroit",42.33,-83.05,42.5,-83.125,2069,2,-2.27
"Detroit",42.33,-83.05,42.5,-83.125,2069,3,4.11
"Detroit",42.33,-83.05,42.5,-83.125,2069,4,13.17
"Detroit",42.33,-83.05,42.5,-83.125,2069,5,16.69
"Detroit",42.33,-83.05,42.5,-83.125,2069,6,21.97
"Detroit",42.33,-83.05,42.5,-83.125,2069,7,27.24
"Detroit",42.33,-83.05,42.5,-83.125,2069,8,24.97
"Detroit",42.33,-83.05,42.5,-83.125,2069,9,18.55
"Detroit",42.33,-83.05,42.5,-83.125,2069,10,11.69
"Detroit",42.33,-83.05,42.5,-83.125,2069,11,4.24
"Detroit",42.33,-83.05,42.5,-83.125,2069,12,1.98
"Detroit",42.33,-83.05,42.5,-83.125,2070,1,-4.21
"Detroit",42.33,-83.05,42.5,-83.125,2070,2,-3.12
"Detroit",42.33,-83.05,42.5,-83.125,2070,3,4.24
"Detroit",42.33,-83.05,42.5,-83.125,2070,4,10.46
"Detroit",42.33,-83.05,42.5,-83.125,2070,5,18.45
"Detroit",42.33,-83.05,42.5,-83.125,2070,6,22.1
"Detroit",42.33,-83.05,42.5,-83.125,2070,7,26.4
"Detroit",42.33,-83.05,42.5,-83.125,2070,8,21.87
"Detroit",42.33,-83.05,42.5,-83.125,2070,9,16.77
"Detroit",42.33,-83.05,42.5,-83.125,2070,10,9.64
"Detroit",42.33,-83.05,42.5,-83.125,2070,11,5.56
"Detroit",42.33,-83.05,42.5,-83.125,2070,12,1.13
"Detroit",42.33,-83.05,42.5,-83.125,2071,1,-2.42
"Detroit",42.33,-83.05,42.5,-83.125,2071,2,1.56
"Detroit",42.33,-83.05,42.5,-83.125,2071,3,8.51
"Detroit",42.33,-83.05,42.5,-83.125,2071,4,12.79
"Detroit",42.33,-83.05,42.5,-83.125,2071,5,14.38
"Detroit",42.33,-83.05,42.5,-83.125,2071,6,22.04
"Detroit",42.33,-83.05,42.5,-83.125,2071,7,26.75
"Detroit",42.33,-83.05,42.5,-83.125,2071,8,22.5
"Detroit",42.33,-83.05,42.5,-83.125,2071,9,16.77
"Detroit",42.33,-83.05,42.5,-83.125,2071,10,14.43
"Detroit",42.33,-83.05,42.5,-83.125,2071,11,4.06
"Detroit",42.33,-83.05,42.5,-83.125,2071,12,1.93
"Detroit",42.33,-83.05,42.5,-83.125,2072,1,-3.43
"Detroit",42.33,-83.05,42.5,-83.125,2072,2,-3.88
"Detroit",42.33,-83.05,42.5,-83.125,2072,3,7.27
"Detroit",42.33,-83.05,42.5,-83.125,2072,4,16.34
"Detroit",42.33,-83.05,42.5,-83.125,2072,5,17.59
"Detroit",42.33,-83.05,42.5,-83.125,2072,6,23.71
"Detroit",42.33,-83.05,42.5,-83.125,2072,7,27.93
"Detroit",42.33,-83.05,42.5,-83.125,2072,8,26.47
"Detroit",42.33,-83.05,42.5,-83.125,2072,9,19.27
"Detroit",42.33,-83.05,42.5,-83.125,2072,10,11.88
"Detroit",42.33,-83.05,42.5,-83.125,2072,11,4.04
"Detroit",42.33,-83.05,42.5,-83.125,2072,12,-0.8
"Detroit",42.33,-83.05,42.5,-83.125,2073,1,-1.26
"Detroit",42.33,-83.05,42.5,-83.125,2073,2,-7.63
"Detroit",42.33,-83.05,42.5,-83.125,2073,3,3.8
"Detroit",42.33,-83.05,42.5,-83.125,2073,4,13.24
"Detroit",42.33,-83.05,42.5,-83.125,2073,5,21.17
"Detroit",42.33,-83.05,42.5,-83.125,2073,6,24.9
"Detroit",42.33,-83.05,42.5,-83.125,2073,7,24.72
"Detroit",42.33,-83.05,42.5,-83.125,2073,8,26.19
"Detroit",42.33,-83.05,42.5,-83.125,2073,9,21.4
"Detroit",42.33,-83.05,42.5,-83.125,2073,10,13.55
"Detroit",42.33,-83.05,42.5,-83.125,2073,11,5.59
"Detroit",42.33,-83.05,42.5,-83.125,2073,12,-0.32
"Detroit",42.33,-83.05,42.5,-83.125,2074,1,-2.25
"Detroit",42.33,-83.05,42.5,-83.125,2074,2,2.6
"Detroit",42.33,-83.05,42.5,-83.125,2074,3,5.16
"Detroit",42.33,-83.05,42.5,-83.125,2074,4,10.95
"Detroit",42.33,-83.05,42.5,-83.125,2074,5,16.38
"Detroit",42.33,-83.05,42.5,-83.125,2074,6,23.58
"Detroit",42.33,-83.05,42.5,-83.125,2074,7,27.69
"Detroit",42.33,-83.05,42.5,-83.125,2074,8,29.78
"Detroit",42.33,-83.05,42.5,-83.125,2074,9,19.78
"Detroit",42.33,-83.05,42.5,-83.125,2074,10,14.12
"Detroit",42.33,-83.05,42.5,-83.125,2074,11,9.27
"Detroit",42.33,-83.05,42.5,-83.125,2074,12,2
"Detroit",42.33,-83.05,42.5,-83.125,2075,1,0.04
"Detroit",42.33,-83.05,42.5,-83.125,2075,2,2.86
"Detroit",42.33,-83.05,42.5,-83.125,2075,3,4.53
"Detroit",42.33,-83.05,42.5,-83.125,2075,4,14.97
"Detroit",42.33,-83.05,42.5,-83.125,2075,5,16.19
"Detroit",42.33,-83.05,42.5,-83.125,2075,6,23.89
"Detroit",42.33,-83.05,42.5,-83.125,2075,7,24.54
"Detroit",42.33,-83.05,42.5,-83.125,2075,8,24.13
"Detroit",42.33,-83.05,42.5,-83.125,2075,9,19.59
"Detroit",42.33,-83.05,42.5,-83.125,2075,10,12.27
"Detroit",42.33,-83.05,42.5,-83.125,2075,11,8.66
"Detroit",42.33,-83.05,42.5,-83.125,2075,12,2.05
"Detroit",42.33,-83.05,42.5,-83.125,2076,1,-2.5
"Detroit",42.33,-83.05,42.5,-83.125,2076,2,0.15
"Detroit",42.33,-83.05,42.5,-83.125,2076,3,3.75
"Detroit",42.33,-83.05,42.5,-83.125,2076,4,14.11
"Detroit",42.33,-83.05,42.5,-83.125,2076,5,21.78
"Detroit",42.33,-83.05,42.5,-83.125,2076,6,25.23
"Detroit",42.33,-83.05,42.5,-83.125,2076,7,25.33
"Detroit",42.33,-83.05,42.5,-83.125,2076,8,25.9
"Detroit",42.33,-83.05,42.5,-83.125,2076,9,19.79
"Detroit",42.33,-83.05,42.5,-83.125,2076,10,14.97
"Detroit",42.33,-83.05,42.5,-83.125,2076,11,2.13
"Detroit",42.33,-83.05,42.5,-83.125,2076,12,-1.87
"Detroit",42.33,-83.05,42.5,-83.125,2077,1,-5.11
"Detroit",42.33,-83.05,42.5,-83.125,2077,2,-0.29
"Detroit",42.33,-83.05,42.5,-83.125,2077,3,6.56
"Detroit",42.33,-83.05,42.5,-83.125,2077,4,7.91
"Detroit",42.33,-83.05,42.5,-83.125,2077,5,15.97
"Detroit",42.33,-83.05,42.5,-83.125,2077,6,22.79
"Detroit",42.33,-83.05,42.5,-83.125,2077,7,28.37
"Detroit",42.33,-83.05,42.5,-83.125,2077,8,25.15
"Detroit",42.33,-83.05,42.5,-83.125,2077,9,19.69
"Detroit",42.33,-83.05,42.5,-83.125,2077,10,10.9
"Detroit",42.33,-83.05,42.5,-83.125,2077,11,10.11
"Detroit",42.33,-83.05,42.5,-83.125,2077,12,0.94
"Detroit",42.33,-83.05,42.5,-83.125,2078,1,1
"Detroit",42.33,-83.05,42.5,-83.125,2078,2,-2.76
"Detroit",42.33,-83.05,42.5,-83.125,2078,3,0.69
"Detroit",42.33,-83.05,42.5,-83.125,2078,4,12.04
"Detroit",42.33,-83.05,42.5,-83.125,2078,5,18.76
"Detroit",42.33,-83.05,42.5,-83.125,2078,6,25.2
"Detroit",42.33,-83.05,42.5,-83.125,2078,7,27.37
"Detroit",42.33,-83.05,42.5,-83.125,2078,8,27.14
"Detroit",42.33,-83.05,42.5,-83.125,2078,9,21.17
"Detroit",42.33,-83.05,42.5,-83.125,2078,10,14.11
"Detroit",42.33,-83.05,42.5,-83.125,2078,11,3.41
"Detroit",42.33,-83.05,42.5,-83.125,2078,12,5.82
"Detroit",42.33,-83.05,42.5,-83.125,2079,1,2.24
"Detroit",42.33,-83.05,42.5,-83.125,2079,2,2.17
"Detroit",42.33,-83.05,42.5,-83.125,2079,3,5.44
"Detroit",42.33,-83.05,42.5,-83.125,2079,4,10.72
"Detroit",42.33,-83.05,42.5,-83.125,2079,5,19.35
"Detroit",42.33,-83.05,42.5,-83.125,2079,6,21.68
"Detroit",42.33,-83.05,42.5,-83.125,2079,7,26.81
"Detroit",42.33,-83.05,42.5,-83.125,2079,8,26.22
"Detroit",42.33,-83.05,42.5,-83.125,2079,9,19.48
"Detroit",42.33,-83.05,42.5,-83.125,2079,10,17.08
"Detroit",42.33,-83.05,42.5,-83.125,2079,11,10.33
"Detroit",42.33,-83.05,42.5,-83.125,2079,12,4.49
"Detroit",42.33,-83.05,42.5,-83.125,2080,1,-0.34
"Detroit",42.33,-83.05,42.5,-83.125,2080,2,-0.17
"Detroit",42.33,-83.05,42.5,-83.125,2080,3,2.92
"Detroit",42.33,-83.05,42.5,-83.125,2080,4,9.63
"Detroit",42.33,-83.05,42.5,-83.125,2080,5,16.19
"Detroit",42.33,-83.05,42.5,-83.125,2080,6,22.51
"Detroit",42.33,-83.05,42.5,-83.125,2080,7,23.61
"Detroit",42.33,-83.05,42.5,-83.125,2080,8,24.3
"Detroit",42.33,-83.05,42.5,-83.125,2080,9,20.7
"Detroit",42.33,-83.05,42.5,-83.125,2080,10,10.7
"Detroit",42.33,-83.05,42.5,-83.125,2080,11,8.12
"Detroit",42.33,-83.05,42.5,-83.125,2080,12,2.67
"Detroit",42.33,-83.05,42.5,-83.125,2081,1,-3.84
"Detroit",42.33,-83.05,42.5,-83.125,2081,2,5.94
"Detroit",42.33,-83.05,42.5,-83.125,2081,3,8.06
"Detroit",42.33,-83.05,42.5,-83.125,2081,4,10.51
"Detroit",42.33,-83.05,42.5,-83.125,2081,5,17.7
"Detroit",42.33,-83.05,42.5,-83.125,2081,6,22.79
"Detroit",42.33,-83.05,42.5,-83.125,2081,7,25.39
"Detroit",42.33,-83.05,42.5,-83.125,2081,8,24.86
"Detroit",42.33,-83.05,42.5,-83.125,2081,9,18.42
"Detroit",42.33,-83.05,42.5,-83.125,2081,10,17.22
"Detroit",42.33,-83.05,42.5,-83.125,2081,11,7.3
"Detroit",42.33,-83.05,42.5,-83.125,2081,12,3.33
"Detroit",42.33,-83.05,42.5,-83.125,2082,1,-4.18
"Detroit",42.33,-83.05,42.5,-83.125,2082,2,-7.83
"Detroit",42.33,-83.05,42.5,-83.125,2082,3,1.19
"Detroit",42.33,-83.05,42.5,-83.125,2082,4,13.81
"Detroit",42.33,-83.05,42.5,-83.125,2082,5,18.6
"Detroit",42.33,-83.05,42.5,-83.125,2082,6,24.97
"Detroit",42.33,-83.05,42.5,-83.125,2082,7,28.33
"Detroit",42.33,-83.05,42.5,-83.125,2082,8,29.91
"Detroit",42.33,-83.05,42.5,-83.125,2082,9,21.38
"Detroit",42.33,-83.05,42.5,-83.125,2082,10,15.68
"Detroit",42.33,-83.05,42.5,-83.125,2082,11,6.83
"Detroit",42.33,-83.05,42.5,-83.125,2082,12,2.21
"Detroit",42.33,-83.05,42.5,-83.125,2083,1,2.31
"Detroit",42.33,-83.05,42.5,-83.125,2083,2,2.34
"Detroit",42.33,-83.05,42.5,-83.125,2083,3,6.44
"Detroit",42.33,-83.05,42.5,-83.125,2083,4,12.27
"Detroit",42.33,-83.05,42.5,-83.125,2083,5,18.4
"Detroit",42.33,-83.05,42.5,-83.125,2083,6,25.7
"Detroit",42.33,-83.05,42.5,-83.125,2083,7,28.76
"Detroit",42.33,-83.05,42.5,-83.125,2083,8,25.76
"Detroit",42.33,-83.05,42.5,-83.125,2083,9,22.44
"Detroit",42.33,-83.05,42.5,-83.125,2083,10,14.57
"Detroit",42.33,-83.05,42.5,-83.125,2083,11,6.93
"Detroit",42.33,-83.05,42.5,-83.125,2083,12,0.45
"Detroit",42.33,-83.05,42.5,-83.125,2084,1,-2.86
"Detroit",42.33,-83.05,42.5,-83.125,2084,2,1.14
"Detroit",42.33,-83.05,42.5,-83.125,2084,3,8.14
"Detroit",42.33,-83.05,42.5,-83.125,2084,4,10.64
"Detroit",42.33,-83.05,42.5,-83.125,2084,5,18.9
"Detroit",42.33,-83.05,42.5,-83.125,2084,6,20.71
"Detroit",42.33,-83.05,42.5,-83.125,2084,7,25.72
"Detroit",42.33,-83.05,42.5,-83.125,2084,8,25.34
"Detroit",42.33,-83.05,42.5,-83.125,2084,9,17.76
"Detroit",42.33,-83.05,42.5,-83.125,2084,10,16.52
"Detroit",42.33,-83.05,42.5,-83.125,2084,11,10.66
"Detroit",42.33,-83.05,42.5,-83.125,2084,12,5.77
"Detroit",42.33,-83.05,42.5,-83.125,2085,1,3.02
"Detroit",42.33,-83.05,42.5,-83.125,2085,2,5.67
"Detroit",42.33,-83.05,42.5,-83.125,2085,3,7.07
"Detroit",42.33,-83.05,42.5,-83.125,2085,4,17.44
"Detroit",42.33,-83.05,42.5,-83.125,2085,5,21.18
"Detroit",42.33,-83.05,42.5,-83.125,2085,6,24.87
"Detroit",42.33,-83.05,42.5,-83.125,2085,7,31.17
"Detroit",42.33,-83.05,42.5,-83.125,2085,8,26.75
"Detroit",42.33,-83.05,42.5,-83.125,2085,9,22.18
"Detroit",42.33,-83.05,42.5,-83.125,2085,10,14.32
"Detroit",42.33,-83.05,42.5,-83.125,2085,11,4.6
"Detroit",42.33,-83.05,42.5,-83.125,2085,12,-0.79
"Detroit",42.33,-83.05,42.5,-83.125,2086,1,-0.72
"Detroit",42.33,-83.05,42.5,-83.125,2086,2,0.95
"Detroit",42.33,-83.05,42.5,-83.125,2086,3,9.06
"Detroit",42.33,-83.05,42.5,-83.125,2086,4,13.17
"Detroit",42.33,-83.05,42.5,-83.125,2086,5,18.05
"Detroit",42.33,-83.05,42.5,-83.125,2086,6,22.04
"Detroit",42.33,-83.05,42.5,-83.125,2086,7,27.28
"Detroit",42.33,-83.05,42.5,-83.125,2086,8,25.12
"Detroit",42.33,-83.05,42.5,-83.125,2086,9,18.63
"Detroit",42.33,-83.05,42.5,-83.125,2086,10,11.44
"Detroit",42.33,-83.05,42.5,-83.125,2086,11,10.41
"Detroit",42.33,-83.05,42.5,-83.125,2086,12,4.06
"Detroit",42.33,-83.05,42.5,-83.125,2087,1,0.06
"Detroit",42.33,-83.05,42.5,-83.125,2087,2,-2.58
"Detroit",42.33,-83.05,42.5,-83.125,2087,3,7.62
"Detroit",42.33,-83.05,42.5,-83.125,2087,4,14.07
"Detroit",42.33,-83.05,42.5,-83.125,2087,5,16.89
"Detroit",42.33,-83.05,42.5,-83.125,2087,6,25.01
"Detroit",42.33,-83.05,42.5,-83.125,2087,7,29.2
"Detroit",42.33,-83.05,42.5,-83.125,2087,8,25.9
"Detroit",42.33,-83.05,42.5,-83.125,2087,9,18.1
"Detroit",42.33,-83.05,42.5,-83.125,2087,10,10.52
"Detroit",42.33,-83.05,42.5,-83.125,2087,11,7.41
"Detroit",42.33,-83.05,42.5,-83.125,2087,12,-1.29
"Detroit",42.33,-83.05,42.5,-83.125,2088,1,3.38
"Detroit",42.33,-83.05,42.5,-83.125,2088,2,5.34
"Detroit",42.33,-83.05,42.5,-83.125,2088,3,8.58
"Detroit",42.33,-83.05,42.5,-83.125,2088,4,11.75
"Detroit",42.33,-83.05,42.5,-83.125,2088,5,19.81
"Detroit",42.33,-83.05,42.5,-83.125,2088,6,26.6
"Detroit",42.33,-83.05,42.5,-83.125,2088,7,27.26
"Detroit",42.33,-83.05,42.5,-83.125,2088,8,28.01
"Detroit",42.33,-83.05,42.5,-83.125,2088,9,25.62
"Detroit",42.33,-83.05,42.5,-83.125,2088,10,14.7
"Detroit",42.33,-83.05,42.5,-83.125,2088,11,9.15
"Detroit",42.33,-83.05,42.5,-83.125,2088,12,2.43
"Detroit",42.33,-83.05,42.5,-83.125,2089,1,-7.4
"Detroit",42.33,-83.05,42.5,-83.125,2089,2,-1.83
"Detroit",42.33,-83.05,42.5,-83.125,2089,3,6.63
"Detroit",42.33,-83.05,42.5,-83.125,2089,4,16.39
"Detroit",42.33,-83.05,42.5,-83.125,2089,5,19.8
"Detroit",42.33,-83.05,42.5,-83.125,2089,6,29.75
"Detroit",42.33,-83.05,42.5,-83.125,2089,7,26.56
"Detroit",42.33,-83.05,42.5,-83.125,2089,8,24.02
"Detroit",42.33,-83.05,42.5,-83.125,2089,9,19.7
"Detroit",42.33,-83.05,42.5,-83.125,2089,10,12.61
"Detroit",42.33,-83.05,42.5,-83.125,2089,11,8.21
"Detroit",42.33,-83.05,42.5,-83.125,2089,12,1.07
"Detroit",42.33,-83.05,42.5,-83.125,2090,1,0.33
"Detroit",42.33,-83.05,42.5,-83.125,2090,2,1.53
"Detroit",42.33,-83.05,42.5,-83.125,2090,3,3.8
"Detroit",42.33,-83.05,42.5,-83.125,2090,4,12.4
"Detroit",42.33,-83.05,42.5,-83.125,2090,5,19.99
"Detroit",42.33,-83.05,42.5,-83.125,2090,6,22.42
"Detroit",42.33,-83.05,42.5,-83.125,2090,7,29.15
"Detroit",42.33,-83.05,42.5,-83.125,2090,8,26.22
"Detroit",42.33,-83.05,42.5,-83.125,2090,9,21.49
"Detroit",42.33,-83.05,42.5,-83.125,2090,10,12.01
"Detroit",42.33,-83.05,42.5,-83.125,2090,11,9.72
"Detroit",42.33,-83.05,42.5,-83.125,2090,12,1.94
"Detroit",42.33,-83.05,42.5,-83.125,2091,1,2.2
"Detroit",42.33,-83.05,42.5,-83.125,2091,2,1.21
"Detroit",42.33,-83.05,42.5,-83.125,2091,3,10.44
"Detroit",42.33,-83.05,42.5,-83.125,2091,4,12.8
"Detroit",42.33,-83.05,42.5,-83.125,2091,5,16.84
"Detroit",42.33,-83.05,42.5,-83.125,2091,6,24.77
"Detroit",42.33,-83.05,42.5,-83.125,2091,7,25.77
"Detroit",42.33,-83.05,42.5,-83.125,2091,8,24.57
"Detroit",42.33,-83.05,42.5,-83.125,2091,9,18.97
"Detroit",42.33,-83.05,42.5,-83.125,2091,10,12.11
"Detroit",42.33,-83.05,42.5,-83.125,2091,11,11.05
"Detroit",42.33,-83.05,42.5,-83.125,2091,12,3.1
"Detroit",42.33,-83.05,42.5,-83.125,2092,1,1.04
"Detroit",42.33,-83.05,42.5,-83.125,2092,2,-5.16
"Detroit",42.33,-83.05,42.5,-83.125,2092,3,8.93
"Detroit",42.33,-83.05,42.5,-83.125,2092,4,15.41
"Detroit",42.33,-83.05,42.5,-83.125,2092,5,17.22
"Detroit",42.33,-83.05,42.5,-83.125,2092,6,24.08
"Detroit",42.33,-83.05,42.5,-83.125,2092,7,27.9
"Detroit",42.33,-83.05,42.5,-83.125,2092,8,25.93
"Detroit",42.33,-83.05,42.5,-83.125,2092,9,20.03
"Detroit",42.33,-83.05,42.5,-83.125,2092,10,11.05
"Detroit",42.33,-83.05,42.5,-83.125,2092,11,4.9
"Detroit",42.33,-83.05,42.5,-83.125,2092,12,1.23
"Detroit",42.33,-83.05,42.5,-83.125,2093,1,4.44
"Detroit",42.33,-83.05,42.5,-83.125,2093,2,0.53
"Detroit",42.33,-83.05,42.5,-83.125,2093,3,2.02
"Detroit",42.33,-83.05,42.5,-83.125,2093,4,12.96
"Detroit",42.33,-83.05,42.5,-83.125,2093,5,19.6
"Detroit",42.33,-83.05,42.5,-83.125,2093,6,25.69
"Detroit",42.33,-83.05,42.5,-83.125,2093,7,28.65
"Detroit",42.33,-83.05,42.5,-83.125,2093,8,27.22
"Detroit",42.33,-83.05,42.5,-83.125,2093,9,19.22
"Detroit",42.33,-83.05,42.5,-83.125,2093,10,12.23
"Detroit",42.33,-83.05,42.5,-83.125,2093,11,8.25
"Detroit",42.33,-83.05,42.5,-83.125,2093,12,6.1
"Detroit",42.33,-83.05,42.5,-83.125,2094,1,2.26
"Detroit",42.33,-83.05,42.5,-83.125,2094,2,5
"Detroit",42.33,-83.05,42.5,-83.125,2094,3,2.9
"Detroit",42.33,-83.05,42.5,-83.125,2094,4,13.14
"Detroit",42.33,-83.05,42.5,-83.125,2094,5,18.24
"Detroit",42.33,-83.05,42.5,-83.125,2094,6,26.02
"Detroit",42.33,-83.05,42.5,-83.125,2094,7,28.88
"Detroit",42.33,-83.05,42.5,-83.125,2094,8,29.49
"Detroit",42.33,-83.05,42.5,-83.125,2094,9,22.59
"Detroit",42.33,-83.05,42.5,-83.125,2094,10,13.83
"Detroit",42.33,-83.05,42.5,-83.125,2094,11,8.19
"Detroit",42.33,-83.05,42.5,-83.125,2094,12,1.87
"Detroit",42.33,-83.05,42.5,-83.125,2095,1,-4.66
"Detroit",42.33,-83.05,42.5,-83.125,2095,2,-2.51
"Detroit",42.33,-83.05,42.5,-83.125,2095,3,6.56
"Detroit",42.33,-83.05,42.5,-83.125,2095,4,15.47
"Detroit",42.33,-83.05,42.5,-83.125,2095,5,20.25
"Detroit",42.33,-83.05,42.5,-83.125,2095,6,26.44
"Detroit",42.33,-83.05,42.5,-83.125,2095,7,31.51
"Detroit",42.33,-83.05,42.5,-83.125,2095,8,28.19
"Detroit",42.33,-83.05,42.5,-83.125,2095,9,23.49
"Detroit",42.33,-83.05,42.5,-83.125,2095,10,12.32
"Detroit",42.33,-83.05,42.5,-83.125,2095,11,6.67
"Detroit",42.33,-83.05,42.5,-83.125,2095,12,5.62
"Detroit",42.33,-83.05,42.5,-83.125,2096,1,2.09
"Detroit",42.33,-83.05,42.5,-83.125,2096,2,1
"Detroit",42.33,-83.05,42.5,-83.125,2096,3,9.06
"Detroit",42.33,-83.05,42.5,-83.125,2096,4,17.27
"Detroit",42.33,-83.05,42.5,-83.125,2096,5,18.1
"Detroit",42.33,-83.05,42.5,-83.125,2096,6,26.04
"Detroit",42.33,-83.05,42.5,-83.125,2096,7,26.96
"Detroit",42.33,-83.05,42.5,-83.125,2096,8,25.1
"Detroit",42.33,-83.05,42.5,-83.125,2096,9,17.61
"Detroit",42.33,-83.05,42.5,-83.125,2096,10,13.28
"Detroit",42.33,-83.05,42.5,-83.125,2096,11,7.22
"Detroit",42.33,-83.05,42.5,-83.125,2096,12,4.41
"Detroit",42.33,-83.05,42.5,-83.125,2097,1,5.21
"Detroit",42.33,-83.05,42.5,-83.125,2097,2,6.14
"Detroit",42.33,-83.05,42.5,-83.125,2097,3,8.17
"Detroit",42.33,-83.05,42.5,-83.125,2097,4,12.44
"Detroit",42.33,-83.05,42.5,-83.125,2097,5,20
"Detroit",42.33,-83.05,42.5,-83.125,2097,6,26.49
"Detroit",42.33,-83.05,42.5,-83.125,2097,7,29.02
"Detroit",42.33,-83.05,42.5,-83.125,2097,8,26.3
"Detroit",42.33,-83.05,42.5,-83.125,2097,9,20.82
"Detroit",42.33,-83.05,42.5,-83.125,2097,10,14.21
"Detroit",42.33,-83.05,42.5,-83.125,2097,11,6.88
"Detroit",42.33,-83.05,42.5,-83.125,2097,12,6.37
"Detroit",42.33,-83.05,42.5,-83.125,2098,1,-0.71
"Detroit",42.33,-83.05,42.5,-83.125,2098,2,-2.46
"Detroit",42.33,-83.05,42.5,-83.125,2098,3,9.7
"Detroit",42.33,-83.05,42.5,-83.125,2098,4,11.11
"Detroit",42.33,-83.05,42.5,-83.125,2098,5,20.21
"Detroit",42.33,-83.05,42.5,-83.125,2098,6,24.71
"Detroit",42.33,-83.05,42.5,-83.125,2098,7,27.12
"Detroit",42.33,-83.05,42.5,-83.125,2098,8,25.76
"Detroit",42.33,-83.05,42.5,-83.125,2098,9,21.74
"Detroit",42.33,-83.05,42.5,-83.125,2098,10,13.45
"Detroit",42.33,-83.05,42.5,-83.125,2098,11,6.48
"Detroit",42.33,-83.05,42.5,-83.125,2098,12,2.16
"Detroit",42.33,-83.05,42.5,-83.125,2099,1,-0.77
"Detroit",42.33,-83.05,42.5,-83.125,2099,2,6.01
"Detroit",42.33,-83.05,42.5,-83.125,2099,3,9.58
"Detroit",42.33,-83.05,42.5,-83.125,2099,4,12.43
"Detroit",42.33,-83.05,42.5,-83.125,2099,5,21.8
"Detroit",42.33,-83.05,42.5,-83.125,2099,6,24.97
"Detroit",42.33,-83.05,42.5,-83.125,2099,7,29.32
"Detroit",42.33,-83.05,42.5,-83.125,2099,8,28.49
"Detroit",42.33,-83.05,42.5,-83.125,2099,9,21.44
"Detroit",42.33,-83.05,42.5,-83.125,2099,10,11.9
"Detroit",42.33,-83.05,42.5,-83.125,2099,11,5.32
"Detroit",42.33,-83.05,42.5,-83.125,2099,12,1.39
"Detroit",42.33,-83.05,42.5,-83.125,2100,1,1.66
"Detroit",42.33,-83.05,42.5,-83.125,2100,2,-2.6
"Detroit",42.33,-83.05,42.5,-83.125,2100,3,8.91
"Detroit",42.33,-83.05,42.5,-83.125,2100,4,13.25
"Detroit",42.33,-83.05,42.5,-83.125,2100,5,20.71
"Detroit",42.33,-83.05,42.5,-83.125,2100,6,26.91
"Detroit",42.33,-83.05,42.5,-83.125,2100,7,27.63
"Detroit",42.33,-83.05,42.5,-83.125,2100,8,27.35
"Detroit",42.33,-83.05,42.5,-83.125,2100,9,24.85
"Detroit",42.33,-83.05,42.5,-83.125,2100,10,10.69
"Detroit",42.33,-83.05,42.5,-83.125,2100,11,7.88
"Detroit",42.33,-83.05,42.5,-83.125,2100,12,5.63
"Moscow",55.75,37.62,55.5,38.125,2015,1,-7.6
"Moscow",55.75,37.62,55.5,38.125,2015,2,-7.64
"Moscow",55.75,37.62,55.5,38.125,2015,3,-5.84
"Moscow",55.75,37.62,55.5,38.125,2015,4,-1.07
"Moscow",55.75,37.62,55.5,38.125,2015,5,12.41
"Moscow",55.75,37.62,55.5,38.125,2015,6,15.31
"Moscow",55.75,37.62,55.5,38.125,2015,7,21.33
"Moscow",55.75,37.62,55.5,38.125,2015,8,18.05
"Moscow",55.75,37.62,55.5,38.125,2015,9,10.13
"Moscow",55.75,37.62,55.5,38.125,2015,10,1.94
"Moscow",55.75,37.62,55.5,38.125,2015,11,-0.03
"Moscow",55.75,37.62,55.5,38.125,2015,12,-4.06
"Moscow",55.75,37.62,55.5,38.125,2016,1,-7.89
"Moscow",55.75,37.62,55.5,38.125,2016,2,-10.68
"Moscow",55.75,37.62,55.5,38.125,2016,3,-7.97
"Moscow",55.75,37.62,55.5,38.125,2016,4,0.34
"Moscow",55.75,37.62,55.5,38.125,2016,5,13.05
"Moscow",55.75,37.62,55.5,38.125,2016,6,19.66
"Moscow",55.75,37.62,55.5,38.125,2016,7,25.8
"Moscow",55.75,37.62,55.5,38.125,2016,8,19.04
"Moscow",55.75,37.62,55.5,38.125,2016,9,12.74
"Moscow",55.75,37.62,55.5,38.125,2016,10,5.18
"Moscow",55.75,37.62,55.5,38.125,2016,11,1.56
"Moscow",55.75,37.62,55.5,38.125,2016,12,-3.38
"Moscow",55.75,37.62,55.5,38.125,2017,1,-17.23
"Moscow",55.75,37.62,55.5,38.125,2017,2,-11.75
"Moscow",55.75,37.62,55.5,38.125,2017,3,2.78
"Moscow",55.75,37.62,55.5,38.125,2017,4,7.18
"Moscow",55.75,37.62,55.5,38.125,2017,5,12.83
"Moscow",55.75,37.62,55.5,38.125,2017,6,20.64
"Moscow",55.75,37.62,55.5,38.125,2017,7,24.22
"Moscow",55.75,37.62,55.5,38.125,2017,8,16.26
"Moscow",55.75,37.62,55.5,38.125,2017,9,9.99
"Moscow",55.75,37.62,55.5,38.125,2017,10,5.39
"Moscow",55.75,37.62,55.5,38.125,2017,11,-5.84
"Moscow",55.75,37.62,55.5,38.125,2017,12,-16.67
"Moscow",55.75,37.62,55.5,38.125,2018,1,-18.37
"Moscow",55.75,37.62,55.5,38.125,2018,2,-9.32
"Moscow",55.75,37.62,55.5,38.125,2018,3,2.8
"Moscow",55.75,37.62,55.5,38.125,2018,4,5.85
"Moscow",55.75,37.62,55.5,38.125,2018,5,12.75
"Moscow",55.75,37.62,55.5,38.125,2018,6,21.33
"Moscow",55.75,37.62,55.5,38.125,2018,7,21.93
"Moscow",55.75,37.62,55.5,38.125,2018,8,21.04
"Moscow",55.75,37.62,55.5,38.125,2018,9,11.85
"Moscow",55.75,37.62,55.5,38.125,2018,10,1.05
"Moscow",55.75,37.62,55.5,38.125,2018,11,-1.88
"Moscow",55.75,37.62,55.5,38.125,2018,12,-7.09
"Moscow",55.75,37.62,55.5,38.125,2019,1,-13.29
"Moscow",55.75,37.62,55.5,38.125,2019,2,-12.63
"Moscow",55.75,37.62,55.5,38.125,2019,3,-2.43
"Moscow",55.75,37.62,55.5,38.125,2019,4,6.29
"Moscow",55.75,37.62,55.5,38.125,2019,5,13.93
"Moscow",55.75,37.62,55.5,38.125,2019,6,17.33
"Moscow",55.75,37.62,55.5,38.125,2019,7,20.43
"Moscow",55.75,37.62,55.5,38.125,2019,8,17.94
"Moscow",55.75,37.62,55.5,38.125,2019,9,13.04
"Moscow",55.75,37.62,55.5,38.125,2019,10,3.35
"Moscow",55.75,37.62,55.5,38.125,2019,11,3.73
"Moscow",55.75,37.62,55.5,38.125,2019,12,-5.08
"Moscow",55.75,37.62,55.5,38.125,2020,1,-5.44
"Moscow",55.75,37.62,55.5,38.125,2020,2,-13.18
"Moscow",55.75,37.62,55.5,38.125,2020,3,-2.44
"Moscow",55.75,37.62,55.5,38.125,2020,4,5.14
"Moscow",55.75,37.62,55.5,38.125,2020,5,11.85
"Moscow",55.75,37.62,55.5,38.125,2020,6,21.89
"Moscow",55.75,37.62,55.5,38.125,2020,7,23.96
"Moscow",55.75,37.62,55.5,38.125,2020,8,23.35
"Moscow",55.75,37.62,55.5,38.125,2020,9,15.07
"Moscow",55.75,37.62,55.5,38.125,2020,10,5.43
"Moscow",55.75,37.62,55.5,38.125,2020,11,-2.06
"Moscow",55.75,37.62,55.5,38.125,2020,12,-17.72
"Moscow",55.75,37.62,55.5,38.125,2021,1,-20.05
"Moscow",55.75,37.62,55.5,38.125,2021,2,-13.51
"Moscow",55.75,37.62,55.5,38.125,2021,3,-5.74
"Moscow",55.75,37.62,55.5,38.125,2021,4,4.56
"Moscow",55.75,37.62,55.5,38.125,2021,5,14.68
"Moscow",55.75,37.62,55.5,38.125,2021,6,23.1
"Moscow",55.75,37.62,55.5,38.125,2021,7,24.04
"Moscow",55.75,37.62,55.5,38.125,2021,8,13.85
"Moscow",55.75,37.62,55.5,38.125,2021,9,12.22
"Moscow",55.75,37.62,55.5,38.125,2021,10,6.72
"Moscow",55.75,37.62,55.5,38.125,2021,11,-1.48
"Moscow",55.75,37.62,55.5,38.125,2021,12,-3
"Moscow",55.75,37.62,55.5,38.125,2022,1,-7.02
"Moscow",55.75,37.62,55.5,38.125,2022,2,-3.97
"Moscow",55.75,37.62,55.5,38.125,2022,3,0.27
"Moscow",55.75,37.62,55.5,38.125,2022,4,7.66
"Moscow",55.75,37.62,55.5,38.125,2022,5,12.2
"Moscow",55.75,37.62,55.5,38.125,2022,6,19.11
"Moscow",55.75,37.62,55.5,38.125,2022,7,20.54
"Moscow",55.75,37.62,55.5,38.125,2022,8,18.36
"Moscow",55.75,37.62,55.5,38.125,2022,9,11.71
"Moscow",55.75,37.62,55.5,38.125,2022,10,7.59
"Moscow",55.75,37.62,55.5,38.125,2022,11,-8.27
"Moscow",55.75,37.62,55.5,38.125,2022,12,-6.64
"Moscow",55.75,37.62,55.5,38.125,2023,1,-18.65
"Moscow",55.75,37.62,55.5,38.125,2023,2,-5.56
"Moscow",55.75,37.62,55.5,38.125,2023,3,-6.28
"Moscow",55.75,37.62,55.5,38.125,2023,4,0.83
"Moscow",55.75,37.62,55.5,38.125,2023,5,13.26
"Moscow",55.75,37.62,55.5,38.125,2023,6,22.01
"Moscow",55.75,37.62,55.5,38.125,2023,7,22.01
"Moscow",55.75,37.62,55.5,38.125,2023,8,15.66
"Moscow",55.75,37.62,55.5,38.125,2023,9,10.28
"Moscow",55.75,37.62,55.5,38.125,2023,10,7.84
"Moscow",55.75,37.62,55.5,38.125,2023,11,1.66
"Moscow",55.75,37.62,55.5,38.125,2023,12,-12.41
"Moscow",55.75,37.62,55.5,38.125,2024,1,-17.71
"Moscow",55.75,37.62,55.5,38.125,2024,2,-5.63
"Moscow",55.75,37.62,55.5,38.125,2024,3,-1.37
"Moscow",55.75,37.62,55.5,38.125,2024,4,6.07
"Moscow",55.75,37.62,55.5,38.125,2024,5,16.48
"Moscow",55.75,37.62,55.5,38.125,2024,6,20.34
"Moscow",55.75,37.62,55.5,38.125,2024,7,24.61
"Moscow",55.75,37.62,55.5,38.125,2024,8,18.65
"Moscow",55.75,37.62,55.5,38.125,2024,9,8.35
"Moscow",55.75,37.62,55.5,38.125,2024,10,7.29
"Moscow",55.75,37.62,55.5,38.125,2024,11,2.9
"Moscow",55.75,37.62,55.5,38.125,2024,12,-7.53
"Moscow",55.75,37.62,55.5,38.125,2025,1,-16.76
"Moscow",55.75,37.62,55.5,38.125,2025,2,-10.16
"Moscow",55.75,37.62,55.5,38.125,2025,3,-4.29
"Moscow",55.75,37.62,55.5,38.125,2025,4,-0.59
"Moscow",55.75,37.62,55.5,38.125,2025,5,12.67
"Moscow",55.75,37.62,55.5,38.125,2025,6,20.93
"Moscow",55.75,37.62,55.5,38.125,2025,7,25.02
"Moscow",55.75,37.62,55.5,38.125,2025,8,16.49
"Moscow",55.75,37.62,55.5,38.125,2025,9,10.79
"Moscow",55.75,37.62,55.5,38.125,2025,10,8.25
"Moscow",55.75,37.62,55.5,38.125,2025,11,-3.71
"Moscow",55.75,37.62,55.5,38.125,2025,12,-11.01
"Moscow",55.75,37.62,55.5,38.125,2026,1,-9.27
"Moscow",55.75,37.62,55.5,38.125,2026,2,-5.22
"Moscow",55.75,37.62,55.5,38.125,2026,3,-4.33
"Moscow",55.75,37.62,55.5,38.125,2026,4,8.16
"Moscow",55.75,37.62,55.5,38.125,2026,5,17.05
"Moscow",55.75,37.62,55.5,38.125,2026,6,17.72
"Moscow",55.75,37.62,55.5,38.125,2026,7,25.67
"Moscow",55.75,37.62,55.5,38.125,2026,8,16.85
"Moscow",55.75,37.62,55.5,38.125,2026,9,7.26
"Moscow",55.75,37.62,55.5,38.125,2026,10,6.19
"Moscow",55.75,37.62,55.5,38.125,2026,11,-0.39
"Moscow",55.75,37.62,55.5,38.125,2026,12,-7.78
"Moscow",55.75,37.62,55.5,38.125,2027,1,-11.38
"Moscow",55.75,37.62,55.5,38.125,2027,2,-15.73
"Moscow",55.75,37.62,55.5,38.125,2027,3,-4.72
"Moscow",55.75,37.62,55.5,38.125,2027,4,3.13
"Moscow",55.75,37.62,55.5,38.125,2027,5,10.97
"Moscow",55.75,37.62,55.5,38.125,2027,6,17.41
"Moscow",55.75,37.62,55.5,38.125,2027,7,22.95
"Moscow",55.75,37.62,55.5,38.125,2027,8,22.35
"Moscow",55.75,37.62,55.5,38.125,2027,9,14.4
"Moscow",55.75,37.62,55.5,38.125,2027,10,6.4
"Moscow",55.75,37.62,55.5,38.125,2027,11,-0.58
"Moscow",55.75,37.62,55.5,38.125,2027,12,-17.58
"Moscow",55.75,37.62,55.5,38.125,2028,1,-1.33
"Moscow",55.75,37.62,55.5,38.125,2028,2,-4.87
"Moscow",55.75,37.62,55.5,38.125,2028,3,1.19
"Moscow",55.75,37.62,55.5,38.125,2028,4,4.23
"Moscow",55.75,37.62,55.5,38.125,2028,5,14.6
"Moscow",55.75,37.62,55.5,38.125,2028,6,21.16
"Moscow",55.75,37.62,55.5,38.125,2028,7,21.98
"Moscow",55.75,37.62,55.5,38.125,2028,8,22.64
"Moscow",55.75,37.62,55.5,38.125,2028,9,10.25
"Moscow",55.75,37.62,55.5,38.125,2028,10,5.55
"Moscow",55.75,37.62,55.5,38.125,2028,11,4.99
"Moscow",55.75,37.62,55.5,38.125,2028,12,-8.97
"Moscow",55.75,37.62,55.5,38.125,2029,1,-7.19
"Moscow",55.75,37.62,55.5,38.125,2029,2,-2.14
"Moscow",55.75,37.62,55.5,38.125,2029,3,-6.78
"Moscow",55.75,37.62,55.5,38.125,2029,4,5.29
"Moscow",55.75,37.62,55.5,38.125,2029,5,13.42
"Moscow",55.75,37.62,55.5,38.125,2029,6,18.53
"Moscow",55.75,37.62,55.5,38.125,2029,7,24.14
"Moscow",55.75,37.62,55.5,38.125,2029,8,16.32
"Moscow",55.75,37.62,55.5,38.125,2029,9,11.28
"Moscow",55.75,37.62,55.5,38.125,2029,10,5.31
"Moscow",55.75,37.62,55.5,38.125,2029,11,0.2
"Moscow",55.75,37.62,55.5,38.125,2029,12,-9.53
"Moscow",55.75,37.62,55.5,38.125,2030,1,-5.51
"Moscow",55.75,37.62,55.5,38.125,2030,2,-6.19
"Moscow",55.75,37.62,55.5,38.125,2030,3,-4.6
"Moscow",55.75,37.62,55.5,38.125,2030,4,4.62
"Moscow",55.75,37.62,55.5,38.125,2030,5,18.74
"Moscow",55.75,37.62,55.5,38.125,2030,6,17.69
"Moscow",55.75,37.62,55.5,38.125,2030,7,23.2
"Moscow",55.75,37.62,55.5,38.125,2030,8,20.76
"Moscow",55.75,37.62,55.5,38.125,2030,9,9.62
"Moscow",55.75,37.62,55.5,38.125,2030,10,0.2
"Moscow",55.75,37.62,55.5,38.125,2030,11,1.03
"Moscow",55.75,37.62,55.5,38.125,2030,12,-5.97
"Moscow",55.75,37.62,55.5,38.125,2031,1,-4.1
"Moscow",55.75,37.62,55.5,38.125,2031,2,-3.47
"Moscow",55.75,37.62,55.5,38.125,2031,3,0.45
"Moscow",55.75,37.62,55.5,38.125,2031,4,5.62
"Moscow",55.75,37.62,55.5,38.125,2031,5,12.21
"Moscow",55.75,37.62,55.5,38.125,2031,6,19.48
"Moscow",55.75,37.62,55.5,38.125,2031,7,21.49
"Moscow",55.75,37.62,55.5,38.125,2031,8,19.28
"Moscow",55.75,37.62,55.5,38.125,2031,9,12.45
"Moscow",55.75,37.62,55.5,38.125,2031,10,5.74
"Moscow",55.75,37.62,55.5,38.125,2031,11,-1.39
"Moscow",55.75,37.62,55.5,38.125,2031,12,-3.87
"Moscow",55.75,37.62,55.5,38.125,2032,1,-7.45
"Moscow",55.75,37.62,55.5,38.125,2032,2,-10.14
"Moscow",55.75,37.62,55.5,38.125,2032,3,-4.4
"Moscow",55.75,37.62,55.5,38.125,2032,4,7.31
"Moscow",55.75,37.62,55.5,38.125,2032,5,14.6
"Moscow",55.75,37.62,55.5,38.125,2032,6,20.09
"Moscow",55.75,37.62,55.5,38.125,2032,7,22.27
"Moscow",55.75,37.62,55.5,38.125,2032,8,18.95
"Moscow",55.75,37.62,55.5,38.125,2032,9,8.47
"Moscow",55.75,37.62,55.5,38.125,2032,10,2.02
"Moscow",55.75,37.62,55.5,38.125,2032,11,-0.17
"Moscow",55.75,37.62,55.5,38.125,2032,12,-11.95
"Moscow",55.75,37.62,55.5,38.125,2033,1,-2.85
"Moscow",55.75,37.62,55.5,38.125,2033,2,-4.73
"Moscow",55.75,37.62,55.5,38.125,2033,3,-8.44
"Moscow",55.75,37.62,55.5,38.125,2033,4,2.4
"Moscow",55.75,37.62,55.5,38.125,2033,5,13.22
"Moscow",55.75,37.62,55.5,38.125,2033,6,20.03
"Moscow",55.75,37.62,55.5,38.125,2033,7,20.22
"Moscow",55.75,37.62,55.5,38.125,2033,8,19.38
"Moscow",55.75,37.62,55.5,38.125,2033,9,11.49
"Moscow",55.75,37.62,55.5,38.125,2033,10,4.49
"Moscow",55.75,37.62,55.5,38.125,2033,11,-5.06
"Moscow",55.75,37.62,55.5,38.125,2033,12,-7.5
"Moscow",55.75,37.62,55.5,38.125,2034,1,-4.3
"Moscow",55.75,37.62,55.5,38.125,2034,2,-8.37
"Moscow",55.75,37.62,55.5,38.125,2034,3,-6.25
"Moscow",55.75,37.62,55.5,38.125,2034,4,4.59
"Moscow",55.75,37.62,55.5,38.125,2034,5,11.39
"Moscow",55.75,37.62,55.5,38.125,2034,6,21.56
"Moscow",55.75,37.62,55.5,38.125,2034,7,22.15
"Moscow",55.75,37.62,55.5,38.125,2034,8,19.94
"Moscow",55.75,37.62,55.5,38.125,2034,9,10.15
"Moscow",55.75,37.62,55.5,38.125,2034,10,5.52
"Moscow",55.75,37.62,55.5,38.125,2034,11,3.15
"Moscow",55.75,37.62,55.5,38.125,2034,12,-4.67
"Moscow",55.75,37.62,55.5,38.125,2035,1,-6.26
"Moscow",55.75,37.62,55.5,38.125,2035,2,-10.1
"Moscow",55.75,37.62,55.5,38.125,2035,3,-1.4
"Moscow",55.75,37.62,55.5,38.125,2035,4,3.71
"Moscow",55.75,37.62,55.5,38.125,2035,5,11.43
"Moscow",55.75,37.62,55.5,38.125,2035,6,21.75
"Moscow",55.75,37.62,55.5,38.125,2035,7,24.26
"Moscow",55.75,37.62,55.5,38.125,2035,8,18.45
"Moscow",55.75,37.62,55.5,38.125,2035,9,11.57
"Moscow",55.75,37.62,55.5,38.125,2035,10,6.51
"Moscow",55.75,37.62,55.5,38.125,2035,11,-2.1
"Moscow",55.75,37.62,55.5,38.125,2035,12,-16.29
"Moscow",55.75,37.62,55.5,38.125,2036,1,-7.2
"Moscow",55.75,37.62,55.5,38.125,2036,2,-4.72
"Moscow",55.75,37.62,55.5,38.125,2036,3,-0.69
"Moscow",55.75,37.62,55.5,38.125,2036,4,2.96
"Moscow",55.75,37.62,55.5,38.125,2036,5,14.1
"Moscow",55.75,37.62,55.5,38.125,2036,6,20.61
"Moscow",55.75,37.62,55.5,38.125,2036,7,27.41
"Moscow",55.75,37.62,55.5,38.125,2036,8,20.32
"Moscow",55.75,37.62,55.5,38.125,2036,9,10.75
"Moscow",55.75,37.62,55.5,38.125,2036,10,2.48
"Moscow",55.75,37.62,55.5,38.125,2036,11,0
"Moscow",55.75,37.62,55.5,38.125,2036,12,-8.94
"Moscow",55.75,37.62,55.5,38.125,2037,1,-14.77
"Moscow",55.75,37.62,55.5,38.125,2037,2,-9.27
"Moscow",55.75,37.62,55.5,38.125,2037,3,-2.99
"Moscow",55.75,37.62,55.5,38.125,2037,4,3.16
"Moscow",55.75,37.62,55.5,38.125,2037,5,10.85
"Moscow",55.75,37.62,55.5,38.125,2037,6,17.28
"Moscow",55.75,37.62,55.5,38.125,2037,7,26.16
"Moscow",55.75,37.62,55.5,38.125,2037,8,19.31
"Moscow",55.75,37.62,55.5,38.125,2037,9,12.17
"Moscow",55.75,37.62,55.5,38.125,2037,10,1.4
"Moscow",55.75,37.62,55.5,38.125,2037,11,-1.88
"Moscow",55.75,37.62,55.5,38.125,2037,12,-5.71
"Moscow",55.75,37.62,55.5,38.125,2038,1,-9.42
"Moscow",55.75,37.62,55.5,38.125,2038,2,-6.92
"Moscow",55.75,37.62,55.5,38.125,2038,3,-2.88
"Moscow",55.75,37.62,55.5,38.125,2038,4,2.12
"Moscow",55.75,37.62,55.5,38.125,2038,5,13.45
"Moscow",55.75,37.62,55.5,38.125,2038,6,21.68
"Moscow",55.75,37.62,55.5,38.125,2038,7,24.86
"Moscow",55.75,37.62,55.5,38.125,2038,8,21.21
"Moscow",55.75,37.62,55.5,38.125,2038,9,12.87
"Moscow",55.75,37.62,55.5,38.125,2038,10,7.61
"Moscow",55.75,37.62,55.5,38.125,2038,11,-0.1
"Moscow",55.75,37.62,55.5,38.125,2038,12,-6.66
"Moscow",55.75,37.62,55.5,38.125,2039,1,-8.64
"Moscow",55.75,37.62,55.5,38.125,2039,2,-7.27
"Moscow",55.75,37.62,55.5,38.125,2039,3,-4.02
"Moscow",55.75,37.62,55.5,38.125,2039,4,5.58
"Moscow",55.75,37.62,55.5,38.125,2039,5,14.13
"Moscow",55.75,37.62,55.5,38.125,2039,6,19.6
"Moscow",55.75,37.62,55.5,38.125,2039,7,23.44
"Moscow",55.75,37.62,55.5,38.125,2039,8,15.8
"Moscow",55.75,37.62,55.5,38.125,2039,9,8.47
"Moscow",55.75,37.62,55.5,38.125,2039,10,2.55
"Moscow",55.75,37.62,55.5,38.125,2039,11,-0.1
"Moscow",55.75,37.62,55.5,38.125,2039,12,-6.05
"Moscow",55.75,37.62,55.5,38.125,2040,1,-5.68
"Moscow",55.75,37.62,55.5,38.125,2040,2,-4.91
"Moscow",55.75,37.62,55.5,38.125,2040,3,-3.51
"Moscow",55.75,37.62,55.5,38.125,2040,4,5.25
"Moscow",55.75,37.62,55.5,38.125,2040,5,16.49
"Moscow",55.75,37.62,55.5,38.125,2040,6,19
"Moscow",55.75,37.62,55.5,38.125,2040,7,22.7
"Moscow",55.75,37.62,55.5,38.125,2040,8,18.13
"Moscow",55.75,37.62,55.5,38.125,2040,9,10.9
"Moscow",55.75,37.62,55.5,38.125,2040,10,7.9
"Moscow",55.75,37.62,55.5,38.125,2040,11,0.88
"Moscow",55.75,37.62,55.5,38.125,2040,12,-11.68
"Moscow",55.75,37.62,55.5,38.125,2041,1,-16.29
"Moscow",55.75,37.62,55.5,38.125,2041,2,-4.58
"Moscow",55.75,37.62,55.5,38.125,2041,3,-3.38
"Moscow",55.75,37.62,55.5,38.125,2041,4,6.39
"Moscow",55.75,37.62,55.5,38.125,2041,5,18.91
"Moscow",55.75,37.62,55.5,38.125,2041,6,21.61
"Moscow",55.75,37.62,55.5,38.125,2041,7,23.48
"Moscow",55.75,37.62,55.5,38.125,2041,8,18.83
"Moscow",55.75,37.62,55.5,38.125,2041,9,10.8
"Moscow",55.75,37.62,55.5,38.125,2041,10,7.1
"Moscow",55.75,37.62,55.5,38.125,2041,11,3.03
"Moscow",55.75,37.62,55.5,38.125,2041,12,-2.97
"Moscow",55.75,37.62,55.5,38.125,2042,1,-7.42
"Moscow",55.75,37.62,55.5,38.125,2042,2,-7.45
"Moscow",55.75,37.62,55.5,38.125,2042,3,3.69
"Moscow",55.75,37.62,55.5,38.125,2042,4,9.61
"Moscow",55.75,37.62,55.5,38.125,2042,5,19.04
"Moscow",55.75,37.62,55.5,38.125,2042,6,22.2
"Moscow",55.75,37.62,55.5,38.125,2042,7,22.86
"Moscow",55.75,37.62,55.5,38.125,2042,8,19.71
"Moscow",55.75,37.62,55.5,38.125,2042,9,12.25
"Moscow",55.75,37.62,55.5,38.125,2042,10,5.37
"Moscow",55.75,37.62,55.5,38.125,2042,11,-3.03
"Moscow",55.75,37.62,55.5,38.125,2042,12,-0.33
"Moscow",55.75,37.62,55.5,38.125,2043,1,-1.99
"Moscow",55.75,37.62,55.5,38.125,2043,2,-10.88
"Moscow",55.75,37.62,55.5,38.125,2043,3,-1.73
"Moscow",55.75,37.62,55.5,38.125,2043,4,6.38
"Moscow",55.75,37.62,55.5,38.125,2043,5,10.87
"Moscow",55.75,37.62,55.5,38.125,2043,6,20.02
"Moscow",55.75,37.62,55.5,38.125,2043,7,22
"Moscow",55.75,37.62,55.5,38.125,2043,8,17.97
"Moscow",55.75,37.62,55.5,38.125,2043,9,14.09
"Moscow",55.75,37.62,55.5,38.125,2043,10,8.36
"Moscow",55.75,37.62,55.5,38.125,2043,11,1.39
"Moscow",55.75,37.62,55.5,38.125,2043,12,-9.42
"Moscow",55.75,37.62,55.5,38.125,2044,1,-13.43
"Moscow",55.75,37.62,55.5,38.125,2044,2,-6.96
"Moscow",55.75,37.62,55.5,38.125,2044,3,-6.68
"Moscow",55.75,37.62,55.5,38.125,2044,4,6.05
"Moscow",55.75,37.62,55.5,38.125,2044,5,13.76
"Moscow",55.75,37.62,55.5,38.125,2044,6,21.61
"Moscow",55.75,37.62,55.5,38.125,2044,7,24.11
"Moscow",55.75,37.62,55.5,38.125,2044,8,19.56
"Moscow",55.75,37.62,55.5,38.125,2044,9,13.08
"Moscow",55.75,37.62,55.5,38.125,2044,10,7.01
"Moscow",55.75,37.62,55.5,38.125,2044,11,4.96
"Moscow",55.75,37.62,55.5,38.125,2044,12,-6.47
"Moscow",55.75,37.62,55.5,38.125,2045,1,-2.99
"Moscow",55.75,37.62,55.5,38.125,2045,2,-2.41
"Moscow",55.75,37.62,55.5,38.125,2045,3,0.62
"Moscow",55.75,37.62,55.5,38.125,2045,4,3.79
"Moscow",55.75,37.62,55.5,38.125,2045,5,14.08
"Moscow",55.75,37.62,55.5,38.125,2045,6,16
"Moscow",55.75,37.62,55.5,38.125,2045,7,20.36
"Moscow",55.75,37.62,55.5,38.125,2045,8,18.15
"Moscow",55.75,37.62,55.5,38.125,2045,9,12.57
"Moscow",55.75,37.62,55.5,38.125,2045,10,5.62
"Moscow",55.75,37.62,55.5,38.125,2045,11,2.4
"Moscow",55.75,37.62,55.5,38.125,2045,12,-1.01
"Moscow",55.75,37.62,55.5,38.125,2046,1,-14.25
"Moscow",55.75,37.62,55.5,38.125,2046,2,-8.3
"Moscow",55.75,37.62,55.5,38.125,2046,3,-3.52
"Moscow",55.75,37.62,55.5,38.125,2046,4,5.18
"Moscow",55.75,37.62,55.5,38.125,2046,5,16.8
"Moscow",55.75,37.62,55.5,38.125,2046,6,20.88
"Moscow",55.75,37.62,55.5,38.125,2046,7,23.63
"Moscow",55.75,37.62,55.5,38.125,2046,8,15.98
"Moscow",55.75,37.62,55.5,38.125,2046,9,10.56
"Moscow",55.75,37.62,55.5,38.125,2046,10,7.45
"Moscow",55.75,37.62,55.5,38.125,2046,11,-1
"Moscow",55.75,37.62,55.5,38.125,2046,12,-5.66
"Moscow",55.75,37.62,55.5,38.125,2047,1,-8.98
"Moscow",55.75,37.62,55.5,38.125,2047,2,-6.53
"Moscow",55.75,37.62,55.5,38.125,2047,3,-2.69
"Moscow",55.75,37.62,55.5,38.125,2047,4,6.74
"Moscow",55.75,37.62,55.5,38.125,2047,5,10.75
"Moscow",55.75,37.62,55.5,38.125,2047,6,17.63
"Moscow",55.75,37.62,55.5,38.125,2047,7,20.15
"Moscow",55.75,37.62,55.5,38.125,2047,8,14.95
"Moscow",55.75,37.62,55.5,38.125,2047,9,11.56
"Moscow",55.75,37.62,55.5,38.125,2047,10,6.47
"Moscow",55.75,37.62,55.5,38.125,2047,11,1.89
"Moscow",55.75,37.62,55.5,38.125,2047,12,-2.91
"Moscow",55.75,37.62,55.5,38.125,2048,1,-11.37
"Moscow",55.75,37.62,55.5,38.125,2048,2,-9.77
"Moscow",55.75,37.62,55.5,38.125,2048,3,1.82
"Moscow",55.75,37.62,55.5,38.125,2048,4,6.02
"Moscow",55.75,37.62,55.5,38.125,2048,5,14.32
"Moscow",55.75,37.62,55.5,38.125,2048,6,25.68
"Moscow",55.75,37.62,55.5,38.125,2048,7,25.19
"Moscow",55.75,37.62,55.5,38.125,2048,8,26.08
"Moscow",55.75,37.62,55.5,38.125,2048,9,9.54
"Moscow",55.75,37.62,55.5,38.125,2048,10,7.45
"Moscow",55.75,37.62,55.5,38.125,2048,11,0.73
"Moscow",55.75,37.62,55.5,38.125,2048,12,-0.44
"Moscow",55.75,37.62,55.5,38.125,2049,1,-3.2
"Moscow",55.75,37.62,55.5,38.125,2049,2,2.15
"Moscow",55.75,37.62,55.5,38.125,2049,3,-3.37
"Moscow",55.75,37.62,55.5,38.125,2049,4,4.88
"Moscow",55.75,37.62,55.5,38.125,2049,5,19.55
"Moscow",55.75,37.62,55.5,38.125,2049,6,20.02
"Moscow",55.75,37.62,55.5,38.125,2049,7,23.08
"Moscow",55.75,37.62,55.5,38.125,2049,8,19.08
"Moscow",55.75,37.62,55.5,38.125,2049,9,10.02
"Moscow",55.75,37.62,55.5,38.125,2049,10,7.49
"Moscow",55.75,37.62,55.5,38.125,2049,11,2.49
"Moscow",55.75,37.62,55.5,38.125,2049,12,-12.59
"Moscow",55.75,37.62,55.5,38.125,2050,1,-4.02
"Moscow",55.75,37.62,55.5,38.125,2050,2,-9.68
"Moscow",55.75,37.62,55.5,38.125,2050,3,-0.66
"Moscow",55.75,37.62,55.5,38.125,2050,4,6.17
"Moscow",55.75,37.62,55.5,38.125,2050,5,12.79
"Moscow",55.75,37.62,55.5,38.125,2050,6,20.71
"Moscow",55.75,37.62,55.5,38.125,2050,7,23.81
"Moscow",55.75,37.62,55.5,38.125,2050,8,16.28
"Moscow",55.75,37.62,55.5,38.125,2050,9,10.03
"Moscow",55.75,37.62,55.5,38.125,2050,10,6.89
"Moscow",55.75,37.62,55.5,38.125,2050,11,-0.81
"Moscow",55.75,37.62,55.5,38.125,2050,12,-9.22
"Moscow",55.75,37.62,55.5,38.125,2051,1,-5.12
"Moscow",55.75,37.62,55.5,38.125,2051,2,-3.64
"Moscow",55.75,37.62,55.5,38.125,2051,3,-1.27
"Moscow",55.75,37.62,55.5,38.125,2051,4,8.21
"Moscow",55.75,37.62,55.5,38.125,2051,5,17.72
"Moscow",55.75,37.62,55.5,38.125,2051,6,19.06
"Moscow",55.75,37.62,55.5,38.125,2051,7,21.6
"Moscow",55.75,37.62,55.5,38.125,2051,8,21.66
"Moscow",55.75,37.62,55.5,38.125,2051,9,11.66
"Moscow",55.75,37.62,55.5,38.125,2051,10,1.71
"Moscow",55.75,37.62,55.5,38.125,2051,11,2.04
"Moscow",55.75,37.62,55.5,38.125,2051,12,-3.37
"Moscow",55.75,37.62,55.5,38.125,2052,1,-3.04
"Moscow",55.75,37.62,55.5,38.125,2052,2,-6.29
"Moscow",55.75,37.62,55.5,38.125,2052,3,-9.12
"Moscow",55.75,37.62,55.5,38.125,2052,4,7.28
"Moscow",55.75,37.62,55.5,38.125,2052,5,14.48
"Moscow",55.75,37.62,55.5,38.125,2052,6,18.63
"Moscow",55.75,37.62,55.5,38.125,2052,7,23.79
"Moscow",55.75,37.62,55.5,38.125,2052,8,19.79
"Moscow",55.75,37.62,55.5,38.125,2052,9,16.15
"Moscow",55.75,37.62,55.5,38.125,2052,10,8.93
"Moscow",55.75,37.62,55.5,38.125,2052,11,1.36
"Moscow",55.75,37.62,55.5,38.125,2052,12,-6.19
"Moscow",55.75,37.62,55.5,38.125,2053,1,-12.48
"Moscow",55.75,37.62,55.5,38.125,2053,2,-10.98
"Moscow",55.75,37.62,55.5,38.125,2053,3,-5.68
"Moscow",55.75,37.62,55.5,38.125,2053,4,-1.38
"Moscow",55.75,37.62,55.5,38.125,2053,5,16.43
"Moscow",55.75,37.62,55.5,38.125,2053,6,23.11
"Moscow",55.75,37.62,55.5,38.125,2053,7,22.59
"Moscow",55.75,37.62,55.5,38.125,2053,8,20.07
"Moscow",55.75,37.62,55.5,38.125,2053,9,10.35
"Moscow",55.75,37.62,55.5,38.125,2053,10,3.61
"Moscow",55.75,37.62,55.5,38.125,2053,11,0.06
"Moscow",55.75,37.62,55.5,38.125,2053,12,-0.97
"Moscow",55.75,37.62,55.5,38.125,2054,1,-2.39
"Moscow",55.75,37.62,55.5,38.125,2054,2,2.67
"Moscow",55.75,37.62,55.5,38.125,2054,3,5.59
"Moscow",55.75,37.62,55.5,38.125,2054,4,8.46
"Moscow",55.75,37.62,55.5,38.125,2054,5,17.06
"Moscow",55.75,37.62,55.5,38.125,2054,6,19.06
"Moscow",55.75,37.62,55.5,38.125,2054,7,29.1
"Moscow",55.75,37.62,55.5,38.125,2054,8,21.38
"Moscow",55.75,37.62,55.5,38.125,2054,9,14.06
"Moscow",55.75,37.62,55.5,38.125,2054,10,6.38
"Moscow",55.75,37.62,55.5,38.125,2054,11,-2.47
"Moscow",55.75,37.62,55.5,38.125,2054,12,-7.64
"Moscow",55.75,37.62,55.5,38.125,2055,1,-10.28
"Moscow",55.75,37.62,55.5,38.125,2055,2,-7.64
"Moscow",55.75,37.62,55.5,38.125,2055,3,-0.4
"Moscow",55.75,37.62,55.5,38.125,2055,4,9.13
"Moscow",55.75,37.62,55.5,38.125,2055,5,17.99
"Moscow",55.75,37.62,55.5,38.125,2055,6,19.5
"Moscow",55.75,37.62,55.5,38.125,2055,7,24.73
"Moscow",55.75,37.62,55.5,38.125,2055,8,19.06
"Moscow",55.75,37.62,55.5,38.125,2055,9,11.4
"Moscow",55.75,37.62,55.5,38.125,2055,10,4.38
"Moscow",55.75,37.62,55.5,38.125,2055,11,0.95
"Moscow",55.75,37.62,55.5,38.125,2055,12,-0.51
"Moscow",55.75,37.62,55.5,38.125,2056,1,-2.64
"Moscow",55.75,37.62,55.5,38.125,2056,2,-11.8
"Moscow",55.75,37.62,55.5,38.125,2056,3,-0.27
"Moscow",55.75,37.62,55.5,38.125,2056,4,7.13
"Moscow",55.75,37.62,55.5,38.125,2056,5,16.93
"Moscow",55.75,37.62,55.5,38.125,2056,6,21.5
"Moscow",55.75,37.62,55.5,38.125,2056,7,21.3
"Moscow",55.75,37.62,55.5,38.125,2056,8,22.5
"Moscow",55.75,37.62,55.5,38.125,2056,9,14.73
"Moscow",55.75,37.62,55.5,38.125,2056,10,10.64
"Moscow",55.75,37.62,55.5,38.125,2056,11,0.83
"Moscow",55.75,37.62,55.5,38.125,2056,12,-2.88
"Moscow",55.75,37.62,55.5,38.125,2057,1,-3.47
"Moscow",55.75,37.62,55.5,38.125,2057,2,-2.51
"Moscow",55.75,37.62,55.5,38.125,2057,3,2.68
"Moscow",55.75,37.62,55.5,38.125,2057,4,8.03
"Moscow",55.75,37.62,55.5,38.125,2057,5,12.88
"Moscow",55.75,37.62,55.5,38.125,2057,6,21.15
"Moscow",55.75,37.62,55.5,38.125,2057,7,28.15
"Moscow",55.75,37.62,55.5,38.125,2057,8,26.51
"Moscow",55.75,37.62,55.5,38.125,2057,9,13.6
"Moscow",55.75,37.62,55.5,38.125,2057,10,7
"Moscow",55.75,37.62,55.5,38.125,2057,11,0.58
"Moscow",55.75,37.62,55.5,38.125,2057,12,-9.22
"Moscow",55.75,37.62,55.5,38.125,2058,1,-17.24
"Moscow",55.75,37.62,55.5,38.125,2058,2,-6.9
"Moscow",55.75,37.62,55.5,38.125,2058,3,-1.62
"Moscow",55.75,37.62,55.5,38.125,2058,4,11.16
"Moscow",55.75,37.62,55.5,38.125,2058,5,14.5
"Moscow",55.75,37.62,55.5,38.125,2058,6,23.26
"Moscow",55.75,37.62,55.5,38.125,2058,7,27.62
"Moscow",55.75,37.62,55.5,38.125,2058,8,18.78
"Moscow",55.75,37.62,55.5,38.125,2058,9,12.93
"Moscow",55.75,37.62,55.5,38.125,2058,10,3.9
"Moscow",55.75,37.62,55.5,38.125,2058,11,-4.04
"Moscow",55.75,37.62,55.5,38.125,2058,12,-11.4
"Moscow",55.75,37.62,55.5,38.125,2059,1,-7.99
"Moscow",55.75,37.62,55.5,38.125,2059,2,-3.82
"Moscow",55.75,37.62,55.5,38.125,2059,3,2.99
"Moscow",55.75,37.62,55.5,38.125,2059,4,5.64
"Moscow",55.75,37.62,55.5,38.125,2059,5,11.49
"Moscow",55.75,37.62,55.5,38.125,2059,6,18.68
"Moscow",55.75,37.62,55.5,38.125,2059,7,21.98
"Moscow",55.75,37.62,55.5,38.125,2059,8,23.13
"Moscow",55.75,37.62,55.5,38.125,2059,9,13.66
"Moscow",55.75,37.62,55.5,38.125,2059,10,6.55
"Moscow",55.75,37.62,55.5,38.125,2059,11,4.34
"Moscow",55.75,37.62,55.5,38.125,2059,12,-7.19
"Moscow",55.75,37.62,55.5,38.125,2060,1,-8.52
"Moscow",55.75,37.62,55.5,38.125,2060,2,-9.07
"Moscow",55.75,37.62,55.5,38.125,2060,3,0.59
"Moscow",55.75,37.62,55.5,38.125,2060,4,10.65
"Moscow",55.75,37.62,55.5,38.125,2060,5,16.41
"Moscow",55.75,37.62,55.5,38.125,2060,6,26.59
"Moscow",55.75,37.62,55.5,38.125,2060,7,21.54
"Moscow",55.75,37.62,55.5,38.125,2060,8,23.17
"Moscow",55.75,37.62,55.5,38.125,2060,9,14.22
"Moscow",55.75,37.62,55.5,38.125,2060,10,6.41
"Moscow",55.75,37.62,55.5,38.125,2060,11,0.8
"Moscow",55.75,37.62,55.5,38.125,2060,12,-4.86
"Moscow",55.75,37.62,55.5,38.125,2061,1,-6.02
"Moscow",55.75,37.62,55.5,38.125,2061,2,-8.91
"Moscow",55.75,37.62,55.5,38.125,2061,3,3.51
"Moscow",55.75,37.62,55.5,38.125,2061,4,6.73
"Moscow",55.75,37.62,55.5,38.125,2061,5,17.47
"Moscow",55.75,37.62,55.5,38.125,2061,6,22.94
"Moscow",55.75,37.62,55.5,38.125,2061,7,27.63
"Moscow",55.75,37.62,55.5,38.125,2061,8,21.2
"Moscow",55.75,37.62,55.5,38.125,2061,9,12.37
"Moscow",55.75,37.62,55.5,38.125,2061,10,7.71
"Moscow",55.75,37.62,55.5,38.125,2061,11,1.09
"Moscow",55.75,37.62,55.5,38.125,2061,12,-2.4
"Moscow",55.75,37.62,55.5,38.125,2062,1,-3.95
"Moscow",55.75,37.62,55.5,38.125,2062,2,-0.83
"Moscow",55.75,37.62,55.5,38.125,2062,3,2.05
"Moscow",55.75,37.62,55.5,38.125,2062,4,11.78
"Moscow",55.75,37.62,55.5,38.125,2062,5,16.48
"Moscow",55.75,37.62,55.5,38.125,2062,6,23.96
"Moscow",55.75,37.62,55.5,38.125,2062,7,25.15
"Moscow",55.75,37.62,55.5,38.125,2062,8,22.23
"Moscow",55.75,37.62,55.5,38.125,2062,9,12.06
"Moscow",55.75,37.62,55.5,38.125,2062,10,5.21
"Moscow",55.75,37.62,55.5,38.125,2062,11,-1.21
"Moscow",55.75,37.62,55.5,38.125,2062,12,-7.75
"Moscow",55.75,37.62,55.5,38.125,2063,1,-6.06
"Moscow",55.75,37.62,55.5,38.125,2063,2,-3.87
"Moscow",55.75,37.62,55.5,38.125,2063,3,-0.62
"Moscow",55.75,37.62,55.5,38.125,2063,4,7.68
"Moscow",55.75,37.62,55.5,38.125,2063,5,17.76
"Moscow",55.75,37.62,55.5,38.125,2063,6,20.35
"Moscow",55.75,37.62,55.5,38.125,2063,7,23.9
"Moscow",55.75,37.62,55.5,38.125,2063,8,23.66
"Moscow",55.75,37.62,55.5,38.125,2063,9,12.49
"Moscow",55.75,37.62,55.5,38.125,2063,10,4.98
"Moscow",55.75,37.62,55.5,38.125,2063,11,3.56
"Moscow",55.75,37.62,55.5,38.125,2063,12,-7.69
"Moscow",55.75,37.62,55.5,38.125,2064,1,-18.76
"Moscow",55.75,37.62,55.5,38.125,2064,2,-1.91
"Moscow",55.75,37.62,55.5,38.125,2064,3,0.74
"Moscow",55.75,37.62,55.5,38.125,2064,4,12.36
"Moscow",55.75,37.62,55.5,38.125,2064,5,17.73
"Moscow",55.75,37.62,55.5,38.125,2064,6,19.38
"Moscow",55.75,37.62,55.5,38.125,2064,7,20.63
"Moscow",55.75,37.62,55.5,38.125,2064,8,19.34
"Moscow",55.75,37.62,55.5,38.125,2064,9,14.65
"Moscow",55.75,37.62,55.5,38.125,2064,10,11.5
"Moscow",55.75,37.62,55.5,38.125,2064,11,4.71
"Moscow",55.75,37.62,55.5,38.125,2064,12,-5.82
"Moscow",55.75,37.62,55.5,38.125,2065,1,-7.67
"Moscow",55.75,37.62,55.5,38.125,2065,2,0.48
"Moscow",55.75,37.62,55.5,38.125,2065,3,-2.37
"Moscow",55.75,37.62,55.5,38.125,2065,4,7.9
"Moscow",55.75,37.62,55.5,38.125,2065,5,14.78
"Moscow",55.75,37.62,55.5,38.125,2065,6,21.18
"Moscow",55.75,37.62,55.5,38.125,2065,7,22.66
"Moscow",55.75,37.62,55.5,38.125,2065,8,20.38
"Moscow",55.75,37.62,55.5,38.125,2065,9,13.64
"Moscow",55.75,37.62,55.5,38.125,2065,10,9.18
"Moscow",55.75,37.62,55.5,38.125,2065,11,2.68
"Moscow",55.75,37.62,55.5,38.125,2065,12,-0.47
"Moscow",55.75,37.62,55.5,38.125,2066,1,-2.51
"Moscow",55.75,37.62,55.5,38.125,2066,2,1.4
"Moscow",55.75,37.62,55.5,38.125,2066,3,2.38
"Moscow",55.75,37.62,55.5,38.125,2066,4,9.07
"Moscow",55.75,37.62,55.5,38.125,2066,5,12.87
"Moscow",55.75,37.62,55.5,38.125,2066,6,21.29
"Moscow",55.75,37.62,55.5,38.125,2066,7,25.73
"Moscow",55.75,37.62,55.5,38.125,2066,8,25.53
"Moscow",55.75,37.62,55.5,38.125,2066,9,17.05
"Moscow",55.75,37.62,55.5,38.125,2066,10,10.22
"Moscow",55.75,37.62,55.5,38.125,2066,11,-0.61
"Moscow",55.75,37.62,55.5,38.125,2066,12,-2.86
"Moscow",55.75,37.62,55.5,38.125,2067,1,-4.15
"Moscow",55.75,37.62,55.5,38.125,2067,2,-4.4
"Moscow",55.75,37.62,55.5,38.125,2067,3,1.34
"Moscow",55.75,37.62,55.5,38.125,2067,4,6.53
"Moscow",55.75,37.62,55.5,38.125,2067,5,18.95
"Moscow",55.75,37.62,55.5,38.125,2067,6,21.41
"Moscow",55.75,37.62,55.5,38.125,2067,7,25.45
"Moscow",55.75,37.62,55.5,38.125,2067,8,27.61
"Moscow",55.75,37.62,55.5,38.125,2067,9,14.65
"Moscow",55.75,37.62,55.5,38.125,2067,10,8.52
"Moscow",55.75,37.62,55.5,38.125,2067,11,5.69
"Moscow",55.75,37.62,55.5,38.125,2067,12,0.46
"Moscow",55.75,37.62,55.5,38.125,2068,1,-2.9
"Moscow",55.75,37.62,55.5,38.125,2068,2,-2.74
"Moscow",55.75,37.62,55.5,38.125,2068,3,0.17
"Moscow",55.75,37.62,55.5,38.125,2068,4,4.28
"Moscow",55.75,37.62,55.5,38.125,2068,5,15.44
"Moscow",55.75,37.62,55.5,38.125,2068,6,20.72
"Moscow",55.75,37.62,55.5,38.125,2068,7,27.67
"Moscow",55.75,37.62,55.5,38.125,2068,8,23.44
"Moscow",55.75,37.62,55.5,38.125,2068,9,17.5
"Moscow",55.75,37.62,55.5,38.125,2068,10,7.86
"Moscow",55.75,37.62,55.5,38.125,2068,11,3.52
"Moscow",55.75,37.62,55.5,38.125,2068,12,1.35
"Moscow",55.75,37.62,55.5,38.125,2069,1,-9.75
"Moscow",55.75,37.62,55.5,38.125,2069,2,-0.02
"Moscow",55.75,37.62,55.5,38.125,2069,3,3.51
"Moscow",55.75,37.62,55.5,38.125,2069,4,10.73
"Moscow",55.75,37.62,55.5,38.125,2069,5,15.85
"Moscow",55.75,37.62,55.5,38.125,2069,6,20.65
"Moscow",55.75,37.62,55.5,38.125,2069,7,25.64
"Moscow",55.75,37.62,55.5,38.125,2069,8,24.47
"Moscow",55.75,37.62,55.5,38.125,2069,9,12.81
"Moscow",55.75,37.62,55.5,38.125,2069,10,5.17
"Moscow",55.75,37.62,55.5,38.125,2069,11,0.12
"Moscow",55.75,37.62,55.5,38.125,2069,12,-0.71
"Moscow",55.75,37.62,55.5,38.125,2070,1,-3.42
"Moscow",55.75,37.62,55.5,38.125,2070,2,-1.29
"Moscow",55.75,37.62,55.5,38.125,2070,3,1.28
"Moscow",55.75,37.62,55.5,38.125,2070,4,3.96
"Moscow",55.75,37.62,55.5,38.125,2070,5,13.4
"Moscow",55.75,37.62,55.5,38.125,2070,6,18.05
"Moscow",55.75,37.62,55.5,38.125,2070,7,26.14
"Moscow",55.75,37.62,55.5,38.125,2070,8,26.2
"Moscow",55.75,37.62,55.5,38.125,2070,9,17.2
"Moscow",55.75,37.62,55.5,38.125,2070,10,8.76
"Moscow",55.75,37.62,55.5,38.125,2070,11,0.83
"Moscow",55.75,37.62,55.5,38.125,2070,12,1.8
"Moscow",55.75,37.62,55.5,38.125,2071,1,-0.87
"Moscow",55.75,37.62,55.5,38.125,2071,2,-9.11
"Moscow",55.75,37.62,55.5,38.125,2071,3,7.78
"Moscow",55.75,37.62,55.5,38.125,2071,4,7.37
"Moscow",55.75,37.62,55.5,38.125,2071,5,17.53
"Moscow",55.75,37.62,55.5,38.125,2071,6,25.47
"Moscow",55.75,37.62,55.5,38.125,2071,7,24.99
"Moscow",55.75,37.62,55.5,38.125,2071,8,21.12
"Moscow",55.75,37.62,55.5,38.125,2071,9,17.42
"Moscow",55.75,37.62,55.5,38.125,2071,10,9.26
"Moscow",55.75,37.62,55.5,38.125,2071,11,6.39
"Moscow",55.75,37.62,55.5,38.125,2071,12,-12.04
"Moscow",55.75,37.62,55.5,38.125,2072,1,-8.73
"Moscow",55.75,37.62,55.5,38.125,2072,2,-4.37
"Moscow",55.75,37.62,55.5,38.125,2072,3,-4.22
"Moscow",55.75,37.62,55.5,38.125,2072,4,8.76
"Moscow",55.75,37.62,55.5,38.125,2072,5,18.15
"Moscow",55.75,37.62,55.5,38.125,2072,6,20.36
"Moscow",55.75,37.62,55.5,38.125,2072,7,28.4
"Moscow",55.75,37.62,55.5,38.125,2072,8,23.55
"Moscow",55.75,37.62,55.5,38.125,2072,9,13.84
"Moscow",55.75,37.62,55.5,38.125,2072,10,7.48
"Moscow",55.75,37.62,55.5,38.125,2072,11,1.93
"Moscow",55.75,37.62,55.5,38.125,2072,12,-4.57
"Moscow",55.75,37.62,55.5,38.125,2073,1,-5.62
"Moscow",55.75,37.62,55.5,38.125,2073,2,-2.7
"Moscow",55.75,37.62,55.5,38.125,2073,3,-0.73
"Moscow",55.75,37.62,55.5,38.125,2073,4,5.97
"Moscow",55.75,37.62,55.5,38.125,2073,5,15.87
"Moscow",55.75,37.62,55.5,38.125,2073,6,24.68
"Moscow",55.75,37.62,55.5,38.125,2073,7,25.33
"Moscow",55.75,37.62,55.5,38.125,2073,8,21.45
"Moscow",55.75,37.62,55.5,38.125,2073,9,10.87
"Moscow",55.75,37.62,55.5,38.125,2073,10,8.35
"Moscow",55.75,37.62,55.5,38.125,2073,11,3.13
"Moscow",55.75,37.62,55.5,38.125,2073,12,1.82
"Moscow",55.75,37.62,55.5,38.125,2074,1,-1.94
"Moscow",55.75,37.62,55.5,38.125,2074,2,-0.76
"Moscow",55.75,37.62,55.5,38.125,2074,3,1.25
"Moscow",55.75,37.62,55.5,38.125,2074,4,4.32
"Moscow",55.75,37.62,55.5,38.125,2074,5,11.7
"Moscow",55.75,37.62,55.5,38.125,2074,6,18.67
"Moscow",55.75,37.62,55.5,38.125,2074,7,24.5
"Moscow",55.75,37.62,55.5,38.125,2074,8,19.31
"Moscow",55.75,37.62,55.5,38.125,2074,9,13.39
"Moscow",55.75,37.62,55.5,38.125,2074,10,10.04
"Moscow",55.75,37.62,55.5,38.125,2074,11,4.02
"Moscow",55.75,37.62,55.5,38.125,2074,12,0.46
"Moscow",55.75,37.62,55.5,38.125,2075,1,-3.72
"Moscow",55.75,37.62,55.5,38.125,2075,2,-6.15
"Moscow",55.75,37.62,55.5,38.125,2075,3,2.05
"Moscow",55.75,37.62,55.5,38.125,2075,4,10.03
"Moscow",55.75,37.62,55.5,38.125,2075,5,14.93
"Moscow",55.75,37.62,55.5,38.125,2075,6,22.2
"Moscow",55.75,37.62,55.5,38.125,2075,7,27.6
"Moscow",55.75,37.62,55.5,38.125,2075,8,20.53
"Moscow",55.75,37.62,55.5,38.125,2075,9,15.01
"Moscow",55.75,37.62,55.5,38.125,2075,10,5.25
"Moscow",55.75,37.62,55.5,38.125,2075,11,-1.83
"Moscow",55.75,37.62,55.5,38.125,2075,12,1.97
"Moscow",55.75,37.62,55.5,38.125,2076,1,-0.58
"Moscow",55.75,37.62,55.5,38.125,2076,2,1.19
"Moscow",55.75,37.62,55.5,38.125,2076,3,2.27
"Moscow",55.75,37.62,55.5,38.125,2076,4,9.15
"Moscow",55.75,37.62,55.5,38.125,2076,5,14.92
"Moscow",55.75,37.62,55.5,38.125,2076,6,24.26
"Moscow",55.75,37.62,55.5,38.125,2076,7,26.33
"Moscow",55.75,37.62,55.5,38.125,2076,8,20.52
"Moscow",55.75,37.62,55.5,38.125,2076,9,16.19
"Moscow",55.75,37.62,55.5,38.125,2076,10,7.61
"Moscow",55.75,37.62,55.5,38.125,2076,11,1.51
"Moscow",55.75,37.62,55.5,38.125,2076,12,-4.32
"Moscow",55.75,37.62,55.5,38.125,2077,1,-6.81
"Moscow",55.75,37.62,55.5,38.125,2077,2,-0.84
"Moscow",55.75,37.62,55.5,38.125,2077,3,3.08
"Moscow",55.75,37.62,55.5,38.125,2077,4,8.24
"Moscow",55.75,37.62,55.5,38.125,2077,5,17.23
"Moscow",55.75,37.62,55.5,38.125,2077,6,23.41
"Moscow",55.75,37.62,55.5,38.125,2077,7,25.41
"Moscow",55.75,37.62,55.5,38.125,2077,8,22.92
"Moscow",55.75,37.62,55.5,38.125,2077,9,15.89
"Moscow",55.75,37.62,55.5,38.125,2077,10,8.7
"Moscow",55.75,37.62,55.5,38.125,2077,11,2.46
"Moscow",55.75,37.62,55.5,38.125,2077,12,-1.18
"Moscow",55.75,37.62,55.5,38.125,2078,1,-4.16
"Moscow",55.75,37.62,55.5,38.125,2078,2,0
"Moscow",55.75,37.62,55.5,38.125,2078,3,2.85
"Moscow",55.75,37.62,55.5,38.125,2078,4,10.39
"Moscow",55.75,37.62,55.5,38.125,2078,5,18.22
"Moscow",55.75,37.62,55.5,38.125,2078,6,24.28
"Moscow",55.75,37.62,55.5,38.125,2078,7,27.47
"Moscow",55.75,37.62,55.5,38.125,2078,8,21.32
"Moscow",55.75,37.62,55.5,38.125,2078,9,10.43
"Moscow",55.75,37.62,55.5,38.125,2078,10,9.66
"Moscow",55.75,37.62,55.5,38.125,2078,11,-0.91
"Moscow",55.75,37.62,55.5,38.125,2078,12,-2.12
"Moscow",55.75,37.62,55.5,38.125,2079,1,-6.96
"Moscow",55.75,37.62,55.5,38.125,2079,2,-4.01
"Moscow",55.75,37.62,55.5,38.125,2079,3,2.69
"Moscow",55.75,37.62,55.5,38.125,2079,4,6.8
"Moscow",55.75,37.62,55.5,38.125,2079,5,13.49
"Moscow",55.75,37.62,55.5,38.125,2079,6,20.97
"Moscow",55.75,37.62,55.5,38.125,2079,7,25.92
"Moscow",55.75,37.62,55.5,38.125,2079,8,18.82
"Moscow",55.75,37.62,55.5,38.125,2079,9,13.53
"Moscow",55.75,37.62,55.5,38.125,2079,10,9.8
"Moscow",55.75,37.62,55.5,38.125,2079,11,3.53
"Moscow",55.75,37.62,55.5,38.125,2079,12,0.62
"Moscow",55.75,37.62,55.5,38.125,2080,1,-4.54
"Moscow",55.75,37.62,55.5,38.125,2080,2,-2.19
"Moscow",55.75,37.62,55.5,38.125,2080,3,3.73
"Moscow",55.75,37.62,55.5,38.125,2080,4,10.35
"Moscow",55.75,37.62,55.5,38.125,2080,5,18.55
"Moscow",55.75,37.62,55.5,38.125,2080,6,24.94
"Moscow",55.75,37.62,55.5,38.125,2080,7,23.26
"Moscow",55.75,37.62,55.5,38.125,2080,8,22.64
"Moscow",55.75,37.62,55.5,38.125,2080,9,16.94
"Moscow",55.75,37.62,55.5,38.125,2080,10,7.36
"Moscow",55.75,37.62,55.5,38.125,2080,11,1.8
"Moscow",55.75,37.62,55.5,38.125,2080,12,-7.76
"Moscow",55.75,37.62,55.5,38.125,2081,1,-8.28
"Moscow",55.75,37.62,55.5,38.125,2081,2,-4.6
"Moscow",55.75,37.62,55.5,38.125,2081,3,1.51
"Moscow",55.75,37.62,55.5,38.125,2081,4,7.03
"Moscow",55.75,37.62,55.5,38.125,2081,5,16.32
"Moscow",55.75,37.62,55.5,38.125,2081,6,20.13
"Moscow",55.75,37.62,55.5,38.125,2081,7,25.92
"Moscow",55.75,37.62,55.5,38.125,2081,8,19.08
"Moscow",55.75,37.62,55.5,38.125,2081,9,11.65
"Moscow",55.75,37.62,55.5,38.125,2081,10,7.19
"Moscow",55.75,37.62,55.5,38.125,2081,11,5.04
"Moscow",55.75,37.62,55.5,38.125,2081,12,-2.04
"Moscow",55.75,37.62,55.5,38.125,2082,1,-6.71
"Moscow",55.75,37.62,55.5,38.125,2082,2,-5.78
"Moscow",55.75,37.62,55.5,38.125,2082,3,-2.54
"Moscow",55.75,37.62,55.5,38.125,2082,4,9.28
"Moscow",55.75,37.62,55.5,38.125,2082,5,14.82
"Moscow",55.75,37.62,55.5,38.125,2082,6,22.32
"Moscow",55.75,37.62,55.5,38.125,2082,7,27.27
"Moscow",55.75,37.62,55.5,38.125,2082,8,23.14
"Moscow",55.75,37.62,55.5,38.125,2082,9,11.58
"Moscow",55.75,37.62,55.5,38.125,2082,10,8.63
"Moscow",55.75,37.62,55.5,38.125,2082,11,6.01
"Moscow",55.75,37.62,55.5,38.125,2082,12,3.04
"Moscow",55.75,37.62,55.5,38.125,2083,1,-3.12
"Moscow",55.75,37.62,55.5,38.125,2083,2,-5.63
"Moscow",55.75,37.62,55.5,38.125,2083,3,6.5
"Moscow",55.75,37.62,55.5,38.125,2083,4,7.27
"Moscow",55.75,37.62,55.5,38.125,2083,5,13.75
"Moscow",55.75,37.62,55.5,38.125,2083,6,24.51
"Moscow",55.75,37.62,55.5,38.125,2083,7,27.09
"Moscow",55.75,37.62,55.5,38.125,2083,8,22.5
"Moscow",55.75,37.62,55.5,38.125,2083,9,12.9
"Moscow",55.75,37.62,55.5,38.125,2083,10,10.95
"Moscow",55.75,37.62,55.5,38.125,2083,11,4.98
"Moscow",55.75,37.62,55.5,38.125,2083,12,-4.32
"Moscow",55.75,37.62,55.5,38.125,2084,1,0.08
"Moscow",55.75,37.62,55.5,38.125,2084,2,-1.21
"Moscow",55.75,37.62,55.5,38.125,2084,3,-4.5
"Moscow",55.75,37.62,55.5,38.125,2084,4,7.88
"Moscow",55.75,37.62,55.5,38.125,2084,5,17.29
"Moscow",55.75,37.62,55.5,38.125,2084,6,22.05
"Moscow",55.75,37.62,55.5,38.125,2084,7,22.99
"Moscow",55.75,37.62,55.5,38.125,2084,8,22.77
"Moscow",55.75,37.62,55.5,38.125,2084,9,15.18
"Moscow",55.75,37.62,55.5,38.125,2084,10,8.36
"Moscow",55.75,37.62,55.5,38.125,2084,11,4.68
"Moscow",55.75,37.62,55.5,38.125,2084,12,1.17
"Moscow",55.75,37.62,55.5,38.125,2085,1,0.19
"Moscow",55.75,37.62,55.5,38.125,2085,2,0.89
"Moscow",55.75,37.62,55.5,38.125,2085,3,-1.12
"Moscow",55.75,37.62,55.5,38.125,2085,4,8.19
"Moscow",55.75,37.62,55.5,38.125,2085,5,14.94
"Moscow",55.75,37.62,55.5,38.125,2085,6,24.89
"Moscow",55.75,37.62,55.5,38.125,2085,7,27.28
"Moscow",55.75,37.62,55.5,38.125,2085,8,25.76
"Moscow",55.75,37.62,55.5,38.125,2085,9,15.41
"Moscow",55.75,37.62,55.5,38.125,2085,10,8.9
"Moscow",55.75,37.62,55.5,38.125,2085,11,5.13
"Moscow",55.75,37.62,55.5,38.125,2085,12,-2.2
"Moscow",55.75,37.62,55.5,38.125,2086,1,0.61
"Moscow",55.75,37.62,55.5,38.125,2086,2,1.03
"Moscow",55.75,37.62,55.5,38.125,2086,3,3.69
"Moscow",55.75,37.62,55.5,38.125,2086,4,11.74
"Moscow",55.75,37.62,55.5,38.125,2086,5,14.13
"Moscow",55.75,37.62,55.5,38.125,2086,6,26.43
"Moscow",55.75,37.62,55.5,38.125,2086,7,26.03
"Moscow",55.75,37.62,55.5,38.125,2086,8,21.58
"Moscow",55.75,37.62,55.5,38.125,2086,9,16.23
"Moscow",55.75,37.62,55.5,38.125,2086,10,11.42
"Moscow",55.75,37.62,55.5,38.125,2086,11,-2.27
"Moscow",55.75,37.62,55.5,38.125,2086,12,-5.22
"Moscow",55.75,37.62,55.5,38.125,2087,1,1.16
"Moscow",55.75,37.62,55.5,38.125,2087,2,3.11
"Moscow",55.75,37.62,55.5,38.125,2087,3,3.6
"Moscow",55.75,37.62,55.5,38.125,2087,4,8.48
"Moscow",55.75,37.62,55.5,38.125,2087,5,17.41
"Moscow",55.75,37.62,55.5,38.125,2087,6,22.01
"Moscow",55.75,37.62,55.5,38.125,2087,7,24.68
"Moscow",55.75,37.62,55.5,38.125,2087,8,23.39
"Moscow",55.75,37.62,55.5,38.125,2087,9,12.8
"Moscow",55.75,37.62,55.5,38.125,2087,10,10.1
"Moscow",55.75,37.62,55.5,38.125,2087,11,-1.51
"Moscow",55.75,37.62,55.5,38.125,2087,12,1.81
"Moscow",55.75,37.62,55.5,38.125,2088,1,-6.53
"Moscow",55.75,37.62,55.5,38.125,2088,2,-9.85
"Moscow",55.75,37.62,55.5,38.125,2088,3,7.36
"Moscow",55.75,37.62,55.5,38.125,2088,4,10.2
"Moscow",55.75,37.62,55.5,38.125,2088,5,13.48
"Moscow",55.75,37.62,55.5,38.125,2088,6,22.41
"Moscow",55.75,37.62,55.5,38.125,2088,7,27.51
"Moscow",55.75,37.62,55.5,38.125,2088,8,27.13
"Moscow",55.75,37.62,55.5,38.125,2088,9,12.71
"Moscow",55.75,37.62,55.5,38.125,2088,10,7.59
"Moscow",55.75,37.62,55.5,38.125,2088,11,2.29
"Moscow",55.75,37.62,55.5,38.125,2088,12,0.23
"Moscow",55.75,37.62,55.5,38.125,2089,1,-2.6
"Moscow",55.75,37.62,55.5,38.125,2089,2,1.69
"Moscow",55.75,37.62,55.5,38.125,2089,3,5.39
"Moscow",55.75,37.62,55.5,38.125,2089,4,7.83
"Moscow",55.75,37.62,55.5,38.125,2089,5,19.5
"Moscow",55.75,37.62,55.5,38.125,2089,6,20.49
"Moscow",55.75,37.62,55.5,38.125,2089,7,25.19
"Moscow",55.75,37.62,55.5,38.125,2089,8,23.19
"Moscow",55.75,37.62,55.5,38.125,2089,9,15.18
"Moscow",55.75,37.62,55.5,38.125,2089,10,5.82
"Moscow",55.75,37.62,55.5,38.125,2089,11,4.42
"Moscow",55.75,37.62,55.5,38.125,2089,12,-3.25
"Moscow",55.75,37.62,55.5,38.125,2090,1,-1.54
"Moscow",55.75,37.62,55.5,38.125,2090,2,-0.66
"Moscow",55.75,37.62,55.5,38.125,2090,3,2
"Moscow",55.75,37.62,55.5,38.125,2090,4,8.44
"Moscow",55.75,37.62,55.5,38.125,2090,5,17.32
"Moscow",55.75,37.62,55.5,38.125,2090,6,22.17
"Moscow",55.75,37.62,55.5,38.125,2090,7,29.46
"Moscow",55.75,37.62,55.5,38.125,2090,8,26.1
"Moscow",55.75,37.62,55.5,38.125,2090,9,17.27
"Moscow",55.75,37.62,55.5,38.125,2090,10,6.91
"Moscow",55.75,37.62,55.5,38.125,2090,11,5.77
"Moscow",55.75,37.62,55.5,38.125,2090,12,4.61
"Moscow",55.75,37.62,55.5,38.125,2091,1,-5.53
"Moscow",55.75,37.62,55.5,38.125,2091,2,-4.13
"Moscow",55.75,37.62,55.5,38.125,2091,3,2.24
"Moscow",55.75,37.62,55.5,38.125,2091,4,9.83
"Moscow",55.75,37.62,55.5,38.125,2091,5,15.99
"Moscow",55.75,37.62,55.5,38.125,2091,6,22.5
"Moscow",55.75,37.62,55.5,38.125,2091,7,27.09
"Moscow",55.75,37.62,55.5,38.125,2091,8,26.45
"Moscow",55.75,37.62,55.5,38.125,2091,9,17
"Moscow",55.75,37.62,55.5,38.125,2091,10,10.22
"Moscow",55.75,37.62,55.5,38.125,2091,11,6.12
"Moscow",55.75,37.62,55.5,38.125,2091,12,-2.44
"Moscow",55.75,37.62,55.5,38.125,2092,1,-3.89
"Moscow",55.75,37.62,55.5,38.125,2092,2,0.28
"Moscow",55.75,37.62,55.5,38.125,2092,3,2.5
"Moscow",55.75,37.62,55.5,38.125,2092,4,11
"Moscow",55.75,37.62,55.5,38.125,2092,5,17.69
"Moscow",55.75,37.62,55.5,38.125,2092,6,21.04
"Moscow",55.75,37.62,55.5,38.125,2092,7,24.44
"Moscow",55.75,37.62,55.5,38.125,2092,8,21.72
"Moscow",55.75,37.62,55.5,38.125,2092,9,15.66
"Moscow",55.75,37.62,55.5,38.125,2092,10,9.9
"Moscow",55.75,37.62,55.5,38.125,2092,11,5.33
"Moscow",55.75,37.62,55.5,38.125,2092,12,-3.29
"Moscow",55.75,37.62,55.5,38.125,2093,1,-6.45
"Moscow",55.75,37.62,55.5,38.125,2093,2,-5.56
"Moscow",55.75,37.62,55.5,38.125,2093,3,3.17
"Moscow",55.75,37.62,55.5,38.125,2093,4,9.94
"Moscow",55.75,37.62,55.5,38.125,2093,5,18.32
"Moscow",55.75,37.62,55.5,38.125,2093,6,22.77
"Moscow",55.75,37.62,55.5,38.125,2093,7,30.15
"Moscow",55.75,37.62,55.5,38.125,2093,8,20.87
"Moscow",55.75,37.62,55.5,38.125,2093,9,15.82
"Moscow",55.75,37.62,55.5,38.125,2093,10,9.98
"Moscow",55.75,37.62,55.5,38.125,2093,11,4.9
"Moscow",55.75,37.62,55.5,38.125,2093,12,1.85
"Moscow",55.75,37.62,55.5,38.125,2094,1,-3.57
"Moscow",55.75,37.62,55.5,38.125,2094,2,-9.33
"Moscow",55.75,37.62,55.5,38.125,2094,3,-0.53
"Moscow",55.75,37.62,55.5,38.125,2094,4,10.61
"Moscow",55.75,37.62,55.5,38.125,2094,5,19.98
"Moscow",55.75,37.62,55.5,38.125,2094,6,26.05
"Moscow",55.75,37.62,55.5,38.125,2094,7,31.25
"Moscow",55.75,37.62,55.5,38.125,2094,8,22.03
"Moscow",55.75,37.62,55.5,38.125,2094,9,12.04
"Moscow",55.75,37.62,55.5,38.125,2094,10,6.85
"Moscow",55.75,37.62,55.5,38.125,2094,11,2.81
"Moscow",55.75,37.62,55.5,38.125,2094,12,-6.45
"Moscow",55.75,37.62,55.5,38.125,2095,1,-2.67
"Moscow",55.75,37.62,55.5,38.125,2095,2,1.71
"Moscow",55.75,37.62,55.5,38.125,2095,3,6.98
"Moscow",55.75,37.62,55.5,38.125,2095,4,10.06
"Moscow",55.75,37.62,55.5,38.125,2095,5,15.57
"Moscow",55.75,37.62,55.5,38.125,2095,6,23.12
"Moscow",55.75,37.62,55.5,38.125,2095,7,27.01
"Moscow",55.75,37.62,55.5,38.125,2095,8,26.85
"Moscow",55.75,37.62,55.5,38.125,2095,9,15.83
"Moscow",55.75,37.62,55.5,38.125,2095,10,4.56
"Moscow",55.75,37.62,55.5,38.125,2095,11,7.15
"Moscow",55.75,37.62,55.5,38.125,2095,12,2.02
"Moscow",55.75,37.62,55.5,38.125,2096,1,0.05
"Moscow",55.75,37.62,55.5,38.125,2096,2,1.03
"Moscow",55.75,37.62,55.5,38.125,2096,3,5.4
"Moscow",55.75,37.62,55.5,38.125,2096,4,13.56
"Moscow",55.75,37.62,55.5,38.125,2096,5,15.63
"Moscow",55.75,37.62,55.5,38.125,2096,6,27.71
"Moscow",55.75,37.62,55.5,38.125,2096,7,28.3
"Moscow",55.75,37.62,55.5,38.125,2096,8,23.19
"Moscow",55.75,37.62,55.5,38.125,2096,9,16.21
"Moscow",55.75,37.62,55.5,38.125,2096,10,9.26
"Moscow",55.75,37.62,55.5,38.125,2096,11,-3.16
"Moscow",55.75,37.62,55.5,38.125,2096,12,-3.74
"Moscow",55.75,37.62,55.5,38.125,2097,1,-0.75
"Moscow",55.75,37.62,55.5,38.125,2097,2,-0.76
"Moscow",55.75,37.62,55.5,38.125,2097,3,-1.2
"Moscow",55.75,37.62,55.5,38.125,2097,4,10.75
"Moscow",55.75,37.62,55.5,38.125,2097,5,15.29
"Moscow",55.75,37.62,55.5,38.125,2097,6,24.03
"Moscow",55.75,37.62,55.5,38.125,2097,7,26.07
"Moscow",55.75,37.62,55.5,38.125,2097,8,23.64
"Moscow",55.75,37.62,55.5,38.125,2097,9,15.88
"Moscow",55.75,37.62,55.5,38.125,2097,10,7.13
"Moscow",55.75,37.62,55.5,38.125,2097,11,-1.1
"Moscow",55.75,37.62,55.5,38.125,2097,12,1.73
"Moscow",55.75,37.62,55.5,38.125,2098,1,-3.05
"Moscow",55.75,37.62,55.5,38.125,2098,2,0.81
"Moscow",55.75,37.62,55.5,38.125,2098,3,3.9
"Moscow",55.75,37.62,55.5,38.125,2098,4,11.5
"Moscow",55.75,37.62,55.5,38.125,2098,5,17.46
"Moscow",55.75,37.62,55.5,38.125,2098,6,26.9
"Moscow",55.75,37.62,55.5,38.125,2098,7,27.99
"Moscow",55.75,37.62,55.5,38.125,2098,8,25.97
"Moscow",55.75,37.62,55.5,38.125,2098,9,19.65
"Moscow",55.75,37.62,55.5,38.125,2098,10,8.29
"Moscow",55.75,37.62,55.5,38.125,2098,11,5.81
"Moscow",55.75,37.62,55.5,38.125,2098,12,-3.06
"Moscow",55.75,37.62,55.5,38.125,2099,1,-2.5
"Moscow",55.75,37.62,55.5,38.125,2099,2,-6.32
"Moscow",55.75,37.62,55.5,38.125,2099,3,6.01
"Moscow",55.75,37.62,55.5,38.125,2099,4,12.46
"Moscow",55.75,37.62,55.5,38.125,2099,5,18.74
"Moscow",55.75,37.62,55.5,38.125,2099,6,27.35
"Moscow",55.75,37.62,55.5,38.125,2099,7,29.32
"Moscow",55.75,37.62,55.5,38.125,2099,8,21.06
"Moscow",55.75,37.62,55.5,38.125,2099,9,14.28
"Moscow",55.75,37.62,55.5,38.125,2099,10,10.07
"Moscow",55.75,37.62,55.5,38.125,2099,11,3.73
"Moscow",55.75,37.62,55.5,38.125,2099,12,-5.61
"Moscow",55.75,37.62,55.5,38.125,2100,1,-8.25
"Moscow",55.75,37.62,55.5,38.125,2100,2,-1.74
"Moscow",55.75,37.62,55.5,38.125,2100,3,3.32
"Moscow",55.75,37.62,55.5,38.125,2100,4,12.54
"Moscow",55.75,37.62,55.5,38.125,2100,5,15.53
"Moscow",55.75,37.62,55.5,38.125,2100,6,25.89
"Moscow",55.75,37.62,55.5,38.125,2100,7,28.96
"Moscow",55.75,37.62,55.5,38.125,2100,8,23.26
"Moscow",55.75,37.62,55.5,38.125,2100,9,17.46
"Moscow",55.75,37.62,55.5,38.125,2100,10,10.17
"Moscow",55.75,37.62,55.5,38.125,2100,11,2.64
"Moscow",55.75,37.62,55.5,38.125,2100,12,2.43
"Reykjavik",64.15,-21.94,64.5,-21.875,2015,1,-0.49
"Reykjavik",64.15,-21.94,64.5,-21.875,2015,2,-3.78
"Reykjavik",64.15,-21.94,64.5,-21.875,2015,3,-0.31
"Reykjavik",64.15,-21.94,64.5,-21.875,2015,4,1.96
"Reykjavik",64.15,-21.94,64.5,-21.875,2015,5,2.82
"Reykjavik",64.15,-21.94,64.5,-21.875,2015,6,7.51
"Reykjavik",64.15,-21.94,64.5,-21.875,2015,7,9.67
"Reykjavik",64.15,-21.94,64.5,-21.875,2015,8,8.49
"Reykjavik",64.15,-21.94,64.5,-21.875,2015,9,6.22
"Reykjavik",64.15,-21.94,64.5,-21.875,2015,10,4.06
"Reykjavik",64.15,-21.94,64.5,-21.875,2015,11,-3.07
"Reykjavik",64.15,-21.94,64.5,-21.875,2015,12,-8.08
"Reykjavik",64.15,-21.94,64.5,-21.875,2016,1,-5.74
"Reykjavik",64.15,-21.94,64.5,-21.875,2016,2,-3.08
"Reykjavik",64.15,-21.94,64.5,-21.875,2016,3,-7.82
"Reykjavik",64.15,-21.94,64.5,-21.875,2016,4,-3.67
"Reykjavik",64.15,-21.94,64.5,-21.875,2016,5,1.93
"Reykjavik",64.15,-21.94,64.5,-21.875,2016,6,6.91
"Reykjavik",64.15,-21.94,64.5,-21.875,2016,7,8.77
"Reykjavik",64.15,-21.94,64.5,-21.875,2016,8,8.16
"Reykjavik",64.15,-21.94,64.5,-21.875,2016,9,6.76
"Reykjavik",64.15,-21.94,64.5,-21.875,2016,10,3.34
"Reykjavik",64.15,-21.94,64.5,-21.875,2016,11,-3.06
"Reykjavik",64.15,-21.94,64.5,-21.875,2016,12,-4.48
"Reykjavik",64.15,-21.94,64.5,-21.875,2017,1,-6.61
"Reykjavik",64.15,-21.94,64.5,-21.875,2017,2,-2.25
"Reykjavik",64.15,-21.94,64.5,-21.875,2017,3,-7.77
"Reykjavik",64.15,-21.94,64.5,-21.875,2017,4,-1.36
"Reykjavik",64.15,-21.94,64.5,-21.875,2017,5,4.15
"Reykjavik",64.15,-21.94,64.5,-21.875,2017,6,5.68
"Reykjavik",64.15,-21.94,64.5,-21.875,2017,7,7.47
"Reykjavik",64.15,-21.94,64.5,-21.875,2017,8,8.6
"Reykjavik",64.15,-21.94,64.5,-21.875,2017,9,5.24
"Reykjavik",64.15,-21.94,64.5,-21.875,2017,10,1.34
"Reykjavik",64.15,-21.94,64.5,-21.875,2017,11,-3.48
"Reykjavik",64.15,-21.94,64.5,-21.875,2017,12,-4.57
"Reykjavik",64.15,-21.94,64.5,-21.875,2018,1,-7.61
"Reykjavik",64.15,-21.94,64.5,-21.875,2018,2,-8.55
"Reykjavik",64.15,-21.94,64.5,-21.875,2018,3,-9.49
"Reykjavik",64.15,-21.94,64.5,-21.875,2018,4,-2.58
"Reykjavik",64.15,-21.94,64.5,-21.875,2018,5,1.99
"Reykjavik",64.15,-21.94,64.5,-21.875,2018,6,7.12
"Reykjavik",64.15,-21.94,64.5,-21.875,2018,7,10.25
"Reykjavik",64.15,-21.94,64.5,-21.875,2018,8,9.38
"Reykjavik",64.15,-21.94,64.5,-21.875,2018,9,6.32
"Reykjavik",64.15,-21.94,64.5,-21.875,2018,10,2.22
"Reykjavik",64.15,-21.94,64.5,-21.875,2018,11,-0.99
"Reykjavik",64.15,-21.94,64.5,-21.875,2018,12,-3.55
"Reykjavik",64.15,-21.94,64.5,-21.875,2019,1,-8.13
"Reykjavik",64.15,-21.94,64.5,-21.875,2019,2,-4.46
"Reykjavik",64.15,-21.94,64.5,-21.875,2019,3,-6.04
"Reykjavik",64.15,-21.94,64.5,-21.875,2019,4,-0.62
"Reykjavik",64.15,-21.94,64.5,-21.875,2019,5,2.63
"Reykjavik",64.15,-21.94,64.5,-21.875,2019,6,8.84
"Reykjavik",64.15,-21.94,64.5,-21.875,2019,7,11.03
"Reykjavik",64.15,-21.94,64.5,-21.875,2019,8,8.65
"Reykjavik",64.15,-21.94,64.5,-21.875,2019,9,4.24
"Reykjavik",64.15,-21.94,64.5,-21.875,2019,10,3.78
"Reykjavik",64.15,-21.94,64.5,-21.875,2019,11,-2.04
"Reykjavik",64.15,-21.94,64.5,-21.875,2019,12,-3.15
"Reykjavik",64.15,-21.94,64.5,-21.875,2020,1,-2.88
"Reykjavik",64.15,-21.94,64.5,-21.875,2020,2,-1.04
"Reykjavik",64.15,-21.94,64.5,-21.875,2020,3,-5.07
"Reykjavik",64.15,-21.94,64.5,-21.875,2020,4,-1.04
"Reykjavik",64.15,-21.94,64.5,-21.875,2020,5,5.18
"Reykjavik",64.15,-21.94,64.5,-21.875,2020,6,7.89
"Reykjavik",64.15,-21.94,64.5,-21.875,2020,7,10.43
"Reykjavik",64.15,-21.94,64.5,-21.875,2020,8,9.86
"Reykjavik",64.15,-21.94,64.5,-21.875,2020,9,6.71
"Reykjavik",64.15,-21.94,64.5,-21.875,2020,10,3.27
"Reykjavik",64.15,-21.94,64.5,-21.875,2020,11,0.83
"Reykjavik",64.15,-21.94,64.5,-21.875,2020,12,-2.7
"Reykjavik",64.15,-21.94,64.5,-21.875,2021,1,-0.94
"Reykjavik",64.15,-21.94,64.5,-21.875,2021,2,-2.97
"Reykjavik",64.15,-21.94,64.5,-21.875,2021,3,-4.21
"Reykjavik",64.15,-21.94,64.5,-21.875,2021,4,-0.86
"Reykjavik",64.15,-21.94,64.5,-21.875,2021,5,4.35
"Reykjavik",64.15,-21.94,64.5,-21.875,2021,6,7.09
"Reykjavik",64.15,-21.94,64.5,-21.875,2021,7,8.81
"Reykjavik",64.15,-21.94,64.5,-21.875,2021,8,10.8
"Reykjavik",64.15,-21.94,64.5,-21.875,2021,9,4.84
"Reykjavik",64.15,-21.94,64.5,-21.875,2021,10,1.46
"Reykjavik",64.15,-21.94,64.5,-21.875,2021,11,-0.34
"Reykjavik",64.15,-21.94,64.5,-21.875,2021,12,-6.36
"Reykjavik",64.15,-21.94,64.5,-21.875,2022,1,-8.19
"Reykjavik",64.15,-21.94,64.5,-21.875,2022,2,-3.26
"Reykjavik",64.15,-21.94,64.5,-21.875,2022,3,-3.13
"Reykjavik",64.15,-21.94,64.5,-21.875,2022,4,-1.07
"Reykjavik",64.15,-21.94,64.5,-21.875,2022,5,5.23
"Reykjavik",64.15,-21.94,64.5,-21.875,2022,6,7.07
"Reykjavik",64.15,-21.94,64.5,-21.875,2022,7,9.02
"Reykjavik",64.15,-21.94,64.5,-21.875,2022,8,9.9
"Reykjavik",64.15,-21.94,64.5,-21.875,2022,9,4.78
"Reykjavik",64.15,-21.94,64.5,-21.875,2022,10,4.83
"Reykjavik",64.15,-21.94,64.5,-21.875,2022,11,-1.29
"Reykjavik",64.15,-21.94,64.5,-21.875,2022,12,0.22
"Reykjavik",64.15,-21.94,64.5,-21.875,2023,1,-1.09
"Reykjavik",64.15,-21.94,64.5,-21.875,2023,2,-4.01
"Reykjavik",64.15,-21.94,64.5,-21.875,2023,3,-6.52
"Reykjavik",64.15,-21.94,64.5,-21.875,2023,4,-2.22
"Reykjavik",64.15,-21.94,64.5,-21.875,2023,5,4.03
"Reykjavik",64.15,-21.94,64.5,-21.875,2023,6,7.36
"Reykjavik",64.15,-21.94,64.5,-21.875,2023,7,10.82
"Reykjavik",64.15,-21.94,64.5,-21.875,2023,8,9.06
"Reykjavik",64.15,-21.94,64.5,-21.875,2023,9,5.9
"Reykjavik",64.15,-21.94,64.5,-21.875,2023,10,2.91
"Reykjavik",64.15,-21.94,64.5,-21.875,2023,11,-4.08
"Reykjavik",64.15,-21.94,64.5,-21.875,2023,12,-4.1
"Reykjavik",64.15,-21.94,64.5,-21.875,2024,1,-5.17
"Reykjavik",64.15,-21.94,64.5,-21.875,2024,2,-7.87
"Reykjavik",64.15,-21.94,64.5,-21.875,2024,3,-9.91
"Reykjavik",64.15,-21.94,64.5,-21.875,2024,4,-1.45
"Reykjavik",64.15,-21.94,64.5,-21.875,2024,5,0.69
"Reykjavik",64.15,-21.94,64.5,-21.875,2024,6,6.85
"Reykjavik",64.15,-21.94,64.5,-21.875,2024,7,8.15
"Reykjavik",64.15,-21.94,64.5,-21.875,2024,8,7.67
"Reykjavik",64.15,-21.94,64.5,-21.875,2024,9,6.61
"Reykjavik",64.15,-21.94,64.5,-21.875,2024,10,1.33
"Reykjavik",64.15,-21.94,64.5,-21.875,2024,11,-5.27
"Reykjavik",64.15,-21.94,64.5,-21.875,2024,12,-1.73
"Reykjavik",64.15,-21.94,64.5,-21.875,2025,1,-3.14
"Reykjavik",64.15,-21.94,64.5,-21.875,2025,2,-7.67
"Reykjavik",64.15,-21.94,64.5,-21.875,2025,3,-2.03
"Reykjavik",64.15,-21.94,64.5,-21.875,2025,4,-0.63
"Reykjavik",64.15,-21.94,64.5,-21.875,2025,5,1.59
"Reykjavik",64.15,-21.94,64.5,-21.875,2025,6,6.74
"Reykjavik",64.15,-21.94,64.5,-21.875,2025,7,8.16
"Reykjavik",64.15,-21.94,64.5,-21.875,2025,8,7.31
"Reykjavik",64.15,-21.94,64.5,-21.875,2025,9,4.46
"Reykjavik",64.15,-21.94,64.5,-21.875,2025,10,-0.3
"Reykjavik",64.15,-21.94,64.5,-21.875,2025,11,-4.51
"Reykjavik",64.15,-21.94,64.5,-21.875,2025,12,-8.53
"Reykjavik",64.15,-21.94,64.5,-21.875,2026,1,-6.7
"Reykjavik",64.15,-21.94,64.5,-21.875,2026,2,-7.86
"Reykjavik",64.15,-21.94,64.5,-21.875,2026,3,-2.39
"Reykjavik",64.15,-21.94,64.5,-21.875,2026,4,-3.04
"Reykjavik",64.15,-21.94,64.5,-21.875,2026,5,3.59
"Reykjavik",64.15,-21.94,64.5,-21.875,2026,6,7.85
"Reykjavik",64.15,-21.94,64.5,-21.875,2026,7,10.22
"Reykjavik",64.15,-21.94,64.5,-21.875,2026,8,10.17
"Reykjavik",64.15,-21.94,64.5,-21.875,2026,9,8.99
"Reykjavik",64.15,-21.94,64.5,-21.875,2026,10,1.57
"Reykjavik",64.15,-21.94,64.5,-21.875,2026,11,0.02
"Reykjavik",64.15,-21.94,64.5,-21.875,2026,12,-2.21
"Reykjavik",64.15,-21.94,64.5,-21.875,2027,1,-7.62
"Reykjavik",64.15,-21.94,64.5,-21.875,2027,2,-4.46
"Reykjavik",64.15,-21.94,64.5,-21.875,2027,3,-5.27
"Reykjavik",64.15,-21.94,64.5,-21.875,2027,4,-1.39
"Reykjavik",64.15,-21.94,64.5,-21.875,2027,5,4.85
"Reykjavik",64.15,-21.94,64.5,-21.875,2027,6,7.42
"Reykjavik",64.15,-21.94,64.5,-21.875,2027,7,8.53
"Reykjavik",64.15,-21.94,64.5,-21.875,2027,8,8.34
"Reykjavik",64.15,-21.94,64.5,-21.875,2027,9,6.3
"Reykjavik",64.15,-21.94,64.5,-21.875,2027,10,2.61
"Reykjavik",64.15,-21.94,64.5,-21.875,2027,11,-2.74
"Reykjavik",64.15,-21.94,64.5,-21.875,2027,12,-9.17
"Reykjavik",64.15,-21.94,64.5,-21.875,2028,1,-12.47
"Reykjavik",64.15,-21.94,64.5,-21.875,2028,2,-8.21
"Reykjavik",64.15,-21.94,64.5,-21.875,2028,3,-1.52
"Reykjavik",64.15,-21.94,64.5,-21.875,2028,4,1.44
"Reykjavik",64.15,-21.94,64.5,-21.875,2028,5,3.34
"Reykjavik",64.15,-21.94,64.5,-21.875,2028,6,8.27
"Reykjavik",64.15,-21.94,64.5,-21.875,2028,7,9.2
"Reykjavik",64.15,-21.94,64.5,-21.875,2028,8,7.96
"Reykjavik",64.15,-21.94,64.5,-21.875,2028,9,7.54
"Reykjavik",64.15,-21.94,64.5,-21.875,2028,10,1.57
"Reykjavik",64.15,-21.94,64.5,-21.875,2028,11,-3.46
"Reykjavik",64.15,-21.94,64.5,-21.875,2028,12,-5.76
"Reykjavik",64.15,-21.94,64.5,-21.875,2029,1,-9.3
"Reykjavik",64.15,-21.94,64.5,-21.875,2029,2,-6.34
"Reykjavik",64.15,-21.94,64.5,-21.875,2029,3,-7.23
"Reykjavik",64.15,-21.94,64.5,-21.875,2029,4,-1.05
"Reykjavik",64.15,-21.94,64.5,-21.875,2029,5,1.48
"Reykjavik",64.15,-21.94,64.5,-21.875,2029,6,6.37
"Reykjavik",64.15,-21.94,64.5,-21.875,2029,7,8.33
"Reykjavik",64.15,-21.94,64.5,-21.875,2029,8,8.49
"Reykjavik",64.15,-21.94,64.5,-21.875,2029,9,4.88
"Reykjavik",64.15,-21.94,64.5,-21.875,2029,10,2.71
"Reykjavik",64.15,-21.94,64.5,-21.875,2029,11,-5.03
"Reykjavik",64.15,-21.94,64.5,-21.875,2029,12,-6.15
"Reykjavik",64.15,-21.94,64.5,-21.875,2030,1,-7.97
"Reykjavik",64.15,-21.94,64.5,-21.875,2030,2,-6.97
"Reykjavik",64.15,-21.94,64.5,-21.875,2030,3,-5.64
"Reykjavik",64.15,-21.94,64.5,-21.875,2030,4,-4.05
"Reykjavik",64.15,-21.94,64.5,-21.875,2030,5,1.18
"Reykjavik",64.15,-21.94,64.5,-21.875,2030,6,5.98
"Reykjavik",64.15,-21.94,64.5,-21.875,2030,7,8.45
"Reykjavik",64.15,-21.94,64.5,-21.875,2030,8,8.43
"Reykjavik",64.15,-21.94,64.5,-21.875,2030,9,4.59
"Reykjavik",64.15,-21.94,64.5,-21.875,2030,10,2.47
"Reykjavik",64.15,-21.94,64.5,-21.875,2030,11,-0.41
"Reykjavik",64.15,-21.94,64.5,-21.875,2030,12,-8.52
"Reykjavik",64.15,-21.94,64.5,-21.875,2031,1,-5.3
"Reykjavik",64.15,-21.94,64.5,-21.875,2031,2,-9.38
"Reykjavik",64.15,-21.94,64.5,-21.875,2031,3,-13.2
"Reykjavik",64.15,-21.94,64.5,-21.875,2031,4,-2.98
"Reykjavik",64.15,-21.94,64.5,-21.875,2031,5,3.9
"Reykjavik",64.15,-21.94,64.5,-21.875,2031,6,6.88
"Reykjavik",64.15,-21.94,64.5,-21.875,2031,7,8.15
"Reykjavik",64.15,-21.94,64.5,-21.875,2031,8,7.79
"Reykjavik",64.15,-21.94,64.5,-21.875,2031,9,5.38
"Reykjavik",64.15,-21.94,64.5,-21.875,2031,10,-0.34
"Reykjavik",64.15,-21.94,64.5,-21.875,2031,11,-2.84
"Reykjavik",64.15,-21.94,64.5,-21.875,2031,12,-5.42
"Reykjavik",64.15,-21.94,64.5,-21.875,2032,1,-7.62
"Reykjavik",64.15,-21.94,64.5,-21.875,2032,2,-6.65
"Reykjavik",64.15,-21.94,64.5,-21.875,2032,3,-6.48
"Reykjavik",64.15,-21.94,64.5,-21.875,2032,4,-0.25
"Reykjavik",64.15,-21.94,64.5,-21.875,2032,5,1.33
"Reykjavik",64.15,-21.94,64.5,-21.875,2032,6,7.23
"Reykjavik",64.15,-21.94,64.5,-21.875,2032,7,10.73
"Reykjavik",64.15,-21.94,64.5,-21.875,2032,8,8.35
"Reykjavik",64.15,-21.94,64.5,-21.875,2032,9,7.17
"Reykjavik",64.15,-21.94,64.5,-21.875,2032,10,2.05
"Reykjavik",64.15,-21.94,64.5,-21.875,2032,11,-2.77
"Reykjavik",64.15,-21.94,64.5,-21.875,2032,12,-6.04
"Reykjavik",64.15,-21.94,64.5,-21.875,2033,1,-9
"Reykjavik",64.15,-21.94,64.5,-21.875,2033,2,-4.71
"Reykjavik",64.15,-21.94,64.5,-21.875,2033,3,-4.33
"Reykjavik",64.15,-21.94,64.5,-21.875,2033,4,2.18
"Reykjavik",64.15,-21.94,64.5,-21.875,2033,5,0.76
"Reykjavik",64.15,-21.94,64.5,-21.875,2033,6,7.46
"Reykjavik",64.15,-21.94,64.5,-21.875,2033,7,8.92
"Reykjavik",64.15,-21.94,64.5,-21.875,2033,8,9.04
"Reykjavik",64.15,-21.94,64.5,-21.875,2033,9,5.68
"Reykjavik",64.15,-21.94,64.5,-21.875,2033,10,3.8
"Reykjavik",64.15,-21.94,64.5,-21.875,2033,11,0.38
"Reykjavik",64.15,-21.94,64.5,-21.875,2033,12,-6.4
"Reykjavik",64.15,-21.94,64.5,-21.875,2034,1,-6.76
"Reykjavik",64.15,-21.94,64.5,-21.875,2034,2,-4.55
"Reykjavik",64.15,-21.94,64.5,-21.875,2034,3,-3.95
"Reykjavik",64.15,-21.94,64.5,-21.875,2034,4,-0.47
"Reykjavik",64.15,-21.94,64.5,-21.875,2034,5,5.3
"Reykjavik",64.15,-21.94,64.5,-21.875,2034,6,8.05
"Reykjavik",64.15,-21.94,64.5,-21.875,2034,7,9.73
"Reykjavik",64.15,-21.94,64.5,-21.875,2034,8,10.12
"Reykjavik",64.15,-21.94,64.5,-21.875,2034,9,9.59
"Reykjavik",64.15,-21.94,64.5,-21.875,2034,10,2.91
"Reykjavik",64.15,-21.94,64.5,-21.875,2034,11,1.32
"Reykjavik",64.15,-21.94,64.5,-21.875,2034,12,-3.63
"Reykjavik",64.15,-21.94,64.5,-21.875,2035,1,-4.39
"Reykjavik",64.15,-21.94,64.5,-21.875,2035,2,-5.58
"Reykjavik",64.15,-21.94,64.5,-21.875,2035,3,-0.36
"Reykjavik",64.15,-21.94,64.5,-21.875,2035,4,1.28
"Reykjavik",64.15,-21.94,64.5,-21.875,2035,5,3.41
"Reykjavik",64.15,-21.94,64.5,-21.875,2035,6,7.81
"Reykjavik",64.15,-21.94,64.5,-21.875,2035,7,9.15
"Reykjavik",64.15,-21.94,64.5,-21.875,2035,8,8.35
"Reykjavik",64.15,-21.94,64.5,-21.875,2035,9,5.69
"Reykjavik",64.15,-21.94,64.5,-21.875,2035,10,3.48
"Reykjavik",64.15,-21.94,64.5,-21.875,2035,11,-0.75
"Reykjavik",64.15,-21.94,64.5,-21.875,2035,12,-6.27
"Reykjavik",64.15,-21.94,64.5,-21.875,2036,1,-6.22
"Reykjavik",64.15,-21.94,64.5,-21.875,2036,2,-5.71
"Reykjavik",64.15,-21.94,64.5,-21.875,2036,3,-5.93
"Reykjavik",64.15,-21.94,64.5,-21.875,2036,4,1.81
"Reykjavik",64.15,-21.94,64.5,-21.875,2036,5,2.86
"Reykjavik",64.15,-21.94,64.5,-21.875,2036,6,6.35
"Reykjavik",64.15,-21.94,64.5,-21.875,2036,7,9.1
"Reykjavik",64.15,-21.94,64.5,-21.875,2036,8,8.48
"Reykjavik",64.15,-21.94,64.5,-21.875,2036,9,6.44
"Reykjavik",64.15,-21.94,64.5,-21.875,2036,10,3
"Reykjavik",64.15,-21.94,64.5,-21.875,2036,11,-2.75
"Reykjavik",64.15,-21.94,64.5,-21.875,2036,12,-7.87
"Reykjavik",64.15,-21.94,64.5,-21.875,2037,1,-6.92
"Reykjavik",64.15,-21.94,64.5,-21.875,2037,2,-9.79
"Reykjavik",64.15,-21.94,64.5,-21.875,2037,3,-5.92
"Reykjavik",64.15,-21.94,64.5,-21.875,2037,4,0.06
"Reykjavik",64.15,-21.94,64.5,-21.875,2037,5,4.14
"Reykjavik",64.15,-21.94,64.5,-21.875,2037,6,7.59
"Reykjavik",64.15,-21.94,64.5,-21.875,2037,7,10.12
"Reykjavik",64.15,-21.94,64.5,-21.875,2037,8,8.55
"Reykjavik",64.15,-21.94,64.5,-21.875,2037,9,5.06
"Reykjavik",64.15,-21.94,64.5,-21.875,2037,10,3.57
"Reykjavik",64.15,-21.94,64.5,-21.875,2037,11,1.21
"Reykjavik",64.15,-21.94,64.5,-21.875,2037,12,-6.24
"Reykjavik",64.15,-21.94,64.5,-21.875,2038,1,-10.24
"Reykjavik",64.15,-21.94,64.5,-21.875,2038,2,-4.98
"Reykjavik",64.15,-21.94,64.5,-21.875,2038,3,-6.53
"Reykjavik",64.15,-21.94,64.5,-21.875,2038,4,3.27
"Reykjavik",64.15,-21.94,64.5,-21.875,2038,5,4.44
"Reykjavik",64.15,-21.94,64.5,-21.875,2038,6,8.48
"Reykjavik",64.15,-21.94,64.5,-21.875,2038,7,9.34
"Reykjavik",64.15,-21.94,64.5,-21.875,2038,8,10.14
"Reykjavik",64.15,-21.94,64.5,-21.875,2038,9,5.52
"Reykjavik",64.15,-21.94,64.5,-21.875,2038,10,2.72
"Reykjavik",64.15,-21.94,64.5,-21.875,2038,11,-0.37
"Reykjavik",64.15,-21.94,64.5,-21.875,2038,12,-3.26
"Reykjavik",64.15,-21.94,64.5,-21.875,2039,1,-7.14
"Reykjavik",64.15,-21.94,64.5,-21.875,2039,2,-7.15
"Reykjavik",64.15,-21.94,64.5,-21.875,2039,3,-3.85
"Reykjavik",64.15,-21.94,64.5,-21.875,2039,4,-2.49
"Reykjavik",64.15,-21.94,64.5,-21.875,2039,5,3.43
"Reykjavik",64.15,-21.94,64.5,-21.875,2039,6,8.52
"Reykjavik",64.15,-21.94,64.5,-21.875,2039,7,9.85
"Reykjavik",64.15,-21.94,64.5,-21.875,2039,8,10.07
"Reykjavik",64.15,-21.94,64.5,-21.875,2039,9,6.47
"Reykjavik",64.15,-21.94,64.5,-21.875,2039,10,4.66
"Reykjavik",64.15,-21.94,64.5,-21.875,2039,11,0.53
"Reykjavik",64.15,-21.94,64.5,-21.875,2039,12,-5.92
"Reykjavik",64.15,-21.94,64.5,-21.875,2040,1,-8.12
"Reykjavik",64.15,-21.94,64.5,-21.875,2040,2,-6.43
"Reykjavik",64.15,-21.94,64.5,-21.875,2040,3,-3.66
"Reykjavik",64.15,-21.94,64.5,-21.875,2040,4,-0.84
"Reykjavik",64.15,-21.94,64.5,-21.875,2040,5,3.54
"Reykjavik",64.15,-21.94,64.5,-21.875,2040,6,7.28
"Reykjavik",64.15,-21.94,64.5,-21.875,2040,7,9.75
"Reykjavik",64.15,-21.94,64.5,-21.875,2040,8,9.52
"Reykjavik",64.15,-21.94,64.5,-21.875,2040,9,5.58
"Reykjavik",64.15,-21.94,64.5,-21.875,2040,10,0.13
"Reykjavik",64.15,-21.94,64.5,-21.875,2040,11,-5.07
"Reykjavik",64.15,-21.94,64.5,-21.875,2040,12,-4.31
"Reykjavik",64.15,-21.94,64.5,-21.875,2041,1,-10.14
"Reykjavik",64.15,-21.94,64.5,-21.875,2041,2,-5.52
"Reykjavik",64.15,-21.94,64.5,-21.875,2041,3,-3.51
"Reykjavik",64.15,-21.94,64.5,-21.875,2041,4,-2.01
"Reykjavik",64.15,-21.94,64.5,-21.875,2041,5,3.44
"Reykjavik",64.15,-21.94,64.5,-21.875,2041,6,6.98
"Reykjavik",64.15,-21.94,64.5,-21.875,2041,7,9.78
"Reykjavik",64.15,-21.94,64.5,-21.875,2041,8,8.13
"Reykjavik",64.15,-21.94,64.5,-21.875,2041,9,7.84
"Reykjavik",64.15,-21.94,64.5,-21.875,2041,10,4.72
"Reykjavik",64.15,-21.94,64.5,-21.875,2041,11,-1.21
"Reykjavik",64.15,-21.94,64.5,-21.875,2041,12,-3.22
"Reykjavik",64.15,-21.94,64.5,-21.875,2042,1,-6.94
"Reykjavik",64.15,-21.94,64.5,-21.875,2042,2,-11
"Reykjavik",64.15,-21.94,64.5,-21.875,2042,3,-5.39
"Reykjavik",64.15,-21.94,64.5,-21.875,2042,4,1.13
"Reykjavik",64.15,-21.94,64.5,-21.875,2042,5,1.49
"Reykjavik",64.15,-21.94,64.5,-21.875,2042,6,6.9
"Reykjavik",64.15,-21.94,64.5,-21.875,2042,7,8.08
"Reykjavik",64.15,-21.94,64.5,-21.875,2042,8,8.14
"Reykjavik",64.15,-21.94,64.5,-21.875,2042,9,4.95
"Reykjavik",64.15,-21.94,64.5,-21.875,2042,10,2.72
"Reykjavik",64.15,-21.94,64.5,-21.875,2042,11,-4.15
"Reykjavik",64.15,-21.94,64.5,-21.875,2042,12,-4.3
"Reykjavik",64.15,-21.94,64.5,-21.875,2043,1,-6.65
"Reykjavik",64.15,-21.94,64.5,-21.875,2043,2,-2.27
"Reykjavik",64.15,-21.94,64.5,-21.875,2043,3,-2.12
"Reykjavik",64.15,-21.94,64.5,-21.875,2043,4,-1.98
"Reykjavik",64.15,-21.94,64.5,-21.875,2043,5,4.04
"Reykjavik",64.15,-21.94,64.5,-21.875,2043,6,7.58
"Reykjavik",64.15,-21.94,64.5,-21.875,2043,7,10.18
"Reykjavik",64.15,-21.94,64.5,-21.875,2043,8,10.27
"Reykjavik",64.15,-21.94,64.5,-21.875,2043,9,6.29
"Reykjavik",64.15,-21.94,64.5,-21.875,2043,10,2.89
"Reykjavik",64.15,-21.94,64.5,-21.875,2043,11,-1.69
"Reykjavik",64.15,-21.94,64.5,-21.875,2043,12,-2.89
"Reykjavik",64.15,-21.94,64.5,-21.875,2044,1,-6.53
"Reykjavik",64.15,-21.94,64.5,-21.875,2044,2,-8.58
"Reykjavik",64.15,-21.94,64.5,-21.875,2044,3,-7.37
"Reykjavik",64.15,-21.94,64.5,-21.875,2044,4,0.75
"Reykjavik",64.15,-21.94,64.5,-21.875,2044,5,2.86
"Reykjavik",64.15,-21.94,64.5,-21.875,2044,6,5.87
"Reykjavik",64.15,-21.94,64.5,-21.875,2044,7,7.96
"Reykjavik",64.15,-21.94,64.5,-21.875,2044,8,8.75
"Reykjavik",64.15,-21.94,64.5,-21.875,2044,9,4.42
"Reykjavik",64.15,-21.94,64.5,-21.875,2044,10,1.66
"Reykjavik",64.15,-21.94,64.5,-21.875,2044,11,-5.32
"Reykjavik",64.15,-21.94,64.5,-21.875,2044,12,-4.82
"Reykjavik",64.15,-21.94,64.5,-21.875,2045,1,-5.99
"Reykjavik",64.15,-21.94,64.5,-21.875,2045,2,-10.99
"Reykjavik",64.15,-21.94,64.5,-21.875,2045,3,-7.4
"Reykjavik",64.15,-21.94,64.5,-21.875,2045,4,-3.14
"Reykjavik",64.15,-21.94,64.5,-21.875,2045,5,3.35
"Reykjavik",64.15,-21.94,64.5,-21.875,2045,6,8.92
"Reykjavik",64.15,-21.94,64.5,-21.875,2045,7,9.23
"Reykjavik",64.15,-21.94,64.5,-21.875,2045,8,8.88
"Reykjavik",64.15,-21.94,64.5,-21.875,2045,9,4.95
"Reykjavik",64.15,-21.94,64.5,-21.875,2045,10,4.36
"Reykjavik",64.15,-21.94,64.5,-21.875,2045,11,-0.83
"Reykjavik",64.15,-21.94,64.5,-21.875,2045,12,-7.82
"Reykjavik",64.15,-21.94,64.5,-21.875,2046,1,-4.31
"Reykjavik",64.15,-21.94,64.5,-21.875,2046,2,-5.31
"Reykjavik",64.15,-21.94,64.5,-21.875,2046,3,-0.01
"Reykjavik",64.15,-21.94,64.5,-21.875,2046,4,2.03
"Reykjavik",64.15,-21.94,64.5,-21.875,2046,5,4.18
"Reykjavik",64.15,-21.94,64.5,-21.875,2046,6,10.2
"Reykjavik",64.15,-21.94,64.5,-21.875,2046,7,9.67
"Reykjavik",64.15,-21.94,64.5,-21.875,2046,8,10.35
"Reykjavik",64.15,-21.94,64.5,-21.875,2046,9,6.99
"Reykjavik",64.15,-21.94,64.5,-21.875,2046,10,3.82
"Reykjavik",64.15,-21.94,64.5,-21.875,2046,11,3.87
"Reykjavik",64.15,-21.94,64.5,-21.875,2046,12,-1.66
"Reykjavik",64.15,-21.94,64.5,-21.875,2047,1,-7.39
"Reykjavik",64.15,-21.94,64.5,-21.875,2047,2,-6.56
"Reykjavik",64.15,-21.94,64.5,-21.875,2047,3,-2.36
"Reykjavik",64.15,-21.94,64.5,-21.875,2047,4,1.05
"Reykjavik",64.15,-21.94,64.5,-21.875,2047,5,5.68
"Reykjavik",64.15,-21.94,64.5,-21.875,2047,6,8.25
"Reykjavik",64.15,-21.94,64.5,-21.875,2047,7,11.56
"Reykjavik",64.15,-21.94,64.5,-21.875,2047,8,9.67
"Reykjavik",64.15,-21.94,64.5,-21.875,2047,9,6.56
"Reykjavik",64.15,-21.94,64.5,-21.875,2047,10,4.86
"Reykjavik",64.15,-21.94,64.5,-21.875,2047,11,-4.79
"Reykjavik",64.15,-21.94,64.5,-21.875,2047,12,-6.22
"Reykjavik",64.15,-21.94,64.5,-21.875,2048,1,-5.03
"Reykjavik",64.15,-21.94,64.5,-21.875,2048,2,-4.09
"Reykjavik",64.15,-21.94,64.5,-21.875,2048,3,-4.32
"Reykjavik",64.15,-21.94,64.5,-21.875,2048,4,-0.06
"Reykjavik",64.15,-21.94,64.5,-21.875,2048,5,5.33
"Reykjavik",64.15,-21.94,64.5,-21.875,2048,6,8.33
"Reykjavik",64.15,-21.94,64.5,-21.875,2048,7,10.03
"Reykjavik",64.15,-21.94,64.5,-21.875,2048,8,9.63
"Reykjavik",64.15,-21.94,64.5,-21.875,2048,9,8.17
"Reykjavik",64.15,-21.94,64.5,-21.875,2048,10,5.1
"Reykjavik",64.15,-21.94,64.5,-21.875,2048,11,0.36
"Reykjavik",64.15,-21.94,64.5,-21.875,2048,12,-6.02
"Reykjavik",64.15,-21.94,64.5,-21.875,2049,1,-4.52
"Reykjavik",64.15,-21.94,64.5,-21.875,2049,2,-6.8
"Reykjavik",64.15,-21.94,64.5,-21.875,2049,3,1.63
"Reykjavik",64.15,-21.94,64.5,-21.875,2049,4,-0.67
"Reykjavik",64.15,-21.94,64.5,-21.875,2049,5,4.19
"Reykjavik",64.15,-21.94,64.5,-21.875,2049,6,9.17
"Reykjavik",64.15,-21.94,64.5,-21.875,2049,7,10.97
"Reykjavik",64.15,-21.94,64.5,-21.875,2049,8,9.33
"Reykjavik",64.15,-21.94,64.5,-21.875,2049,9,7.22
"Reykjavik",64.15,-21.94,64.5,-21.875,2049,10,6.19
"Reykjavik",64.15,-21.94,64.5,-21.875,2049,11,3.39
"Reykjavik",64.15,-21.94,64.5,-21.875,2049,12,2.16
"Reykjavik",64.15,-21.94,64.5,-21.875,2050,1,-1.78
"Reykjavik",64.15,-21.94,64.5,-21.875,2050,2,-6.67
"Reykjavik",64.15,-21.94,64.5,-21.875,2050,3,-0.95
"Reykjavik",64.15,-21.94,64.5,-21.875,2050,4,1.53
"Reykjavik",64.15,-21.94,64.5,-21.875,2050,5,6.59
"Reykjavik",64.15,-21.94,64.5,-21.875,2050,6,8.84
"Reykjavik",64.15,-21.94,64.5,-21.875,2050,7,10.62
"Reykjavik",64.15,-21.94,64.5,-21.875,2050,8,10.26
"Reykjavik",64.15,-21.94,64.5,-21.875,2050,9,7.17
"Reykjavik",64.15,-21.94,64.5,-21.875,2050,10,3.28
"Reykjavik",64.15,-21.94,64.5,-21.875,2050,11,-0.3
"Reykjavik",64.15,-21.94,64.5,-21.875,2050,12,-4.68
"Reykjavik",64.15,-21.94,64.5,-21.875,2051,1,-10.16
"Reykjavik",64.15,-21.94,64.5,-21.875,2051,2,-4.32
"Reykjavik",64.15,-21.94,64.5,-21.875,2051,3,-8.47
"Reykjavik",64.15,-21.94,64.5,-21.875,2051,4,-0.74
"Reykjavik",64.15,-21.94,64.5,-21.875,2051,5,4.7
"Reykjavik",64.15,-21.94,64.5,-21.875,2051,6,9.96
"Reykjavik",64.15,-21.94,64.5,-21.875,2051,7,10.69
"Reykjavik",64.15,-21.94,64.5,-21.875,2051,8,10.41
"Reykjavik",64.15,-21.94,64.5,-21.875,2051,9,7.55
"Reykjavik",64.15,-21.94,64.5,-21.875,2051,10,7.46
"Reykjavik",64.15,-21.94,64.5,-21.875,2051,11,0.9
"Reykjavik",64.15,-21.94,64.5,-21.875,2051,12,0.38
"Reykjavik",64.15,-21.94,64.5,-21.875,2052,1,-1.07
"Reykjavik",64.15,-21.94,64.5,-21.875,2052,2,-5.39
"Reykjavik",64.15,-21.94,64.5,-21.875,2052,3,-1.28
"Reykjavik",64.15,-21.94,64.5,-21.875,2052,4,0.17
"Reykjavik",64.15,-21.94,64.5,-21.875,2052,5,4.49
"Reykjavik",64.15,-21.94,64.5,-21.875,2052,6,9.3
"Reykjavik",64.15,-21.94,64.5,-21.875,2052,7,10.74
"Reykjavik",64.15,-21.94,64.5,-21.875,2052,8,10.99
"Reykjavik",64.15,-21.94,64.5,-21.875,2052,9,6.18
"Reykjavik",64.15,-21.94,64.5,-21.875,2052,10,4.68
"Reykjavik",64.15,-21.94,64.5,-21.875,2052,11,0.01
"Reykjavik",64.15,-21.94,64.5,-21.875,2052,12,-4.09
"Reykjavik",64.15,-21.94,64.5,-21.875,2053,1,-2.33
"Reykjavik",64.15,-21.94,64.5,-21.875,2053,2,-4.45
"Reykjavik",64.15,-21.94,64.5,-21.875,2053,3,-1.55
"Reykjavik",64.15,-21.94,64.5,-21.875,2053,4,1.16
"Reykjavik",64.15,-21.94,64.5,-21.875,2053,5,4.42
"Reykjavik",64.15,-21.94,64.5,-21.875,2053,6,6.95
"Reykjavik",64.15,-21.94,64.5,-21.875,2053,7,11.66
"Reykjavik",64.15,-21.94,64.5,-21.875,2053,8,11.48
"Reykjavik",64.15,-21.94,64.5,-21.875,2053,9,7.62
"Reykjavik",64.15,-21.94,64.5,-21.875,2053,10,2.34
"Reykjavik",64.15,-21.94,64.5,-21.875,2053,11,-0.96
"Reykjavik",64.15,-21.94,64.5,-21.875,2053,12,-4.48
"Reykjavik",64.15,-21.94,64.5,-21.875,2054,1,-5.45
"Reykjavik",64.15,-21.94,64.5,-21.875,2054,2,-7.54
"Reykjavik",64.15,-21.94,64.5,-21.875,2054,3,-3.86
"Reykjavik",64.15,-21.94,64.5,-21.875,2054,4,-0.12
"Reykjavik",64.15,-21.94,64.5,-21.875,2054,5,4.35
"Reykjavik",64.15,-21.94,64.5,-21.875,2054,6,9.67
"Reykjavik",64.15,-21.94,64.5,-21.875,2054,7,10.46
"Reykjavik",64.15,-21.94,64.5,-21.875,2054,8,11.03
"Reykjavik",64.15,-21.94,64.5,-21.875,2054,9,8.64
"Reykjavik",64.15,-21.94,64.5,-21.875,2054,10,4.35
"Reykjavik",64.15,-21.94,64.5,-21.875,2054,11,1.73
"Reykjavik",64.15,-21.94,64.5,-21.875,2054,12,0.19
"Reykjavik",64.15,-21.94,64.5,-21.875,2055,1,1.01
"Reykjavik",64.15,-21.94,64.5,-21.875,2055,2,-4.74
"Reykjavik",64.15,-21.94,64.5,-21.875,2055,3,-3.12
"Reykjavik",64.15,-21.94,64.5,-21.875,2055,4,1.24
"Reykjavik",64.15,-21.94,64.5,-21.875,2055,5,5.98
"Reykjavik",64.15,-21.94,64.5,-21.875,2055,6,8.87
"Reykjavik",64.15,-21.94,64.5,-21.875,2055,7,10.42
"Reykjavik",64.15,-21.94,64.5,-21.875,2055,8,10.48
"Reykjavik",64.15,-21.94,64.5,-21.875,2055,9,7.49
"Reykjavik",64.15,-21.94,64.5,-21.875,2055,10,4.01
"Reykjavik",64.15,-21.94,64.5,-21.875,2055,11,-1.2
"Reykjavik",64.15,-21.94,64.5,-21.875,2055,12,-1.57
"Reykjavik",64.15,-21.94,64.5,-21.875,2056,1,-5.09
"Reykjavik",64.15,-21.94,64.5,-21.875,2056,2,0.23
"Reykjavik",64.15,-21.94,64.5,-21.875,2056,3,-2.76
"Reykjavik",64.15,-21.94,64.5,-21.875,2056,4,1.23
"Reykjavik",64.15,-21.94,64.5,-21.875,2056,5,5.89
"Reykjavik",64.15,-21.94,64.5,-21.875,2056,6,9.45
"Reykjavik",64.15,-21.94,64.5,-21.875,2056,7,11.1
"Reykjavik",64.15,-21.94,64.5,-21.875,2056,8,10.4
"Reykjavik",64.15,-21.94,64.5,-21.875,2056,9,6.77
"Reykjavik",64.15,-21.94,64.5,-21.875,2056,10,3.75
"Reykjavik",64.15,-21.94,64.5,-21.875,2056,11,0.57
"Reykjavik",64.15,-21.94,64.5,-21.875,2056,12,-0.89
"Reykjavik",64.15,-21.94,64.5,-21.875,2057,1,-4.13
"Reykjavik",64.15,-21.94,64.5,-21.875,2057,2,-4.68
"Reykjavik",64.15,-21.94,64.5,-21.875,2057,3,-3.73
"Reykjavik",64.15,-21.94,64.5,-21.875,2057,4,3.46
"Reykjavik",64.15,-21.94,64.5,-21.875,2057,5,7.06
"Reykjavik",64.15,-21.94,64.5,-21.875,2057,6,9.19
"Reykjavik",64.15,-21.94,64.5,-21.875,2057,7,10.96
"Reykjavik",64.15,-21.94,64.5,-21.875,2057,8,10.34
"Reykjavik",64.15,-21.94,64.5,-21.875,2057,9,6.68
"Reykjavik",64.15,-21.94,64.5,-21.875,2057,10,4.65
"Reykjavik",64.15,-21.94,64.5,-21.875,2057,11,0.88
"Reykjavik",64.15,-21.94,64.5,-21.875,2057,12,-1.95
"Reykjavik",64.15,-21.94,64.5,-21.875,2058,1,3.76
"Reykjavik",64.15,-21.94,64.5,-21.875,2058,2,-4.13
"Reykjavik",64.15,-21.94,64.5,-21.875,2058,3,0.54
"Reykjavik",64.15,-21.94,64.5,-21.875,2058,4,1.1
"Reykjavik",64.15,-21.94,64.5,-21.875,2058,5,5.51
"Reykjavik",64.15,-21.94,64.5,-21.875,2058,6,10.41
"Reykjavik",64.15,-21.94,64.5,-21.875,2058,7,10.32
"Reykjavik",64.15,-21.94,64.5,-21.875,2058,8,9.35
"Reykjavik",64.15,-21.94,64.5,-21.875,2058,9,8.97
"Reykjavik",64.15,-21.94,64.5,-21.875,2058,10,3.95
"Reykjavik",64.15,-21.94,64.5,-21.875,2058,11,3.2
"Reykjavik",64.15,-21.94,64.5,-21.875,2058,12,1.54
"Reykjavik",64.15,-21.94,64.5,-21.875,2059,1,-3.05
"Reykjavik",64.15,-21.94,64.5,-21.875,2059,2,-5.72
"Reykjavik",64.15,-21.94,64.5,-21.875,2059,3,-3.64
"Reykjavik",64.15,-21.94,64.5,-21.875,2059,4,2.48
"Reykjavik",64.15,-21.94,64.5,-21.875,2059,5,7.2
"Reykjavik",64.15,-21.94,64.5,-21.875,2059,6,8.93
"Reykjavik",64.15,-21.94,64.5,-21.875,2059,7,10
"Reykjavik",64.15,-21.94,64.5,-21.875,2059,8,9.41
"Reykjavik",64.15,-21.94,64.5,-21.875,2059,9,5.77
"Reykjavik",64.15,-21.94,64.5,-21.875,2059,10,5.97
"Reykjavik",64.15,-21.94,64.5,-21.875,2059,11,2.39
"Reykjavik",64.15,-21.94,64.5,-21.875,2059,12,-0.41
"Reykjavik",64.15,-21.94,64.5,-21.875,2060,1,-1.63
"Reykjavik",64.15,-21.94,64.5,-21.875,2060,2,-8.75
"Reykjavik",64.15,-21.94,64.5,-21.875,2060,3,-0.9
"Reykjavik",64.15,-21.94,64.5,-21.875,2060,4,0.21
"Reykjavik",64.15,-21.94,64.5,-21.875,2060,5,3.37
"Reykjavik",64.15,-21.94,64.5,-21.875,2060,6,7.39
"Reykjavik",64.15,-21.94,64.5,-21.875,2060,7,11.41
"Reykjavik",64.15,-21.94,64.5,-21.875,2060,8,9.79
"Reykjavik",64.15,-21.94,64.5,-21.875,2060,9,6.2
"Reykjavik",64.15,-21.94,64.5,-21.875,2060,10,4.99
"Reykjavik",64.15,-21.94,64.5,-21.875,2060,11,1.46
"Reykjavik",64.15,-21.94,64.5,-21.875,2060,12,1.43
"Reykjavik",64.15,-21.94,64.5,-21.875,2061,1,-9.36
"Reykjavik",64.15,-21.94,64.5,-21.875,2061,2,-4.94
"Reykjavik",64.15,-21.94,64.5,-21.875,2061,3,-4.65
"Reykjavik",64.15,-21.94,64.5,-21.875,2061,4,-2.6
"Reykjavik",64.15,-21.94,64.5,-21.875,2061,5,4.1
"Reykjavik",64.15,-21.94,64.5,-21.875,2061,6,7.51
"Reykjavik",64.15,-21.94,64.5,-21.875,2061,7,8.53
"Reykjavik",64.15,-21.94,64.5,-21.875,2061,8,9.8
"Reykjavik",64.15,-21.94,64.5,-21.875,2061,9,6.21
"Reykjavik",64.15,-21.94,64.5,-21.875,2061,10,1.97
"Reykjavik",64.15,-21.94,64.5,-21.875,2061,11,0.44
"Reykjavik",64.15,-21.94,64.5,-21.875,2061,12,-6.86
"Reykjavik",64.15,-21.94,64.5,-21.875,2062,1,-8.99
"Reykjavik",64.15,-21.94,64.5,-21.875,2062,2,-9.12
"Reykjavik",64.15,-21.94,64.5,-21.875,2062,3,-2.78
"Reykjavik",64.15,-21.94,64.5,-21.875,2062,4,1.75
"Reykjavik",64.15,-21.94,64.5,-21.875,2062,5,4.77
"Reykjavik",64.15,-21.94,64.5,-21.875,2062,6,8.78
"Reykjavik",64.15,-21.94,64.5,-21.875,2062,7,10.95
"Reykjavik",64.15,-21.94,64.5,-21.875,2062,8,9.83
"Reykjavik",64.15,-21.94,64.5,-21.875,2062,9,8.26
"Reykjavik",64.15,-21.94,64.5,-21.875,2062,10,7.64
"Reykjavik",64.15,-21.94,64.5,-21.875,2062,11,3.67
"Reykjavik",64.15,-21.94,64.5,-21.875,2062,12,1.14
"Reykjavik",64.15,-21.94,64.5,-21.875,2063,1,-5.31
"Reykjavik",64.15,-21.94,64.5,-21.875,2063,2,-4.79
"Reykjavik",64.15,-21.94,64.5,-21.875,2063,3,-7.72
"Reykjavik",64.15,-21.94,64.5,-21.875,2063,4,-2.47
"Reykjavik",64.15,-21.94,64.5,-21.875,2063,5,2.25
"Reykjavik",64.15,-21.94,64.5,-21.875,2063,6,8.77
"Reykjavik",64.15,-21.94,64.5,-21.875,2063,7,10.5
"Reykjavik",64.15,-21.94,64.5,-21.875,2063,8,10.05
"Reykjavik",64.15,-21.94,64.5,-21.875,2063,9,8.01
"Reykjavik",64.15,-21.94,64.5,-21.875,2063,10,3.54
"Reykjavik",64.15,-21.94,64.5,-21.875,2063,11,3.4
"Reykjavik",64.15,-21.94,64.5,-21.875,2063,12,0.13
"Reykjavik",64.15,-21.94,64.5,-21.875,2064,1,-1.34
"Reykjavik",64.15,-21.94,64.5,-21.875,2064,2,-3.46
"Reykjavik",64.15,-21.94,64.5,-21.875,2064,3,-3.02
"Reykjavik",64.15,-21.94,64.5,-21.875,2064,4,-0.26
"Reykjavik",64.15,-21.94,64.5,-21.875,2064,5,6.28
"Reykjavik",64.15,-21.94,64.5,-21.875,2064,6,9.94
"Reykjavik",64.15,-21.94,64.5,-21.875,2064,7,10.57
"Reykjavik",64.15,-21.94,64.5,-21.875,2064,8,10.98
"Reykjavik",64.15,-21.94,64.5,-21.875,2064,9,8.18
"Reykjavik",64.15,-21.94,64.5,-21.875,2064,10,4.09
"Reykjavik",64.15,-21.94,64.5,-21.875,2064,11,-0.03
"Reykjavik",64.15,-21.94,64.5,-21.875,2064,12,-4
"Reykjavik",64.15,-21.94,64.5,-21.875,2065,1,-6.95
"Reykjavik",64.15,-21.94,64.5,-21.875,2065,2,-1.83
"Reykjavik",64.15,-21.94,64.5,-21.875,2065,3,-3.02
"Reykjavik",64.15,-21.94,64.5,-21.875,2065,4,1.18
"Reykjavik",64.15,-21.94,64.5,-21.875,2065,5,7.23
"Reykjavik",64.15,-21.94,64.5,-21.875,2065,6,9.92
"Reykjavik",64.15,-21.94,64.5,-21.875,2065,7,11.98
"Reykjavik",64.15,-21.94,64.5,-21.875,2065,8,10.37
"Reykjavik",64.15,-21.94,64.5,-21.875,2065,9,8.49
"Reykjavik",64.15,-21.94,64.5,-21.875,2065,10,6.31
"Reykjavik",64.15,-21.94,64.5,-21.875,2065,11,3.07
"Reykjavik",64.15,-21.94,64.5,-21.875,2065,12,0.6
"Reykjavik",64.15,-21.94,64.5,-21.875,2066,1,-9.82
"Reykjavik",64.15,-21.94,64.5,-21.875,2066,2,-5.65
"Reykjavik",64.15,-21.94,64.5,-21.875,2066,3,-4.9
"Reykjavik",64.15,-21.94,64.5,-21.875,2066,4,1.67
"Reykjavik",64.15,-21.94,64.5,-21.875,2066,5,6.3
"Reykjavik",64.15,-21.94,64.5,-21.875,2066,6,8.1
"Reykjavik",64.15,-21.94,64.5,-21.875,2066,7,10.82
"Reykjavik",64.15,-21.94,64.5,-21.875,2066,8,10.21
"Reykjavik",64.15,-21.94,64.5,-21.875,2066,9,6.36
"Reykjavik",64.15,-21.94,64.5,-21.875,2066,10,3.22
"Reykjavik",64.15,-21.94,64.5,-21.875,2066,11,4.6
"Reykjavik",64.15,-21.94,64.5,-21.875,2066,12,-1.02
"Reykjavik",64.15,-21.94,64.5,-21.875,2067,1,-1.42
"Reykjavik",64.15,-21.94,64.5,-21.875,2067,2,-1.52
"Reykjavik",64.15,-21.94,64.5,-21.875,2067,3,-1.88
"Reykjavik",64.15,-21.94,64.5,-21.875,2067,4,1.98
"Reykjavik",64.15,-21.94,64.5,-21.875,2067,5,5.61
"Reykjavik",64.15,-21.94,64.5,-21.875,2067,6,9.39
"Reykjavik",64.15,-21.94,64.5,-21.875,2067,7,10.33
"Reykjavik",64.15,-21.94,64.5,-21.875,2067,8,9.47
"Reykjavik",64.15,-21.94,64.5,-21.875,2067,9,7.61
"Reykjavik",64.15,-21.94,64.5,-21.875,2067,10,3.6
"Reykjavik",64.15,-21.94,64.5,-21.875,2067,11,-0.86
"Reykjavik",64.15,-21.94,64.5,-21.875,2067,12,-0.17
"Reykjavik",64.15,-21.94,64.5,-21.875,2068,1,-3.24
"Reykjavik",64.15,-21.94,64.5,-21.875,2068,2,-1.64
"Reykjavik",64.15,-21.94,64.5,-21.875,2068,3,-0.23
"Reykjavik",64.15,-21.94,64.5,-21.875,2068,4,3.32
"Reykjavik",64.15,-21.94,64.5,-21.875,2068,5,5.19
"Reykjavik",64.15,-21.94,64.5,-21.875,2068,6,7.88
"Reykjavik",64.15,-21.94,64.5,-21.875,2068,7,10.42
"Reykjavik",64.15,-21.94,64.5,-21.875,2068,8,10.05
"Reykjavik",64.15,-21.94,64.5,-21.875,2068,9,6.44
"Reykjavik",64.15,-21.94,64.5,-21.875,2068,10,3.35
"Reykjavik",64.15,-21.94,64.5,-21.875,2068,11,2.99
"Reykjavik",64.15,-21.94,64.5,-21.875,2068,12,-4.31
"Reykjavik",64.15,-21.94,64.5,-21.875,2069,1,-1.75
"Reykjavik",64.15,-21.94,64.5,-21.875,2069,2,-3.9
"Reykjavik",64.15,-21.94,64.5,-21.875,2069,3,-2.22
"Reykjavik",64.15,-21.94,64.5,-21.875,2069,4,4.19
"Reykjavik",64.15,-21.94,64.5,-21.875,2069,5,5.07
"Reykjavik",64.15,-21.94,64.5,-21.875,2069,6,8.58
"Reykjavik",64.15,-21.94,64.5,-21.875,2069,7,10.54
"Reykjavik",64.15,-21.94,64.5,-21.875,2069,8,9.99
"Reykjavik",64.15,-21.94,64.5,-21.875,2069,9,9.23
"Reykjavik",64.15,-21.94,64.5,-21.875,2069,10,5.23
"Reykjavik",64.15,-21.94,64.5,-21.875,2069,11,3.17
"Reykjavik",64.15,-21.94,64.5,-21.875,2069,12,-3.25
"Reykjavik",64.15,-21.94,64.5,-21.875,2070,1,-4.68
"Reykjavik",64.15,-21.94,64.5,-21.875,2070,2,-4.56
"Reykjavik",64.15,-21.94,64.5,-21.875,2070,3,-3.05
"Reykjavik",64.15,-21.94,64.5,-21.875,2070,4,0.31
"Reykjavik",64.15,-21.94,64.5,-21.875,2070,5,6.85
"Reykjavik",64.15,-21.94,64.5,-21.875,2070,6,7.74
"Reykjavik",64.15,-21.94,64.5,-21.875,2070,7,9.98
"Reykjavik",64.15,-21.94,64.5,-21.875,2070,8,9.68
"Reykjavik",64.15,-21.94,64.5,-21.875,2070,9,7.86
"Reykjavik",64.15,-21.94,64.5,-21.875,2070,10,2.26
"Reykjavik",64.15,-21.94,64.5,-21.875,2070,11,2.17
"Reykjavik",64.15,-21.94,64.5,-21.875,2070,12,-3.67
"Reykjavik",64.15,-21.94,64.5,-21.875,2071,1,-5.18
"Reykjavik",64.15,-21.94,64.5,-21.875,2071,2,0.02
"Reykjavik",64.15,-21.94,64.5,-21.875,2071,3,-3.26
"Reykjavik",64.15,-21.94,64.5,-21.875,2071,4,1.31
"Reykjavik",64.15,-21.94,64.5,-21.875,2071,5,7.2
"Reykjavik",64.15,-21.94,64.5,-21.875,2071,6,10.06
"Reykjavik",64.15,-21.94,64.5,-21.875,2071,7,12.33
"Reykjavik",64.15,-21.94,64.5,-21.875,2071,8,9.88
"Reykjavik",64.15,-21.94,64.5,-21.875,2071,9,7.51
"Reykjavik",64.15,-21.94,64.5,-21.875,2071,10,4.99
"Reykjavik",64.15,-21.94,64.5,-21.875,2071,11,-0.32
"Reykjavik",64.15,-21.94,64.5,-21.875,2071,12,1.12
"Reykjavik",64.15,-21.94,64.5,-21.875,2072,1,-3.22
"Reykjavik",64.15,-21.94,64.5,-21.875,2072,2,-4.75
"Reykjavik",64.15,-21.94,64.5,-21.875,2072,3,1.78
"Reykjavik",64.15,-21.94,64.5,-21.875,2072,4,1.5
"Reykjavik",64.15,-21.94,64.5,-21.875,2072,5,5.07
"Reykjavik",64.15,-21.94,64.5,-21.875,2072,6,10.05
"Reykjavik",64.15,-21.94,64.5,-21.875,2072,7,9.78
"Reykjavik",64.15,-21.94,64.5,-21.875,2072,8,11.13
"Reykjavik",64.15,-21.94,64.5,-21.875,2072,9,10.39
"Reykjavik",64.15,-21.94,64.5,-21.875,2072,10,4.83
"Reykjavik",64.15,-21.94,64.5,-21.875,2072,11,3.14
"Reykjavik",64.15,-21.94,64.5,-21.875,2072,12,-0.66
"Reykjavik",64.15,-21.94,64.5,-21.875,2073,1,-3.03
"Reykjavik",64.15,-21.94,64.5,-21.875,2073,2,-2.66
"Reykjavik",64.15,-21.94,64.5,-21.875,2073,3,1.07
"Reykjavik",64.15,-21.94,64.5,-21.875,2073,4,2.82
"Reykjavik",64.15,-21.94,64.5,-21.875,2073,5,7.01
"Reykjavik",64.15,-21.94,64.5,-21.875,2073,6,8.52
"Reykjavik",64.15,-21.94,64.5,-21.875,2073,7,12.15
"Reykjavik",64.15,-21.94,64.5,-21.875,2073,8,10.93
"Reykjavik",64.15,-21.94,64.5,-21.875,2073,9,8.72
"Reykjavik",64.15,-21.94,64.5,-21.875,2073,10,3.3
"Reykjavik",64.15,-21.94,64.5,-21.875,2073,11,4.43
"Reykjavik",64.15,-21.94,64.5,-21.875,2073,12,-3.05
"Reykjavik",64.15,-21.94,64.5,-21.875,2074,1,-2.62
"Reykjavik",64.15,-21.94,64.5,-21.875,2074,2,-2.77
"Reykjavik",64.15,-21.94,64.5,-21.875,2074,3,-2.14
"Reykjavik",64.15,-21.94,64.5,-21.875,2074,4,-1.15
"Reykjavik",64.15,-21.94,64.5,-21.875,2074,5,5.48
"Reykjavik",64.15,-21.94,64.5,-21.875,2074,6,8.1
"Reykjavik",64.15,-21.94,64.5,-21.875,2074,7,12.45
"Reykjavik",64.15,-21.94,64.5,-21.875,2074,8,10.77
"Reykjavik",64.15,-21.94,64.5,-21.875,2074,9,7.49
"Reykjavik",64.15,-21.94,64.5,-21.875,2074,10,5.06
"Reykjavik",64.15,-21.94,64.5,-21.875,2074,11,3.33
"Reykjavik",64.15,-21.94,64.5,-21.875,2074,12,-0.16
"Reykjavik",64.15,-21.94,64.5,-21.875,2075,1,-2.59
"Reykjavik",64.15,-21.94,64.5,-21.875,2075,2,-1.76
"Reykjavik",64.15,-21.94,64.5,-21.875,2075,3,-2.14
"Reykjavik",64.15,-21.94,64.5,-21.875,2075,4,4.33
"Reykjavik",64.15,-21.94,64.5,-21.875,2075,5,8.19
"Reykjavik",64.15,-21.94,64.5,-21.875,2075,6,10.51
"Reykjavik",64.15,-21.94,64.5,-21.875,2075,7,12.34
"Reykjavik",64.15,-21.94,64.5,-21.875,2075,8,10.67
"Reykjavik",64.15,-21.94,64.5,-21.875,2075,9,8.39
"Reykjavik",64.15,-21.94,64.5,-21.875,2075,10,5.81
"Reykjavik",64.15,-21.94,64.5,-21.875,2075,11,3.67
"Reykjavik",64.15,-21.94,64.5,-21.875,2075,12,1.3
"Reykjavik",64.15,-21.94,64.5,-21.875,2076,1,-7.75
"Reykjavik",64.15,-21.94,64.5,-21.875,2076,2,-4.46
"Reykjavik",64.15,-21.94,64.5,-21.875,2076,3,1.13
"Reykjavik",64.15,-21.94,64.5,-21.875,2076,4,3.94
"Reykjavik",64.15,-21.94,64.5,-21.875,2076,5,7.02
"Reykjavik",64.15,-21.94,64.5,-21.875,2076,6,10.13
"Reykjavik",64.15,-21.94,64.5,-21.875,2076,7,10.94
"Reykjavik",64.15,-21.94,64.5,-21.875,2076,8,10.51
"Reykjavik",64.15,-21.94,64.5,-21.875,2076,9,8.68
"Reykjavik",64.15,-21.94,64.5,-21.875,2076,10,6.5
"Reykjavik",64.15,-21.94,64.5,-21.875,2076,11,2.57
"Reykjavik",64.15,-21.94,64.5,-21.875,2076,12,4.71
"Reykjavik",64.15,-21.94,64.5,-21.875,2077,1,-2.48
"Reykjavik",64.15,-21.94,64.5,-21.875,2077,2,2.97
"Reykjavik",64.15,-21.94,64.5,-21.875,2077,3,-2.1
"Reykjavik",64.15,-21.94,64.5,-21.875,2077,4,0.98
"Reykjavik",64.15,-21.94,64.5,-21.875,2077,5,7.32
"Reykjavik",64.15,-21.94,64.5,-21.875,2077,6,8.58
"Reykjavik",64.15,-21.94,64.5,-21.875,2077,7,10.46
"Reykjavik",64.15,-21.94,64.5,-21.875,2077,8,12.72
"Reykjavik",64.15,-21.94,64.5,-21.875,2077,9,8.19
"Reykjavik",64.15,-21.94,64.5,-21.875,2077,10,7.9
"Reykjavik",64.15,-21.94,64.5,-21.875,2077,11,2.45
"Reykjavik",64.15,-21.94,64.5,-21.875,2077,12,0.09
"Reykjavik",64.15,-21.94,64.5,-21.875,2078,1,-4.68
"Reykjavik",64.15,-21.94,64.5,-21.875,2078,2,-5.66
"Reykjavik",64.15,-21.94,64.5,-21.875,2078,3,-1.03
"Reykjavik",64.15,-21.94,64.5,-21.875,2078,4,3.11
"Reykjavik",64.15,-21.94,64.5,-21.875,2078,5,5.97
"Reykjavik",64.15,-21.94,64.5,-21.875,2078,6,11.25
"Reykjavik",64.15,-21.94,64.5,-21.875,2078,7,10.87
"Reykjavik",64.15,-21.94,64.5,-21.875,2078,8,11.87
"Reykjavik",64.15,-21.94,64.5,-21.875,2078,9,9.75
"Reykjavik",64.15,-21.94,64.5,-21.875,2078,10,6.97
"Reykjavik",64.15,-21.94,64.5,-21.875,2078,11,6.65
"Reykjavik",64.15,-21.94,64.5,-21.875,2078,12,1.18
"Reykjavik",64.15,-21.94,64.5,-21.875,2079,1,-2.45
"Reykjavik",64.15,-21.94,64.5,-21.875,2079,2,-2.82
"Reykjavik",64.15,-21.94,64.5,-21.875,2079,3,-3.4
"Reykjavik",64.15,-21.94,64.5,-21.875,2079,4,-0.18
"Reykjavik",64.15,-21.94,64.5,-21.875,2079,5,7.43
"Reykjavik",64.15,-21.94,64.5,-21.875,2079,6,11.95
"Reykjavik",64.15,-21.94,64.5,-21.875,2079,7,12.82
"Reykjavik",64.15,-21.94,64.5,-21.875,2079,8,10.79
"Reykjavik",64.15,-21.94,64.5,-21.875,2079,9,9.19
"Reykjavik",64.15,-21.94,64.5,-21.875,2079,10,5.31
"Reykjavik",64.15,-21.94,64.5,-21.875,2079,11,2
"Reykjavik",64.15,-21.94,64.5,-21.875,2079,12,-1.76
"Reykjavik",64.15,-21.94,64.5,-21.875,2080,1,-3.63
"Reykjavik",64.15,-21.94,64.5,-21.875,2080,2,-2.56
"Reykjavik",64.15,-21.94,64.5,-21.875,2080,3,2.17
"Reykjavik",64.15,-21.94,64.5,-21.875,2080,4,1.87
"Reykjavik",64.15,-21.94,64.5,-21.875,2080,5,6.22
"Reykjavik",64.15,-21.94,64.5,-21.875,2080,6,10.27
"Reykjavik",64.15,-21.94,64.5,-21.875,2080,7,11.96
"Reykjavik",64.15,-21.94,64.5,-21.875,2080,8,12.55
"Reykjavik",64.15,-21.94,64.5,-21.875,2080,9,7.98
"Reykjavik",64.15,-21.94,64.5,-21.875,2080,10,7.63
"Reykjavik",64.15,-21.94,64.5,-21.875,2080,11,5.11
"Reykjavik",64.15,-21.94,64.5,-21.875,2080,12,2.18
"Reykjavik",64.15,-21.94,64.5,-21.875,2081,1,1.37
"Reykjavik",64.15,-21.94,64.5,-21.875,2081,2,0.63
"Reykjavik",64.15,-21.94,64.5,-21.875,2081,3,1.92
"Reykjavik",64.15,-21.94,64.5,-21.875,2081,4,3.75
"Reykjavik",64.15,-21.94,64.5,-21.875,2081,5,5.22
"Reykjavik",64.15,-21.94,64.5,-21.875,2081,6,10.64
"Reykjavik",64.15,-21.94,64.5,-21.875,2081,7,11.38
"Reykjavik",64.15,-21.94,64.5,-21.875,2081,8,11.92
"Reykjavik",64.15,-21.94,64.5,-21.875,2081,9,9.51
"Reykjavik",64.15,-21.94,64.5,-21.875,2081,10,5.7
"Reykjavik",64.15,-21.94,64.5,-21.875,2081,11,1.51
"Reykjavik",64.15,-21.94,64.5,-21.875,2081,12,-0.39
"Reykjavik",64.15,-21.94,64.5,-21.875,2082,1,-0.34
"Reykjavik",64.15,-21.94,64.5,-21.875,2082,2,-1.24
"Reykjavik",64.15,-21.94,64.5,-21.875,2082,3,-0.96
"Reykjavik",64.15,-21.94,64.5,-21.875,2082,4,3.04
"Reykjavik",64.15,-21.94,64.5,-21.875,2082,5,7.26
"Reykjavik",64.15,-21.94,64.5,-21.875,2082,6,12.48
"Reykjavik",64.15,-21.94,64.5,-21.875,2082,7,11.67
"Reykjavik",64.15,-21.94,64.5,-21.875,2082,8,12.02
"Reykjavik",64.15,-21.94,64.5,-21.875,2082,9,10.54
"Reykjavik",64.15,-21.94,64.5,-21.875,2082,10,5.52
"Reykjavik",64.15,-21.94,64.5,-21.875,2082,11,1.24
"Reykjavik",64.15,-21.94,64.5,-21.875,2082,12,-1.28
"Reykjavik",64.15,-21.94,64.5,-21.875,2083,1,-0.12
"Reykjavik",64.15,-21.94,64.5,-21.875,2083,2,-2.59
"Reykjavik",64.15,-21.94,64.5,-21.875,2083,3,-2.05
"Reykjavik",64.15,-21.94,64.5,-21.875,2083,4,2.12
"Reykjavik",64.15,-21.94,64.5,-21.875,2083,5,6.03
"Reykjavik",64.15,-21.94,64.5,-21.875,2083,6,8.94
"Reykjavik",64.15,-21.94,64.5,-21.875,2083,7,11.99
"Reykjavik",64.15,-21.94,64.5,-21.875,2083,8,10.66
"Reykjavik",64.15,-21.94,64.5,-21.875,2083,9,10.12
"Reykjavik",64.15,-21.94,64.5,-21.875,2083,10,7.3
"Reykjavik",64.15,-21.94,64.5,-21.875,2083,11,2.96
"Reykjavik",64.15,-21.94,64.5,-21.875,2083,12,0.36
"Reykjavik",64.15,-21.94,64.5,-21.875,2084,1,-7.35
"Reykjavik",64.15,-21.94,64.5,-21.875,2084,2,-0.3
"Reykjavik",64.15,-21.94,64.5,-21.875,2084,3,4.3
"Reykjavik",64.15,-21.94,64.5,-21.875,2084,4,0.78
"Reykjavik",64.15,-21.94,64.5,-21.875,2084,5,7.56
"Reykjavik",64.15,-21.94,64.5,-21.875,2084,6,10.14
"Reykjavik",64.15,-21.94,64.5,-21.875,2084,7,11.22
"Reykjavik",64.15,-21.94,64.5,-21.875,2084,8,12.31
"Reykjavik",64.15,-21.94,64.5,-21.875,2084,9,9.27
"Reykjavik",64.15,-21.94,64.5,-21.875,2084,10,5.97
"Reykjavik",64.15,-21.94,64.5,-21.875,2084,11,2.37
"Reykjavik",64.15,-21.94,64.5,-21.875,2084,12,0.78
"Reykjavik",64.15,-21.94,64.5,-21.875,2085,1,-6.11
"Reykjavik",64.15,-21.94,64.5,-21.875,2085,2,-0.36
"Reykjavik",64.15,-21.94,64.5,-21.875,2085,3,0.32
"Reykjavik",64.15,-21.94,64.5,-21.875,2085,4,2.76
"Reykjavik",64.15,-21.94,64.5,-21.875,2085,5,6.72
"Reykjavik",64.15,-21.94,64.5,-21.875,2085,6,10.14
"Reykjavik",64.15,-21.94,64.5,-21.875,2085,7,12.26
"Reykjavik",64.15,-21.94,64.5,-21.875,2085,8,11.39
"Reykjavik",64.15,-21.94,64.5,-21.875,2085,9,10.31
"Reykjavik",64.15,-21.94,64.5,-21.875,2085,10,4.74
"Reykjavik",64.15,-21.94,64.5,-21.875,2085,11,2.26
"Reykjavik",64.15,-21.94,64.5,-21.875,2085,12,-0.87
"Reykjavik",64.15,-21.94,64.5,-21.875,2086,1,0.66
"Reykjavik",64.15,-21.94,64.5,-21.875,2086,2,-0.22
"Reykjavik",64.15,-21.94,64.5,-21.875,2086,3,1.52
"Reykjavik",64.15,-21.94,64.5,-21.875,2086,4,2.6
"Reykjavik",64.15,-21.94,64.5,-21.875,2086,5,7.68
"Reykjavik",64.15,-21.94,64.5,-21.875,2086,6,9.94
"Reykjavik",64.15,-21.94,64.5,-21.875,2086,7,12.91
"Reykjavik",64.15,-21.94,64.5,-21.875,2086,8,10.63
"Reykjavik",64.15,-21.94,64.5,-21.875,2086,9,8.42
"Reykjavik",64.15,-21.94,64.5,-21.875,2086,10,5.91
"Reykjavik",64.15,-21.94,64.5,-21.875,2086,11,5.31
"Reykjavik",64.15,-21.94,64.5,-21.875,2086,12,-0.06
"Reykjavik",64.15,-21.94,64.5,-21.875,2087,1,-4.71
"Reykjavik",64.15,-21.94,64.5,-21.875,2087,2,-2.7
"Reykjavik",64.15,-21.94,64.5,-21.875,2087,3,1.09
"Reykjavik",64.15,-21.94,64.5,-21.875,2087,4,4.25
"Reykjavik",64.15,-21.94,64.5,-21.875,2087,5,8.17
"Reykjavik",64.15,-21.94,64.5,-21.875,2087,6,10.15
"Reykjavik",64.15,-21.94,64.5,-21.875,2087,7,11.02
"Reykjavik",64.15,-21.94,64.5,-21.875,2087,8,11.35
"Reykjavik",64.15,-21.94,64.5,-21.875,2087,9,8.6
"Reykjavik",64.15,-21.94,64.5,-21.875,2087,10,5.51
"Reykjavik",64.15,-21.94,64.5,-21.875,2087,11,5.3
"Reykjavik",64.15,-21.94,64.5,-21.875,2087,12,-1.01
"Reykjavik",64.15,-21.94,64.5,-21.875,2088,1,0.29
"Reykjavik",64.15,-21.94,64.5,-21.875,2088,2,-0.94
"Reykjavik",64.15,-21.94,64.5,-21.875,2088,3,-4.85
"Reykjavik",64.15,-21.94,64.5,-21.875,2088,4,2.15
"Reykjavik",64.15,-21.94,64.5,-21.875,2088,5,6.45
"Reykjavik",64.15,-21.94,64.5,-21.875,2088,6,9.71
"Reykjavik",64.15,-21.94,64.5,-21.875,2088,7,11.29
"Reykjavik",64.15,-21.94,64.5,-21.875,2088,8,10.48
"Reykjavik",64.15,-21.94,64.5,-21.875,2088,9,9.87
"Reykjavik",64.15,-21.94,64.5,-21.875,2088,10,7.26
"Reykjavik",64.15,-21.94,64.5,-21.875,2088,11,4.35
"Reykjavik",64.15,-21.94,64.5,-21.875,2088,12,-0.93
"Reykjavik",64.15,-21.94,64.5,-21.875,2089,1,-3.55
"Reykjavik",64.15,-21.94,64.5,-21.875,2089,2,-4.55
"Reykjavik",64.15,-21.94,64.5,-21.875,2089,3,-0.92
"Reykjavik",64.15,-21.94,64.5,-21.875,2089,4,2.08
"Reykjavik",64.15,-21.94,64.5,-21.875,2089,5,6.69
"Reykjavik",64.15,-21.94,64.5,-21.875,2089,6,10.52
"Reykjavik",64.15,-21.94,64.5,-21.875,2089,7,11.24
"Reykjavik",64.15,-21.94,64.5,-21.875,2089,8,10.96
"Reykjavik",64.15,-21.94,64.5,-21.875,2089,9,8.32
"Reykjavik",64.15,-21.94,64.5,-21.875,2089,10,6.24
"Reykjavik",64.15,-21.94,64.5,-21.875,2089,11,2.11
"Reykjavik",64.15,-21.94,64.5,-21.875,2089,12,0.34
"Reykjavik",64.15,-21.94,64.5,-21.875,2090,1,0.24
"Reykjavik",64.15,-21.94,64.5,-21.875,2090,2,-4.77
"Reykjavik",64.15,-21.94,64.5,-21.875,2090,3,-2.12
"Reykjavik",64.15,-21.94,64.5,-21.875,2090,4,2.36
"Reykjavik",64.15,-21.94,64.5,-21.875,2090,5,8.48
"Reykjavik",64.15,-21.94,64.5,-21.875,2090,6,9.87
"Reykjavik",64.15,-21.94,64.5,-21.875,2090,7,11.79
"Reykjavik",64.15,-21.94,64.5,-21.875,2090,8,11.82
"Reykjavik",64.15,-21.94,64.5,-21.875,2090,9,9.09
"Reykjavik",64.15,-21.94,64.5,-21.875,2090,10,6.91
"Reykjavik",64.15,-21.94,64.5,-21.875,2090,11,2.42
"Reykjavik",64.15,-21.94,64.5,-21.875,2090,12,-0.51
"Reykjavik",64.15,-21.94,64.5,-21.875,2091,1,-0.49
"Reykjavik",64.15,-21.94,64.5,-21.875,2091,2,-2.1
"Reykjavik",64.15,-21.94,64.5,-21.875,2091,3,-1.18
"Reykjavik",64.15,-21.94,64.5,-21.875,2091,4,0.31
"Reykjavik",64.15,-21.94,64.5,-21.875,2091,5,8.4
"Reykjavik",64.15,-21.94,64.5,-21.875,2091,6,10.16
"Reykjavik",64.15,-21.94,64.5,-21.875,2091,7,10.79
"Reykjavik",64.15,-21.94,64.5,-21.875,2091,8,10.97
"Reykjavik",64.15,-21.94,64.5,-21.875,2091,9,8.76
"Reykjavik",64.15,-21.94,64.5,-21.875,2091,10,6.47
"Reykjavik",64.15,-21.94,64.5,-21.875,2091,11,3.21
"Reykjavik",64.15,-21.94,64.5,-21.875,2091,12,1.5
"Reykjavik",64.15,-21.94,64.5,-21.875,2092,1,-1.64
"Reykjavik",64.15,-21.94,64.5,-21.875,2092,2,0.05
"Reykjavik",64.15,-21.94,64.5,-21.875,2092,3,-2.09
"Reykjavik",64.15,-21.94,64.5,-21.875,2092,4,0.2
"Reykjavik",64.15,-21.94,64.5,-21.875,2092,5,5.42
"Reykjavik",64.15,-21.94,64.5,-21.875,2092,6,11.19
"Reykjavik",64.15,-21.94,64.5,-21.875,2092,7,12.97
"Reykjavik",64.15,-21.94,64.5,-21.875,2092,8,11.76
"Reykjavik",64.15,-21.94,64.5,-21.875,2092,9,10.02
"Reykjavik",64.15,-21.94,64.5,-21.875,2092,10,4.26
"Reykjavik",64.15,-21.94,64.5,-21.875,2092,11,1.14
"Reykjavik",64.15,-21.94,64.5,-21.875,2092,12,0.06
"Reykjavik",64.15,-21.94,64.5,-21.875,2093,1,-0.64
"Reykjavik",64.15,-21.94,64.5,-21.875,2093,2,-5.75
"Reykjavik",64.15,-21.94,64.5,-21.875,2093,3,-3.08
"Reykjavik",64.15,-21.94,64.5,-21.875,2093,4,1.29
"Reykjavik",64.15,-21.94,64.5,-21.875,2093,5,5.32
"Reykjavik",64.15,-21.94,64.5,-21.875,2093,6,8.96
"Reykjavik",64.15,-21.94,64.5,-21.875,2093,7,10.93
"Reykjavik",64.15,-21.94,64.5,-21.875,2093,8,10.57
"Reykjavik",64.15,-21.94,64.5,-21.875,2093,9,7.38
"Reykjavik",64.15,-21.94,64.5,-21.875,2093,10,6.4
"Reykjavik",64.15,-21.94,64.5,-21.875,2093,11,1.74
"Reykjavik",64.15,-21.94,64.5,-21.875,2093,12,-2.64
"Reykjavik",64.15,-21.94,64.5,-21.875,2094,1,-0.41
"Reykjavik",64.15,-21.94,64.5,-21.875,2094,2,-1.38
"Reykjavik",64.15,-21.94,64.5,-21.875,2094,3,-1.63
"Reykjavik",64.15,-21.94,64.5,-21.875,2094,4,2.97
"Reykjavik",64.15,-21.94,64.5,-21.875,2094,5,6.38
"Reykjavik",64.15,-21.94,64.5,-21.875,2094,6,9
"Reykjavik",64.15,-21.94,64.5,-21.875,2094,7,11.23
"Reykjavik",64.15,-21.94,64.5,-21.875,2094,8,10.69
"Reykjavik",64.15,-21.94,64.5,-21.875,2094,9,8.09
"Reykjavik",64.15,-21.94,64.5,-21.875,2094,10,5.52
"Reykjavik",64.15,-21.94,64.5,-21.875,2094,11,1.95
"Reykjavik",64.15,-21.94,64.5,-21.875,2094,12,0.23
"Reykjavik",64.15,-21.94,64.5,-21.875,2095,1,-4.58
"Reykjavik",64.15,-21.94,64.5,-21.875,2095,2,-6.33
"Reykjavik",64.15,-21.94,64.5,-21.875,2095,3,-2.39
"Reykjavik",64.15,-21.94,64.5,-21.875,2095,4,3.15
"Reykjavik",64.15,-21.94,64.5,-21.875,2095,5,10.26
"Reykjavik",64.15,-21.94,64.5,-21.875,2095,6,12.81
"Reykjavik",64.15,-21.94,64.5,-21.875,2095,7,13
"Reykjavik",64.15,-21.94,64.5,-21.875,2095,8,12.1
"Reykjavik",64.15,-21.94,64.5,-21.875,2095,9,8.53
"Reykjavik",64.15,-21.94,64.5,-21.875,2095,10,7.2
"Reykjavik",64.15,-21.94,64.5,-21.875,2095,11,3.18
"Reykjavik",64.15,-21.94,64.5,-21.875,2095,12,-1.08
"Reykjavik",64.15,-21.94,64.5,-21.875,2096,1,-1.01
"Reykjavik",64.15,-21.94,64.5,-21.875,2096,2,-3.17
"Reykjavik",64.15,-21.94,64.5,-21.875,2096,3,-0.49
"Reykjavik",64.15,-21.94,64.5,-21.875,2096,4,1.44
"Reykjavik",64.15,-21.94,64.5,-21.875,2096,5,5.29
"Reykjavik",64.15,-21.94,64.5,-21.875,2096,6,9.79
"Reykjavik",64.15,-21.94,64.5,-21.875,2096,7,11.44
"Reykjavik",64.15,-21.94,64.5,-21.875,2096,8,11.89
"Reykjavik",64.15,-21.94,64.5,-21.875,2096,9,9
"Reykjavik",64.15,-21.94,64.5,-21.875,2096,10,6.12
"Reykjavik",64.15,-21.94,64.5,-21.875,2096,11,4.63
"Reykjavik",64.15,-21.94,64.5,-21.875,2096,12,0.6
"Reykjavik",64.15,-21.94,64.5,-21.875,2097,1,-1.87
"Reykjavik",64.15,-21.94,64.5,-21.875,2097,2,-2.31
"Reykjavik",64.15,-21.94,64.5,-21.875,2097,3,1.53
"Reykjavik",64.15,-21.94,64.5,-21.875,2097,4,4.93
"Reykjavik",64.15,-21.94,64.5,-21.875,2097,5,5.04
"Reykjavik",64.15,-21.94,64.5,-21.875,2097,6,8.1
"Reykjavik",64.15,-21.94,64.5,-21.875,2097,7,12.7
"Reykjavik",64.15,-21.94,64.5,-21.875,2097,8,10.75
"Reykjavik",64.15,-21.94,64.5,-21.875,2097,9,8.84
"Reykjavik",64.15,-21.94,64.5,-21.875,2097,10,5.9
"Reykjavik",64.15,-21.94,64.5,-21.875,2097,11,4.61
"Reykjavik",64.15,-21.94,64.5,-21.875,2097,12,-0.59
"Reykjavik",64.15,-21.94,64.5,-21.875,2098,1,0.03
"Reykjavik",64.15,-21.94,64.5,-21.875,2098,2,-4.51
"Reykjavik",64.15,-21.94,64.5,-21.875,2098,3,1.31
"Reykjavik",64.15,-21.94,64.5,-21.875,2098,4,3.67
"Reykjavik",64.15,-21.94,64.5,-21.875,2098,5,7.69
"Reykjavik",64.15,-21.94,64.5,-21.875,2098,6,10.14
"Reykjavik",64.15,-21.94,64.5,-21.875,2098,7,12.62
"Reykjavik",64.15,-21.94,64.5,-21.875,2098,8,11.98
"Reykjavik",64.15,-21.94,64.5,-21.875,2098,9,7.61
"Reykjavik",64.15,-21.94,64.5,-21.875,2098,10,6.21
"Reykjavik",64.15,-21.94,64.5,-21.875,2098,11,1.45
"Reykjavik",64.15,-21.94,64.5,-21.875,2098,12,4.9
"Reykjavik",64.15,-21.94,64.5,-21.875,2099,1,1.29
"Reykjavik",64.15,-21.94,64.5,-21.875,2099,2,-0.31
"Reykjavik",64.15,-21.94,64.5,-21.875,2099,3,0.19
"Reykjavik",64.15,-21.94,64.5,-21.875,2099,4,2.54
"Reykjavik",64.15,-21.94,64.5,-21.875,2099,5,6.76
"Reykjavik",64.15,-21.94,64.5,-21.875,2099,6,9.71
"Reykjavik",64.15,-21.94,64.5,-21.875,2099,7,11.04
"Reykjavik",64.15,-21.94,64.5,-21.875,2099,8,12.16
"Reykjavik",64.15,-21.94,64.5,-21.875,2099,9,9.13
"Reykjavik",64.15,-21.94,64.5,-21.875,2099,10,6.56
"Reykjavik",64.15,-21.94,64.5,-21.875,2099,11,2.34
"Reykjavik",64.15,-21.94,64.5,-21.875,2099,12,2.48
"Reykjavik",64.15,-21.94,64.5,-21.875,2100,1,-3.04
"Reykjavik",64.15,-21.94,64.5,-21.875,2100,2,-3.91
"Reykjavik",64.15,-21.94,64.5,-21.875,2100,3,1.24
"Reykjavik",64.15,-21.94,64.5,-21.875,2100,4,3
"Reykjavik",64.15,-21.94,64.5,-21.875,2100,5,8.01
"Reykjavik",64.15,-21.94,64.5,-21.875,2100,6,9.59
"Reykjavik",64.15,-21.94,64.5,-21.875,2100,7,12.57
"Reykjavik",64.15,-21.94,64.5,-21.875,2100,8,11.54
"Reykjavik",64.15,-21.94,64.5,-21.875,2100,9,9.14
"Reykjavik",64.15,-21.94,64.5,-21.875,2100,10,4.73
"Reykjavik",64.15,-21.94,64.5,-21.875,2100,11,2.32
"Reykjavik",64.15,-21.94,64.5,-21.875,2100,12,0.05
"Longyearbyen",78.22,15.63,78.5,15.625,2015,1,-21.34
"Longyearbyen",78.22,15.63,78.5,15.625,2015,2,-17.06
"Longyearbyen",78.22,15.63,78.5,15.625,2015,3,-24.23
"Longyearbyen",78.22,15.63,78.5,15.625,2015,4,-16.4
"Longyearbyen",78.22,15.63,78.5,15.625,2015,5,-6.54
"Longyearbyen",78.22,15.63,78.5,15.625,2015,6,-1.26
"Longyearbyen",78.22,15.63,78.5,15.625,2015,7,0
"Longyearbyen",78.22,15.63,78.5,15.625,2015,8,0
"Longyearbyen",78.22,15.63,78.5,15.625,2015,9,-2.35
"Longyearbyen",78.22,15.63,78.5,15.625,2015,10,-9.42
"Longyearbyen",78.22,15.63,78.5,15.625,2015,11,-18.63
"Longyearbyen",78.22,15.63,78.5,15.625,2015,12,-24.24
"Longyearbyen",78.22,15.63,78.5,15.625,2016,1,-20.41
"Longyearbyen",78.22,15.63,78.5,15.625,2016,2,-21.67
"Longyearbyen",78.22,15.63,78.5,15.625,2016,3,-25.4
"Longyearbyen",78.22,15.63,78.5,15.625,2016,4,-21.66
"Longyearbyen",78.22,15.63,78.5,15.625,2016,5,-8.89
"Longyearbyen",78.22,15.63,78.5,15.625,2016,6,-0.46
"Longyearbyen",78.22,15.63,78.5,15.625,2016,7,0.09
"Longyearbyen",78.22,15.63,78.5,15.625,2016,8,-0.45
"Longyearbyen",78.22,15.63,78.5,15.625,2016,9,-2.25
"Longyearbyen",78.22,15.63,78.5,15.625,2016,10,-7.59
"Longyearbyen",78.22,15.63,78.5,15.625,2016,11,-17.96
"Longyearbyen",78.22,15.63,78.5,15.625,2016,12,-26.06
"Longyearbyen",78.22,15.63,78.5,15.625,2017,1,-17.26
"Longyearbyen",78.22,15.63,78.5,15.625,2017,2,-21.64
"Longyearbyen",78.22,15.63,78.5,15.625,2017,3,-20.57
"Longyearbyen",78.22,15.63,78.5,15.625,2017,4,-15.28
"Longyearbyen",78.22,15.63,78.5,15.625,2017,5,-5.87
"Longyearbyen",78.22,15.63,78.5,15.625,2017,6,-1.07
"Longyearbyen",78.22,15.63,78.5,15.625,2017,7,0.1
"Longyearbyen",78.22,15.63,78.5,15.625,2017,8,0.76
"Longyearbyen",78.22,15.63,78.5,15.625,2017,9,-4.88
"Longyearbyen",78.22,15.63,78.5,15.625,2017,10,-11.29
"Longyearbyen",78.22,15.63,78.5,15.625,2017,11,-14.16
"Longyearbyen",78.22,15.63,78.5,15.625,2017,12,-17.41
"Longyearbyen",78.22,15.63,78.5,15.625,2018,1,-23.7
"Longyearbyen",78.22,15.63,78.5,15.625,2018,2,-19.98
"Longyearbyen",78.22,15.63,78.5,15.625,2018,3,-15.55
"Longyearbyen",78.22,15.63,78.5,15.625,2018,4,-17.6
"Longyearbyen",78.22,15.63,78.5,15.625,2018,5,-4.19
"Longyearbyen",78.22,15.63,78.5,15.625,2018,6,-0.28
"Longyearbyen",78.22,15.63,78.5,15.625,2018,7,0.81
"Longyearbyen",78.22,15.63,78.5,15.625,2018,8,0.08
"Longyearbyen",78.22,15.63,78.5,15.625,2018,9,-5.12
"Longyearbyen",78.22,15.63,78.5,15.625,2018,10,-4.02
"Longyearbyen",78.22,15.63,78.5,15.625,2018,11,-10.38
"Longyearbyen",78.22,15.63,78.5,15.625,2018,12,-15.75
"Longyearbyen",78.22,15.63,78.5,15.625,2019,1,-25.77
"Longyearbyen",78.22,15.63,78.5,15.625,2019,2,-23.15
"Longyearbyen",78.22,15.63,78.5,15.625,2019,3,-13.44
"Longyearbyen",78.22,15.63,78.5,15.625,2019,4,-18.13
"Longyearbyen",78.22,15.63,78.5,15.625,2019,5,-8.43
"Longyearbyen",78.22,15.63,78.5,15.625,2019,6,-0.83
"Longyearbyen",78.22,15.63,78.5,15.625,2019,7,0.23
"Longyearbyen",78.22,15.63,78.5,15.625,2019,8,-0.25
"Longyearbyen",78.22,15.63,78.5,15.625,2019,9,-5.61
"Longyearbyen",78.22,15.63,78.5,15.625,2019,10,-7.99
"Longyearbyen",78.22,15.63,78.5,15.625,2019,11,-15.52
"Longyearbyen",78.22,15.63,78.5,15.625,2019,12,-13.91
"Longyearbyen",78.22,15.63,78.5,15.625,2020,1,-19.34
"Longyearbyen",78.22,15.63,78.5,15.625,2020,2,-15.02
"Longyearbyen",78.22,15.63,78.5,15.625,2020,3,-30
"Longyearbyen",78.22,15.63,78.5,15.625,2020,4,-18.93
"Longyearbyen",78.22,15.63,78.5,15.625,2020,5,-7.5
"Longyearbyen",78.22,15.63,78.5,15.625,2020,6,-0.55
"Longyearbyen",78.22,15.63,78.5,15.625,2020,7,-0.22
"Longyearbyen",78.22,15.63,78.5,15.625,2020,8,-1.07
"Longyearbyen",78.22,15.63,78.5,15.625,2020,9,-3.51
"Longyearbyen",78.22,15.63,78.5,15.625,2020,10,-10.45
"Longyearbyen",78.22,15.63,78.5,15.625,2020,11,-16.28
"Longyearbyen",78.22,15.63,78.5,15.625,2020,12,-7.37
"Longyearbyen",78.22,15.63,78.5,15.625,2021,1,-19.97
"Longyearbyen",78.22,15.63,78.5,15.625,2021,2,-19.2
"Longyearbyen",78.22,15.63,78.5,15.625,2021,3,-29.3
"Longyearbyen",78.22,15.63,78.5,15.625,2021,4,-13.17
"Longyearbyen",78.22,15.63,78.5,15.625,2021,5,-6.84
"Longyearbyen",78.22,15.63,78.5,15.625,2021,6,-1.3
"Longyearbyen",78.22,15.63,78.5,15.625,2021,7,0.35
"Longyearbyen",78.22,15.63,78.5,15.625,2021,8,0.47
"Longyearbyen",78.22,15.63,78.5,15.625,2021,9,-5.33
"Longyearbyen",78.22,15.63,78.5,15.625,2021,10,-9.68
"Longyearbyen",78.22,15.63,78.5,15.625,2021,11,-22.22
"Longyearbyen",78.22,15.63,78.5,15.625,2021,12,-28.84
"Longyearbyen",78.22,15.63,78.5,15.625,2022,1,-22.99
"Longyearbyen",78.22,15.63,78.5,15.625,2022,2,-27.65
"Longyearbyen",78.22,15.63,78.5,15.625,2022,3,-21.81
"Longyearbyen",78.22,15.63,78.5,15.625,2022,4,-15.68
"Longyearbyen",78.22,15.63,78.5,15.625,2022,5,-3.62
"Longyearbyen",78.22,15.63,78.5,15.625,2022,6,-1.05
"Longyearbyen",78.22,15.63,78.5,15.625,2022,7,0.68
"Longyearbyen",78.22,15.63,78.5,15.625,2022,8,0.34
"Longyearbyen",78.22,15.63,78.5,15.625,2022,9,-3.75
"Longyearbyen",78.22,15.63,78.5,15.625,2022,10,-4.54
"Longyearbyen",78.22,15.63,78.5,15.625,2022,11,-4.88
"Longyearbyen",78.22,15.63,78.5,15.625,2022,12,-22.1
"Longyearbyen",78.22,15.63,78.5,15.625,2023,1,-23.44
"Longyearbyen",78.22,15.63,78.5,15.625,2023,2,-16.23
"Longyearbyen",78.22,15.63,78.5,15.625,2023,3,-26.3
"Longyearbyen",78.22,15.63,78.5,15.625,2023,4,-12.21
"Longyearbyen",78.22,15.63,78.5,15.625,2023,5,-4.23
"Longyearbyen",78.22,15.63,78.5,15.625,2023,6,-1.06
"Longyearbyen",78.22,15.63,78.5,15.625,2023,7,0.08
"Longyearbyen",78.22,15.63,78.5,15.625,2023,8,-0.08
"Longyearbyen",78.22,15.63,78.5,15.625,2023,9,-4.32
"Longyearbyen",78.22,15.63,78.5,15.625,2023,10,-7.63
"Longyearbyen",78.22,15.63,78.5,15.625,2023,11,-21.2
"Longyearbyen",78.22,15.63,78.5,15.625,2023,12,-24.89
"Longyearbyen",78.22,15.63,78.5,15.625,2024,1,-21.08
"Longyearbyen",78.22,15.63,78.5,15.625,2024,2,-16.77
"Longyearbyen",78.22,15.63,78.5,15.625,2024,3,-20
"Longyearbyen",78.22,15.63,78.5,15.625,2024,4,-13.28
"Longyearbyen",78.22,15.63,78.5,15.625,2024,5,-5.36
"Longyearbyen",78.22,15.63,78.5,15.625,2024,6,-0.82
"Longyearbyen",78.22,15.63,78.5,15.625,2024,7,0.63
"Longyearbyen",78.22,15.63,78.5,15.625,2024,8,-0.12
"Longyearbyen",78.22,15.63,78.5,15.625,2024,9,-2.78
"Longyearbyen",78.22,15.63,78.5,15.625,2024,10,-8.54
"Longyearbyen",78.22,15.63,78.5,15.625,2024,11,-6.34
"Longyearbyen",78.22,15.63,78.5,15.625,2024,12,-8.9
"Longyearbyen",78.22,15.63,78.5,15.625,2025,1,-23.69
"Longyearbyen",78.22,15.63,78.5,15.625,2025,2,-23.79
"Longyearbyen",78.22,15.63,78.5,15.625,2025,3,-14.36
"Longyearbyen",78.22,15.63,78.5,15.625,2025,4,-8.85
"Longyearbyen",78.22,15.63,78.5,15.625,2025,5,-7.11
"Longyearbyen",78.22,15.63,78.5,15.625,2025,6,-0.18
"Longyearbyen",78.22,15.63,78.5,15.625,2025,7,1.43
"Longyearbyen",78.22,15.63,78.5,15.625,2025,8,1.07
"Longyearbyen",78.22,15.63,78.5,15.625,2025,9,-3.5
"Longyearbyen",78.22,15.63,78.5,15.625,2025,10,-8.22
"Longyearbyen",78.22,15.63,78.5,15.625,2025,11,-10.9
"Longyearbyen",78.22,15.63,78.5,15.625,2025,12,-10.97
"Longyearbyen",78.22,15.63,78.5,15.625,2026,1,-11.73
"Longyearbyen",78.22,15.63,78.5,15.625,2026,2,-18.83
"Longyearbyen",78.22,15.63,78.5,15.625,2026,3,-21.11
"Longyearbyen",78.22,15.63,78.5,15.625,2026,4,-15.09
"Longyearbyen",78.22,15.63,78.5,15.625,2026,5,-5.34
"Longyearbyen",78.22,15.63,78.5,15.625,2026,6,0.45
"Longyearbyen",78.22,15.63,78.5,15.625,2026,7,1.24
"Longyearbyen",78.22,15.63,78.5,15.625,2026,8,0.37
"Longyearbyen",78.22,15.63,78.5,15.625,2026,9,-1.44
"Longyearbyen",78.22,15.63,78.5,15.625,2026,10,-9.7
"Longyearbyen",78.22,15.63,78.5,15.625,2026,11,-13.95
"Longyearbyen",78.22,15.63,78.5,15.625,2026,12,-20.6
"Longyearbyen",78.22,15.63,78.5,15.625,2027,1,-26.53
"Longyearbyen",78.22,15.63,78.5,15.625,2027,2,-27.19
"Longyearbyen",78.22,15.63,78.5,15.625,2027,3,-19.11
"Longyearbyen",78.22,15.63,78.5,15.625,2027,4,-17.4
"Longyearbyen",78.22,15.63,78.5,15.625,2027,5,-6.65
"Longyearbyen",78.22,15.63,78.5,15.625,2027,6,-1.54
"Longyearbyen",78.22,15.63,78.5,15.625,2027,7,0.66
"Longyearbyen",78.22,15.63,78.5,15.625,2027,8,0.46
"Longyearbyen",78.22,15.63,78.5,15.625,2027,9,-2.59
"Longyearbyen",78.22,15.63,78.5,15.625,2027,10,-7.76
"Longyearbyen",78.22,15.63,78.5,15.625,2027,11,-19.01
"Longyearbyen",78.22,15.63,78.5,15.625,2027,12,-19.35
"Longyearbyen",78.22,15.63,78.5,15.625,2028,1,-24.13
"Longyearbyen",78.22,15.63,78.5,15.625,2028,2,-21.13
"Longyearbyen",78.22,15.63,78.5,15.625,2028,3,-24.2
"Longyearbyen",78.22,15.63,78.5,15.625,2028,4,-23.39
"Longyearbyen",78.22,15.63,78.5,15.625,2028,5,-7.43
"Longyearbyen",78.22,15.63,78.5,15.625,2028,6,-1.15
"Longyearbyen",78.22,15.63,78.5,15.625,2028,7,0.27
"Longyearbyen",78.22,15.63,78.5,15.625,2028,8,0.73
"Longyearbyen",78.22,15.63,78.5,15.625,2028,9,-1.37
"Longyearbyen",78.22,15.63,78.5,15.625,2028,10,-9.51
"Longyearbyen",78.22,15.63,78.5,15.625,2028,11,-22.52
"Longyearbyen",78.22,15.63,78.5,15.625,2028,12,-18.22
"Longyearbyen",78.22,15.63,78.5,15.625,2029,1,-21.51
"Longyearbyen",78.22,15.63,78.5,15.625,2029,2,-21.59
"Longyearbyen",78.22,15.63,78.5,15.625,2029,3,-27.48
"Longyearbyen",78.22,15.63,78.5,15.625,2029,4,-18.59
"Longyearbyen",78.22,15.63,78.5,15.625,2029,5,-7.77
"Longyearbyen",78.22,15.63,78.5,15.625,2029,6,-1.23
"Longyearbyen",78.22,15.63,78.5,15.625,2029,7,-0.09
"Longyearbyen",78.22,15.63,78.5,15.625,2029,8,-0.57
"Longyearbyen",78.22,15.63,78.5,15.625,2029,9,-4.59
"Longyearbyen",78.22,15.63,78.5,15.625,2029,10,-7.82
"Longyearbyen",78.22,15.63,78.5,15.625,2029,11,-22.4
"Longyearbyen",78.22,15.63,78.5,15.625,2029,12,-14.22
"Longyearbyen",78.22,15.63,78.5,15.625,2030,1,-26.07
"Longyearbyen",78.22,15.63,78.5,15.625,2030,2,-22
"Longyearbyen",78.22,15.63,78.5,15.625,2030,3,-26.31
"Longyearbyen",78.22,15.63,78.5,15.625,2030,4,-16.53
"Longyearbyen",78.22,15.63,78.5,15.625,2030,5,-7.92
"Longyearbyen",78.22,15.63,78.5,15.625,2030,6,-0.9
"Longyearbyen",78.22,15.63,78.5,15.625,2030,7,-0.29
"Longyearbyen",78.22,15.63,78.5,15.625,2030,8,-0.56
"Longyearbyen",78.22,15.63,78.5,15.625,2030,9,-1.18
"Longyearbyen",78.22,15.63,78.5,15.625,2030,10,-5
"Longyearbyen",78.22,15.63,78.5,15.625,2030,11,-11.74
"Longyearbyen",78.22,15.63,78.5,15.625,2030,12,-23.91
"Longyearbyen",78.22,15.63,78.5,15.625,2031,1,-19.83
"Longyearbyen",78.22,15.63,78.5,15.625,2031,2,-25.33
"Longyearbyen",78.22,15.63,78.5,15.625,2031,3,-24.51
"Longyearbyen",78.22,15.63,78.5,15.625,2031,4,-16.17
"Longyearbyen",78.22,15.63,78.5,15.625,2031,5,-3.72
"Longyearbyen",78.22,15.63,78.5,15.625,2031,6,0.24
"Longyearbyen",78.22,15.63,78.5,15.625,2031,7,1.64
"Longyearbyen",78.22,15.63,78.5,15.625,2031,8,0.31
"Longyearbyen",78.22,15.63,78.5,15.625,2031,9,-4.16
"Longyearbyen",78.22,15.63,78.5,15.625,2031,10,-6.65
"Longyearbyen",78.22,15.63,78.5,15.625,2031,11,-12.96
"Longyearbyen",78.22,15.63,78.5,15.625,2031,12,-20.77
"Longyearbyen",78.22,15.63,78.5,15.625,2032,1,-16.14
"Longyearbyen",78.22,15.63,78.5,15.625,2032,2,-25.34
"Longyearbyen",78.22,15.63,78.5,15.625,2032,3,-16.77
"Longyearbyen",78.22,15.63,78.5,15.625,2032,4,-10.61
"Longyearbyen",78.22,15.63,78.5,15.625,2032,5,-6.01
"Longyearbyen",78.22,15.63,78.5,15.625,2032,6,-0.32
"Longyearbyen",78.22,15.63,78.5,15.625,2032,7,0.12
"Longyearbyen",78.22,15.63,78.5,15.625,2032,8,1.2
"Longyearbyen",78.22,15.63,78.5,15.625,2032,9,1.01
"Longyearbyen",78.22,15.63,78.5,15.625,2032,10,-9.32
"Longyearbyen",78.22,15.63,78.5,15.625,2032,11,-15.21
"Longyearbyen",78.22,15.63,78.5,15.625,2032,12,-18.89
"Longyearbyen",78.22,15.63,78.5,15.625,2033,1,-21.91
"Longyearbyen",78.22,15.63,78.5,15.625,2033,2,-22.28
"Longyearbyen",78.22,15.63,78.5,15.625,2033,3,-23.24
"Longyearbyen",78.22,15.63,78.5,15.625,2033,4,-13.79
"Longyearbyen",78.22,15.63,78.5,15.625,2033,5,-7.78
"Longyearbyen",78.22,15.63,78.5,15.625,2033,6,-1.63
"Longyearbyen",78.22,15.63,78.5,15.625,2033,7,0.46
"Longyearbyen",78.22,15.63,78.5,15.625,2033,8,0.57
"Longyearbyen",78.22,15.63,78.5,15.625,2033,9,-1.66
"Longyearbyen",78.22,15.63,78.5,15.625,2033,10,-3.69
"Longyearbyen",78.22,15.63,78.5,15.625,2033,11,-11.02
"Longyearbyen",78.22,15.63,78.5,15.625,2033,12,-12.19
"Longyearbyen",78.22,15.63,78.5,15.625,2034,1,-19.83
"Longyearbyen",78.22,15.63,78.5,15.625,2034,2,-10.99
"Longyearbyen",78.22,15.63,78.5,15.625,2034,3,-15.81
"Longyearbyen",78.22,15.63,78.5,15.625,2034,4,-12.31
"Longyearbyen",78.22,15.63,78.5,15.625,2034,5,-3.65
"Longyearbyen",78.22,15.63,78.5,15.625,2034,6,-0.29
"Longyearbyen",78.22,15.63,78.5,15.625,2034,7,1.5
"Longyearbyen",78.22,15.63,78.5,15.625,2034,8,0.52
"Longyearbyen",78.22,15.63,78.5,15.625,2034,9,-1.28
"Longyearbyen",78.22,15.63,78.5,15.625,2034,10,-6.1
"Longyearbyen",78.22,15.63,78.5,15.625,2034,11,-10.78
"Longyearbyen",78.22,15.63,78.5,15.625,2034,12,-11.84
"Longyearbyen",78.22,15.63,78.5,15.625,2035,1,-14.85
"Longyearbyen",78.22,15.63,78.5,15.625,2035,2,-16.64
"Longyearbyen",78.22,15.63,78.5,15.625,2035,3,-14.93
"Longyearbyen",78.22,15.63,78.5,15.625,2035,4,-13.18
"Longyearbyen",78.22,15.63,78.5,15.625,2035,5,-4.97
"Longyearbyen",78.22,15.63,78.5,15.625,2035,6,-0.05
"Longyearbyen",78.22,15.63,78.5,15.625,2035,7,1.2
"Longyearbyen",78.22,15.63,78.5,15.625,2035,8,0.79
"Longyearbyen",78.22,15.63,78.5,15.625,2035,9,-1.61
"Longyearbyen",78.22,15.63,78.5,15.625,2035,10,-1.75
"Longyearbyen",78.22,15.63,78.5,15.625,2035,11,-11.27
"Longyearbyen",78.22,15.63,78.5,15.625,2035,12,-16.52
"Longyearbyen",78.22,15.63,78.5,15.625,2036,1,-24.04
"Longyearbyen",78.22,15.63,78.5,15.625,2036,2,-19.55
"Longyearbyen",78.22,15.63,78.5,15.625,2036,3,-18.8
"Longyearbyen",78.22,15.63,78.5,15.625,2036,4,-16.32
"Longyearbyen",78.22,15.63,78.5,15.625,2036,5,-4.69
"Longyearbyen",78.22,15.63,78.5,15.625,2036,6,-1.12
"Longyearbyen",78.22,15.63,78.5,15.625,2036,7,1.52
"Longyearbyen",78.22,15.63,78.5,15.625,2036,8,0.01
"Longyearbyen",78.22,15.63,78.5,15.625,2036,9,-2.14
"Longyearbyen",78.22,15.63,78.5,15.625,2036,10,-5.62
"Longyearbyen",78.22,15.63,78.5,15.625,2036,11,-11.49
"Longyearbyen",78.22,15.63,78.5,15.625,2036,12,-21.49
"Longyearbyen",78.22,15.63,78.5,15.625,2037,1,-20.63
"Longyearbyen",78.22,15.63,78.5,15.625,2037,2,-27.89
"Longyearbyen",78.22,15.63,78.5,15.625,2037,3,-22.18
"Longyearbyen",78.22,15.63,78.5,15.625,2037,4,-13.16
"Longyearbyen",78.22,15.63,78.5,15.625,2037,5,-5.01
"Longyearbyen",78.22,15.63,78.5,15.625,2037,6,-0.75
"Longyearbyen",78.22,15.63,78.5,15.625,2037,7,0.91
"Longyearbyen",78.22,15.63,78.5,15.625,2037,8,1.29
"Longyearbyen",78.22,15.63,78.5,15.625,2037,9,-1.94
"Longyearbyen",78.22,15.63,78.5,15.625,2037,10,-6.68
"Longyearbyen",78.22,15.63,78.5,15.625,2037,11,-7.11
"Longyearbyen",78.22,15.63,78.5,15.625,2037,12,-11.58
"Longyearbyen",78.22,15.63,78.5,15.625,2038,1,-24.46
"Longyearbyen",78.22,15.63,78.5,15.625,2038,2,-15.14
"Longyearbyen",78.22,15.63,78.5,15.625,2038,3,-16.45
"Longyearbyen",78.22,15.63,78.5,15.625,2038,4,-6.56
"Longyearbyen",78.22,15.63,78.5,15.625,2038,5,-5.03
"Longyearbyen",78.22,15.63,78.5,15.625,2038,6,0.09
"Longyearbyen",78.22,15.63,78.5,15.625,2038,7,0.96
"Longyearbyen",78.22,15.63,78.5,15.625,2038,8,1.27
"Longyearbyen",78.22,15.63,78.5,15.625,2038,9,-0.49
"Longyearbyen",78.22,15.63,78.5,15.625,2038,10,-2.98
"Longyearbyen",78.22,15.63,78.5,15.625,2038,11,-5.76
"Longyearbyen",78.22,15.63,78.5,15.625,2038,12,-7.78
"Longyearbyen",78.22,15.63,78.5,15.625,2039,1,-21.29
"Longyearbyen",78.22,15.63,78.5,15.625,2039,2,-18.88
"Longyearbyen",78.22,15.63,78.5,15.625,2039,3,-17.83
"Longyearbyen",78.22,15.63,78.5,15.625,2039,4,-15.83
"Longyearbyen",78.22,15.63,78.5,15.625,2039,5,-5.16
"Longyearbyen",78.22,15.63,78.5,15.625,2039,6,-0.93
"Longyearbyen",78.22,15.63,78.5,15.625,2039,7,0.38
"Longyearbyen",78.22,15.63,78.5,15.625,2039,8,0.98
"Longyearbyen",78.22,15.63,78.5,15.625,2039,9,-1.95
"Longyearbyen",78.22,15.63,78.5,15.625,2039,10,-6.32
"Longyearbyen",78.22,15.63,78.5,15.625,2039,11,-10.42
"Longyearbyen",78.22,15.63,78.5,15.625,2039,12,-20.13
"Longyearbyen",78.22,15.63,78.5,15.625,2040,1,-14.64
"Longyearbyen",78.22,15.63,78.5,15.625,2040,2,-11.72
"Longyearbyen",78.22,15.63,78.5,15.625,2040,3,-23.99
"Longyearbyen",78.22,15.63,78.5,15.625,2040,4,-11.4
"Longyearbyen",78.22,15.63,78.5,15.625,2040,5,-4.68
"Longyearbyen",78.22,15.63,78.5,15.625,2040,6,-0.59
"Longyearbyen",78.22,15.63,78.5,15.625,2040,7,0.87
"Longyearbyen",78.22,15.63,78.5,15.625,2040,8,0.55
"Longyearbyen",78.22,15.63,78.5,15.625,2040,9,-4.07
"Longyearbyen",78.22,15.63,78.5,15.625,2040,10,-8.88
"Longyearbyen",78.22,15.63,78.5,15.625,2040,11,-12.55
"Longyearbyen",78.22,15.63,78.5,15.625,2040,12,-11.2
"Longyearbyen",78.22,15.63,78.5,15.625,2041,1,-17.31
"Longyearbyen",78.22,15.63,78.5,15.625,2041,2,-19.27
"Longyearbyen",78.22,15.63,78.5,15.625,2041,3,-14.24
"Longyearbyen",78.22,15.63,78.5,15.625,2041,4,-11.91
"Longyearbyen",78.22,15.63,78.5,15.625,2041,5,-5.2
"Longyearbyen",78.22,15.63,78.5,15.625,2041,6,0
"Longyearbyen",78.22,15.63,78.5,15.625,2041,7,1.09
"Longyearbyen",78.22,15.63,78.5,15.625,2041,8,0.47
"Longyearbyen",78.22,15.63,78.5,15.625,2041,9,-1.24
"Longyearbyen",78.22,15.63,78.5,15.625,2041,10,-4.24
"Longyearbyen",78.22,15.63,78.5,15.625,2041,11,-11.3
"Longyearbyen",78.22,15.63,78.5,15.625,2041,12,-14.31
"Longyearbyen",78.22,15.63,78.5,15.625,2042,1,-18.85
"Longyearbyen",78.22,15.63,78.5,15.625,2042,2,-22.08
"Longyearbyen",78.22,15.63,78.5,15.625,2042,3,-16.33
"Longyearbyen",78.22,15.63,78.5,15.625,2042,4,-15.69
"Longyearbyen",78.22,15.63,78.5,15.625,2042,5,-5.63
"Longyearbyen",78.22,15.63,78.5,15.625,2042,6,-0.63
"Longyearbyen",78.22,15.63,78.5,15.625,2042,7,0.81
"Longyearbyen",78.22,15.63,78.5,15.625,2042,8,1.56
"Longyearbyen",78.22,15.63,78.5,15.625,2042,9,0.72
"Longyearbyen",78.22,15.63,78.5,15.625,2042,10,-5.18
"Longyearbyen",78.22,15.63,78.5,15.625,2042,11,-11.29
"Longyearbyen",78.22,15.63,78.5,15.625,2042,12,-6.73
"Longyearbyen",78.22,15.63,78.5,15.625,2043,1,-17.31
"Longyearbyen",78.22,15.63,78.5,15.625,2043,2,-7.99
"Longyearbyen",78.22,15.63,78.5,15.625,2043,3,-13.08
"Longyearbyen",78.22,15.63,78.5,15.625,2043,4,-14.25
"Longyearbyen",78.22,15.63,78.5,15.625,2043,5,-3.19
"Longyearbyen",78.22,15.63,78.5,15.625,2043,6,0.39
"Longyearbyen",78.22,15.63,78.5,15.625,2043,7,1.95
"Longyearbyen",78.22,15.63,78.5,15.625,2043,8,2.89
"Longyearbyen",78.22,15.63,78.5,15.625,2043,9,-1.15
"Longyearbyen",78.22,15.63,78.5,15.625,2043,10,-5.75
"Longyearbyen",78.22,15.63,78.5,15.625,2043,11,-10.18
"Longyearbyen",78.22,15.63,78.5,15.625,2043,12,-13.02
"Longyearbyen",78.22,15.63,78.5,15.625,2044,1,-20.64
"Longyearbyen",78.22,15.63,78.5,15.625,2044,2,-24.42
"Longyearbyen",78.22,15.63,78.5,15.625,2044,3,-21.53
"Longyearbyen",78.22,15.63,78.5,15.625,2044,4,-6.57
"Longyearbyen",78.22,15.63,78.5,15.625,2044,5,-5.83
"Longyearbyen",78.22,15.63,78.5,15.625,2044,6,0.14
"Longyearbyen",78.22,15.63,78.5,15.625,2044,7,1.47
"Longyearbyen",78.22,15.63,78.5,15.625,2044,8,1.43
"Longyearbyen",78.22,15.63,78.5,15.625,2044,9,-2.84
"Longyearbyen",78.22,15.63,78.5,15.625,2044,10,-6.98
"Longyearbyen",78.22,15.63,78.5,15.625,2044,11,-16.4
"Longyearbyen",78.22,15.63,78.5,15.625,2044,12,-18.87
"Longyearbyen",78.22,15.63,78.5,15.625,2045,1,-21.68
"Longyearbyen",78.22,15.63,78.5,15.625,2045,2,-20.34
"Longyearbyen",78.22,15.63,78.5,15.625,2045,3,-17.26
"Longyearbyen",78.22,15.63,78.5,15.625,2045,4,-14.1
"Longyearbyen",78.22,15.63,78.5,15.625,2045,5,-3.35
"Longyearbyen",78.22,15.63,78.5,15.625,2045,6,-0.62
"Longyearbyen",78.22,15.63,78.5,15.625,2045,7,0.81
"Longyearbyen",78.22,15.63,78.5,15.625,2045,8,3.28
"Longyearbyen",78.22,15.63,78.5,15.625,2045,9,-1.01
"Longyearbyen",78.22,15.63,78.5,15.625,2045,10,-1.31
"Longyearbyen",78.22,15.63,78.5,15.625,2045,11,-6.51
"Longyearbyen",78.22,15.63,78.5,15.625,2045,12,-13.38
"Longyearbyen",78.22,15.63,78.5,15.625,2046,1,-12.31
"Longyearbyen",78.22,15.63,78.5,15.625,2046,2,-14.3
"Longyearbyen",78.22,15.63,78.5,15.625,2046,3,-15.93
"Longyearbyen",78.22,15.63,78.5,15.625,2046,4,-10.6
"Longyearbyen",78.22,15.63,78.5,15.625,2046,5,-2.13
"Longyearbyen",78.22,15.63,78.5,15.625,2046,6,0.24
"Longyearbyen",78.22,15.63,78.5,15.625,2046,7,1.31
"Longyearbyen",78.22,15.63,78.5,15.625,2046,8,1.56
"Longyearbyen",78.22,15.63,78.5,15.625,2046,9,-2.1
"Longyearbyen",78.22,15.63,78.5,15.625,2046,10,-2.04
"Longyearbyen",78.22,15.63,78.5,15.625,2046,11,-7.68
"Longyearbyen",78.22,15.63,78.5,15.625,2046,12,-18.35
"Longyearbyen",78.22,15.63,78.5,15.625,2047,1,-18.05
"Longyearbyen",78.22,15.63,78.5,15.625,2047,2,-20.14
"Longyearbyen",78.22,15.63,78.5,15.625,2047,3,-10.73
"Longyearbyen",78.22,15.63,78.5,15.625,2047,4,-10.99
"Longyearbyen",78.22,15.63,78.5,15.625,2047,5,-5.76
"Longyearbyen",78.22,15.63,78.5,15.625,2047,6,-0.11
"Longyearbyen",78.22,15.63,78.5,15.625,2047,7,1.21
"Longyearbyen",78.22,15.63,78.5,15.625,2047,8,0.83
"Longyearbyen",78.22,15.63,78.5,15.625,2047,9,0.75
"Longyearbyen",78.22,15.63,78.5,15.625,2047,10,-4.52
"Longyearbyen",78.22,15.63,78.5,15.625,2047,11,-6.2
"Longyearbyen",78.22,15.63,78.5,15.625,2047,12,-8.68
"Longyearbyen",78.22,15.63,78.5,15.625,2048,1,-14.68
"Longyearbyen",78.22,15.63,78.5,15.625,2048,2,-13.94
"Longyearbyen",78.22,15.63,78.5,15.625,2048,3,-15.85
"Longyearbyen",78.22,15.63,78.5,15.625,2048,4,-10.19
"Longyearbyen",78.22,15.63,78.5,15.625,2048,5,-2.44
"Longyearbyen",78.22,15.63,78.5,15.625,2048,6,-0.44
"Longyearbyen",78.22,15.63,78.5,15.625,2048,7,1.11
"Longyearbyen",78.22,15.63,78.5,15.625,2048,8,1.24
"Longyearbyen",78.22,15.63,78.5,15.625,2048,9,-1.55
"Longyearbyen",78.22,15.63,78.5,15.625,2048,10,-3.12
"Longyearbyen",78.22,15.63,78.5,15.625,2048,11,-7.06
"Longyearbyen",78.22,15.63,78.5,15.625,2048,12,-14.43
"Longyearbyen",78.22,15.63,78.5,15.625,2049,1,-10.01
"Longyearbyen",78.22,15.63,78.5,15.625,2049,2,-10.89
"Longyearbyen",78.22,15.63,78.5,15.625,2049,3,-13.6
"Longyearbyen",78.22,15.63,78.5,15.625,2049,4,-10.45
"Longyearbyen",78.22,15.63,78.5,15.625,2049,5,-2.06
"Longyearbyen",78.22,15.63,78.5,15.625,2049,6,0.07
"Longyearbyen",78.22,15.63,78.5,15.625,2049,7,2.63
"Longyearbyen",78.22,15.63,78.5,15.625,2049,8,2.72
"Longyearbyen",78.22,15.63,78.5,15.625,2049,9,-0.8
"Longyearbyen",78.22,15.63,78.5,15.625,2049,10,-1.52
"Longyearbyen",78.22,15.63,78.5,15.625,2049,11,-6.75
"Longyearbyen",78.22,15.63,78.5,15.625,2049,12,-11.74
"Longyearbyen",78.22,15.63,78.5,15.625,2050,1,-19.29
"Longyearbyen",78.22,15.63,78.5,15.625,2050,2,-21.66
"Longyearbyen",78.22,15.63,78.5,15.625,2050,3,-14.59
"Longyearbyen",78.22,15.63,78.5,15.625,2050,4,-12.86
"Longyearbyen",78.22,15.63,78.5,15.625,2050,5,-1.76
"Longyearbyen",78.22,15.63,78.5,15.625,2050,6,-0.06
"Longyearbyen",78.22,15.63,78.5,15.625,2050,7,1.76
"Longyearbyen",78.22,15.63,78.5,15.625,2050,8,0.55
"Longyearbyen",78.22,15.63,78.5,15.625,2050,9,-2.04
"Longyearbyen",78.22,15.63,78.5,15.625,2050,10,-7.89
"Longyearbyen",78.22,15.63,78.5,15.625,2050,11,-11.36
"Longyearbyen",78.22,15.63,78.5,15.625,2050,12,-11.91
"Longyearbyen",78.22,15.63,78.5,15.625,2051,1,-19.25
"Longyearbyen",78.22,15.63,78.5,15.625,2051,2,-18.27
"Longyearbyen",78.22,15.63,78.5,15.625,2051,3,-21.18
"Longyearbyen",78.22,15.63,78.5,15.625,2051,4,-14.72
"Longyearbyen",78.22,15.63,78.5,15.625,2051,5,-4.52
"Longyearbyen",78.22,15.63,78.5,15.625,2051,6,0.73
"Longyearbyen",78.22,15.63,78.5,15.625,2051,7,1.95
"Longyearbyen",78.22,15.63,78.5,15.625,2051,8,2.16
"Longyearbyen",78.22,15.63,78.5,15.625,2051,9,-0.99
"Longyearbyen",78.22,15.63,78.5,15.625,2051,10,-3.71
"Longyearbyen",78.22,15.63,78.5,15.625,2051,11,-9.73
"Longyearbyen",78.22,15.63,78.5,15.625,2051,12,-8.02
"Longyearbyen",78.22,15.63,78.5,15.625,2052,1,-8.65
"Longyearbyen",78.22,15.63,78.5,15.625,2052,2,-16.63
"Longyearbyen",78.22,15.63,78.5,15.625,2052,3,-10.09
"Longyearbyen",78.22,15.63,78.5,15.625,2052,4,-9.37
"Longyearbyen",78.22,15.63,78.5,15.625,2052,5,-4.8
"Longyearbyen",78.22,15.63,78.5,15.625,2052,6,-0.09
"Longyearbyen",78.22,15.63,78.5,15.625,2052,7,1.37
"Longyearbyen",78.22,15.63,78.5,15.625,2052,8,2.17
"Longyearbyen",78.22,15.63,78.5,15.625,2052,9,-0.22
"Longyearbyen",78.22,15.63,78.5,15.625,2052,10,-2.26
"Longyearbyen",78.22,15.63,78.5,15.625,2052,11,-2.43
"Longyearbyen",78.22,15.63,78.5,15.625,2052,12,-13.37
"Longyearbyen",78.22,15.63,78.5,15.625,2053,1,-17.27
"Longyearbyen",78.22,15.63,78.5,15.625,2053,2,-17.69
"Longyearbyen",78.22,15.63,78.5,15.625,2053,3,-8.27
"Longyearbyen",78.22,15.63,78.5,15.625,2053,4,-7.86
"Longyearbyen",78.22,15.63,78.5,15.625,2053,5,-3.97
"Longyearbyen",78.22,15.63,78.5,15.625,2053,6,0.5
"Longyearbyen",78.22,15.63,78.5,15.625,2053,7,2.61
"Longyearbyen",78.22,15.63,78.5,15.625,2053,8,2.06
"Longyearbyen",78.22,15.63,78.5,15.625,2053,9,0.25
"Longyearbyen",78.22,15.63,78.5,15.625,2053,10,-4.62
"Longyearbyen",78.22,15.63,78.5,15.625,2053,11,-6.05
"Longyearbyen",78.22,15.63,78.5,15.625,2053,12,-13.59
"Longyearbyen",78.22,15.63,78.5,15.625,2054,1,-14.21
"Longyearbyen",78.22,15.63,78.5,15.625,2054,2,-13.62
"Longyearbyen",78.22,15.63,78.5,15.625,2054,3,-9.21
"Longyearbyen",78.22,15.63,78.5,15.625,2054,4,-9.41
"Longyearbyen",78.22,15.63,78.5,15.625,2054,5,-3.5
"Longyearbyen",78.22,15.63,78.5,15.625,2054,6,-0.01
"Longyearbyen",78.22,15.63,78.5,15.625,2054,7,3.1
"Longyearbyen",78.22,15.63,78.5,15.625,2054,8,2.04
"Longyearbyen",78.22,15.63,78.5,15.625,2054,9,-0.92
"Longyearbyen",78.22,15.63,78.5,15.625,2054,10,-4.16
"Longyearbyen",78.22,15.63,78.5,15.625,2054,11,-7.22
"Longyearbyen",78.22,15.63,78.5,15.625,2054,12,-7.1
"Longyearbyen",78.22,15.63,78.5,15.625,2055,1,-11.93
"Longyearbyen",78.22,15.63,78.5,15.625,2055,2,-19.12
"Longyearbyen",78.22,15.63,78.5,15.625,2055,3,-10.87
"Longyearbyen",78.22,15.63,78.5,15.625,2055,4,-6.61
"Longyearbyen",78.22,15.63,78.5,15.625,2055,5,-2.08
"Longyearbyen",78.22,15.63,78.5,15.625,2055,6,0.55
"Longyearbyen",78.22,15.63,78.5,15.625,2055,7,1.7
"Longyearbyen",78.22,15.63,78.5,15.625,2055,8,3.15
"Longyearbyen",78.22,15.63,78.5,15.625,2055,9,-0.3
"Longyearbyen",78.22,15.63,78.5,15.625,2055,10,-2.57
"Longyearbyen",78.22,15.63,78.5,15.625,2055,11,-8.12
"Longyearbyen",78.22,15.63,78.5,15.625,2055,12,-14.23
"Longyearbyen",78.22,15.63,78.5,15.625,2056,1,-12.53
"Longyearbyen",78.22,15.63,78.5,15.625,2056,2,-9.87
"Longyearbyen",78.22,15.63,78.5,15.625,2056,3,-21.66
"Longyearbyen",78.22,15.63,78.5,15.625,2056,4,-16.43
"Longyearbyen",78.22,15.63,78.5,15.625,2056,5,-2.15
"Longyearbyen",78.22,15.63,78.5,15.625,2056,6,0.2
"Longyearbyen",78.22,15.63,78.5,15.625,2056,7,1.93
"Longyearbyen",78.22,15.63,78.5,15.625,2056,8,1.18
"Longyearbyen",78.22,15.63,78.5,15.625,2056,9,-1.55
"Longyearbyen",78.22,15.63,78.5,15.625,2056,10,-2.09
"Longyearbyen",78.22,15.63,78.5,15.625,2056,11,-9
"Longyearbyen",78.22,15.63,78.5,15.625,2056,12,-7.74
"Longyearbyen",78.22,15.63,78.5,15.625,2057,1,-20.14
"Longyearbyen",78.22,15.63,78.5,15.625,2057,2,-16.92
"Longyearbyen",78.22,15.63,78.5,15.625,2057,3,-23.88
"Longyearbyen",78.22,15.63,78.5,15.625,2057,4,-15.28
"Longyearbyen",78.22,15.63,78.5,15.625,2057,5,-5.37
"Longyearbyen",78.22,15.63,78.5,15.625,2057,6,-0.59
"Longyearbyen",78.22,15.63,78.5,15.625,2057,7,0.92
"Longyearbyen",78.22,15.63,78.5,15.625,2057,8,1.33
"Longyearbyen",78.22,15.63,78.5,15.625,2057,9,-1.19
"Longyearbyen",78.22,15.63,78.5,15.625,2057,10,-4.09
"Longyearbyen",78.22,15.63,78.5,15.625,2057,11,-7.39
"Longyearbyen",78.22,15.63,78.5,15.625,2057,12,-14.15
"Longyearbyen",78.22,15.63,78.5,15.625,2058,1,-12.89
"Longyearbyen",78.22,15.63,78.5,15.625,2058,2,-19.52
"Longyearbyen",78.22,15.63,78.5,15.625,2058,3,-10.31
"Longyearbyen",78.22,15.63,78.5,15.625,2058,4,-13.06
"Longyearbyen",78.22,15.63,78.5,15.625,2058,5,-4.3
"Longyearbyen",78.22,15.63,78.5,15.625,2058,6,-0.63
"Longyearbyen",78.22,15.63,78.5,15.625,2058,7,1.91
"Longyearbyen",78.22,15.63,78.5,15.625,2058,8,2.08
"Longyearbyen",78.22,15.63,78.5,15.625,2058,9,1.74
"Longyearbyen",78.22,15.63,78.5,15.625,2058,10,-4.56
"Longyearbyen",78.22,15.63,78.5,15.625,2058,11,-1.98
"Longyearbyen",78.22,15.63,78.5,15.625,2058,12,-6.8
"Longyearbyen",78.22,15.63,78.5,15.625,2059,1,-10.73
"Longyearbyen",78.22,15.63,78.5,15.625,2059,2,-20.17
"Longyearbyen",78.22,15.63,78.5,15.625,2059,3,-17.18
"Longyearbyen",78.22,15.63,78.5,15.625,2059,4,-1.9
"Longyearbyen",78.22,15.63,78.5,15.625,2059,5,-4.63
"Longyearbyen",78.22,15.63,78.5,15.625,2059,6,0.23
"Longyearbyen",78.22,15.63,78.5,15.625,2059,7,2.44
"Longyearbyen",78.22,15.63,78.5,15.625,2059,8,1.05
"Longyearbyen",78.22,15.63,78.5,15.625,2059,9,0.08
"Longyearbyen",78.22,15.63,78.5,15.625,2059,10,-1.06
"Longyearbyen",78.22,15.63,78.5,15.625,2059,11,-3.81
"Longyearbyen",78.22,15.63,78.5,15.625,2059,12,-11.41
"Longyearbyen",78.22,15.63,78.5,15.625,2060,1,-13.01
"Longyearbyen",78.22,15.63,78.5,15.625,2060,2,-18.82
"Longyearbyen",78.22,15.63,78.5,15.625,2060,3,-11.84
"Longyearbyen",78.22,15.63,78.5,15.625,2060,4,-8.37
"Longyearbyen",78.22,15.63,78.5,15.625,2060,5,-3.16
"Longyearbyen",78.22,15.63,78.5,15.625,2060,6,0.94
"Longyearbyen",78.22,15.63,78.5,15.625,2060,7,3.22
"Longyearbyen",78.22,15.63,78.5,15.625,2060,8,2.48
"Longyearbyen",78.22,15.63,78.5,15.625,2060,9,1.59
"Longyearbyen",78.22,15.63,78.5,15.625,2060,10,-1.68
"Longyearbyen",78.22,15.63,78.5,15.625,2060,11,-6.54
"Longyearbyen",78.22,15.63,78.5,15.625,2060,12,-11.18
"Longyearbyen",78.22,15.63,78.5,15.625,2061,1,-13.75
"Longyearbyen",78.22,15.63,78.5,15.625,2061,2,-15.33
"Longyearbyen",78.22,15.63,78.5,15.625,2061,3,-14.77
"Longyearbyen",78.22,15.63,78.5,15.625,2061,4,-7.5
"Longyearbyen",78.22,15.63,78.5,15.625,2061,5,-2.57
"Longyearbyen",78.22,15.63,78.5,15.625,2061,6,2.76
"Longyearbyen",78.22,15.63,78.5,15.625,2061,7,3.37
"Longyearbyen",78.22,15.63,78.5,15.625,2061,8,2.89
"Longyearbyen",78.22,15.63,78.5,15.625,2061,9,-0.95
"Longyearbyen",78.22,15.63,78.5,15.625,2061,10,-3.18
"Longyearbyen",78.22,15.63,78.5,15.625,2061,11,-6.69
"Longyearbyen",78.22,15.63,78.5,15.625,2061,12,-15.81
"Longyearbyen",78.22,15.63,78.5,15.625,2062,1,-20.53
"Longyearbyen",78.22,15.63,78.5,15.625,2062,2,-18.46
"Longyearbyen",78.22,15.63,78.5,15.625,2062,3,-14.84
"Longyearbyen",78.22,15.63,78.5,15.625,2062,4,-8.05
"Longyearbyen",78.22,15.63,78.5,15.625,2062,5,-1.5
"Longyearbyen",78.22,15.63,78.5,15.625,2062,6,0.33
"Longyearbyen",78.22,15.63,78.5,15.625,2062,7,2.03
"Longyearbyen",78.22,15.63,78.5,15.625,2062,8,2.43
"Longyearbyen",78.22,15.63,78.5,15.625,2062,9,1.65
"Longyearbyen",78.22,15.63,78.5,15.625,2062,10,-0.34
"Longyearbyen",78.22,15.63,78.5,15.625,2062,11,-7.17
"Longyearbyen",78.22,15.63,78.5,15.625,2062,12,-10.6
"Longyearbyen",78.22,15.63,78.5,15.625,2063,1,-22.5
"Longyearbyen",78.22,15.63,78.5,15.625,2063,2,-11.71
"Longyearbyen",78.22,15.63,78.5,15.625,2063,3,-20.24
"Longyearbyen",78.22,15.63,78.5,15.625,2063,4,-14.2
"Longyearbyen",78.22,15.63,78.5,15.625,2063,5,-4.49
"Longyearbyen",78.22,15.63,78.5,15.625,2063,6,0.01
"Longyearbyen",78.22,15.63,78.5,15.625,2063,7,1.31
"Longyearbyen",78.22,15.63,78.5,15.625,2063,8,2.53
"Longyearbyen",78.22,15.63,78.5,15.625,2063,9,0.98
"Longyearbyen",78.22,15.63,78.5,15.625,2063,10,-1.81
"Longyearbyen",78.22,15.63,78.5,15.625,2063,11,-4.05
"Longyearbyen",78.22,15.63,78.5,15.625,2063,12,-16.92
"Longyearbyen",78.22,15.63,78.5,15.625,2064,1,-14.02
"Longyearbyen",78.22,15.63,78.5,15.625,2064,2,-23.71
"Longyearbyen",78.22,15.63,78.5,15.625,2064,3,-14.3
"Longyearbyen",78.22,15.63,78.5,15.625,2064,4,-11.74
"Longyearbyen",78.22,15.63,78.5,15.625,2064,5,-2.45
"Longyearbyen",78.22,15.63,78.5,15.625,2064,6,-0.48
"Longyearbyen",78.22,15.63,78.5,15.625,2064,7,1.36
"Longyearbyen",78.22,15.63,78.5,15.625,2064,8,2.17
"Longyearbyen",78.22,15.63,78.5,15.625,2064,9,0.2
"Longyearbyen",78.22,15.63,78.5,15.625,2064,10,-3.03
"Longyearbyen",78.22,15.63,78.5,15.625,2064,11,-4.63
"Longyearbyen",78.22,15.63,78.5,15.625,2064,12,-7.82
"Longyearbyen",78.22,15.63,78.5,15.625,2065,1,-19.39
"Longyearbyen",78.22,15.63,78.5,15.625,2065,2,-14.65
"Longyearbyen",78.22,15.63,78.5,15.625,2065,3,-20.3
"Longyearbyen",78.22,15.63,78.5,15.625,2065,4,-6.79
"Longyearbyen",78.22,15.63,78.5,15.625,2065,5,-2.69
"Longyearbyen",78.22,15.63,78.5,15.625,2065,6,0.2
"Longyearbyen",78.22,15.63,78.5,15.625,2065,7,1.39
"Longyearbyen",78.22,15.63,78.5,15.625,2065,8,1.62
"Longyearbyen",78.22,15.63,78.5,15.625,2065,9,-1.05
"Longyearbyen",78.22,15.63,78.5,15.625,2065,10,-4.22
"Longyearbyen",78.22,15.63,78.5,15.625,2065,11,-4.99
"Longyearbyen",78.22,15.63,78.5,15.625,2065,12,-14.25
"Longyearbyen",78.22,15.63,78.5,15.625,2066,1,-19.31
"Longyearbyen",78.22,15.63,78.5,15.625,2066,2,-24.74
"Longyearbyen",78.22,15.63,78.5,15.625,2066,3,-18.33
"Longyearbyen",78.22,15.63,78.5,15.625,2066,4,-6.15
"Longyearbyen",78.22,15.63,78.5,15.625,2066,5,-3.47
"Longyearbyen",78.22,15.63,78.5,15.625,2066,6,-0.12
"Longyearbyen",78.22,15.63,78.5,15.625,2066,7,1.99
"Longyearbyen",78.22,15.63,78.5,15.625,2066,8,2.88
"Longyearbyen",78.22,15.63,78.5,15.625,2066,9,-1.3
"Longyearbyen",78.22,15.63,78.5,15.625,2066,10,-5.38
"Longyearbyen",78.22,15.63,78.5,15.625,2066,11,-3.97
"Longyearbyen",78.22,15.63,78.5,15.625,2066,12,-17.59
"Longyearbyen",78.22,15.63,78.5,15.625,2067,1,-18.93
"Longyearbyen",78.22,15.63,78.5,15.625,2067,2,-9.12
"Longyearbyen",78.22,15.63,78.5,15.625,2067,3,-18.91
"Longyearbyen",78.22,15.63,78.5,15.625,2067,4,-8.98
"Longyearbyen",78.22,15.63,78.5,15.625,2067,5,-3.4
"Longyearbyen",78.22,15.63,78.5,15.625,2067,6,-0.01
"Longyearbyen",78.22,15.63,78.5,15.625,2067,7,2.01
"Longyearbyen",78.22,15.63,78.5,15.625,2067,8,2.61
"Longyearbyen",78.22,15.63,78.5,15.625,2067,9,-0.74
"Longyearbyen",78.22,15.63,78.5,15.625,2067,10,-5.13
"Longyearbyen",78.22,15.63,78.5,15.625,2067,11,-5.91
"Longyearbyen",78.22,15.63,78.5,15.625,2067,12,-8.83
"Longyearbyen",78.22,15.63,78.5,15.625,2068,1,-12.1
"Longyearbyen",78.22,15.63,78.5,15.625,2068,2,-12.9
"Longyearbyen",78.22,15.63,78.5,15.625,2068,3,-8.6
"Longyearbyen",78.22,15.63,78.5,15.625,2068,4,-8.19
"Longyearbyen",78.22,15.63,78.5,15.625,2068,5,-1.99
"Longyearbyen",78.22,15.63,78.5,15.625,2068,6,0.26
"Longyearbyen",78.22,15.63,78.5,15.625,2068,7,1.64
"Longyearbyen",78.22,15.63,78.5,15.625,2068,8,1.51
"Longyearbyen",78.22,15.63,78.5,15.625,2068,9,-0.62
"Longyearbyen",78.22,15.63,78.5,15.625,2068,10,-4.91
"Longyearbyen",78.22,15.63,78.5,15.625,2068,11,-7.26
"Longyearbyen",78.22,15.63,78.5,15.625,2068,12,-13.23
"Longyearbyen",78.22,15.63,78.5,15.625,2069,1,-11.31
"Longyearbyen",78.22,15.63,78.5,15.625,2069,2,-14.53
"Longyearbyen",78.22,15.63,78.5,15.625,2069,3,-9.61
"Longyearbyen",78.22,15.63,78.5,15.625,2069,4,-6.68
"Longyearbyen",78.22,15.63,78.5,15.625,2069,5,-3.15
"Longyearbyen",78.22,15.63,78.5,15.625,2069,6,0.51
"Longyearbyen",78.22,15.63,78.5,15.625,2069,7,2.19
"Longyearbyen",78.22,15.63,78.5,15.625,2069,8,2.54
"Longyearbyen",78.22,15.63,78.5,15.625,2069,9,0.8
"Longyearbyen",78.22,15.63,78.5,15.625,2069,10,-2.86
"Longyearbyen",78.22,15.63,78.5,15.625,2069,11,-1.79
"Longyearbyen",78.22,15.63,78.5,15.625,2069,12,-8.63
"Longyearbyen",78.22,15.63,78.5,15.625,2070,1,-9.59
"Longyearbyen",78.22,15.63,78.5,15.625,2070,2,-16.15
"Longyearbyen",78.22,15.63,78.5,15.625,2070,3,-6.63
"Longyearbyen",78.22,15.63,78.5,15.625,2070,4,-5.56
"Longyearbyen",78.22,15.63,78.5,15.625,2070,5,-3.65
"Longyearbyen",78.22,15.63,78.5,15.625,2070,6,0.88
"Longyearbyen",78.22,15.63,78.5,15.625,2070,7,2.47
"Longyearbyen",78.22,15.63,78.5,15.625,2070,8,2.43
"Longyearbyen",78.22,15.63,78.5,15.625,2070,9,0.99
"Longyearbyen",78.22,15.63,78.5,15.625,2070,10,-3.08
"Longyearbyen",78.22,15.63,78.5,15.625,2070,11,-2.76
"Longyearbyen",78.22,15.63,78.5,15.625,2070,12,-11.82
"Longyearbyen",78.22,15.63,78.5,15.625,2071,1,-11.62
"Longyearbyen",78.22,15.63,78.5,15.625,2071,2,-17.05
"Longyearbyen",78.22,15.63,78.5,15.625,2071,3,-13.73
"Longyearbyen",78.22,15.63,78.5,15.625,2071,4,-10.4
"Longyearbyen",78.22,15.63,78.5,15.625,2071,5,-3.72
"Longyearbyen",78.22,15.63,78.5,15.625,2071,6,0.02
"Longyearbyen",78.22,15.63,78.5,15.625,2071,7,1.81
"Longyearbyen",78.22,15.63,78.5,15.625,2071,8,2.42
"Longyearbyen",78.22,15.63,78.5,15.625,2071,9,-0.77
"Longyearbyen",78.22,15.63,78.5,15.625,2071,10,-1.2
"Longyearbyen",78.22,15.63,78.5,15.625,2071,11,-5.11
"Longyearbyen",78.22,15.63,78.5,15.625,2071,12,-11.13
"Longyearbyen",78.22,15.63,78.5,15.625,2072,1,-16.85
"Longyearbyen",78.22,15.63,78.5,15.625,2072,2,-13.73
"Longyearbyen",78.22,15.63,78.5,15.625,2072,3,-12.61
"Longyearbyen",78.22,15.63,78.5,15.625,2072,4,-8.59
"Longyearbyen",78.22,15.63,78.5,15.625,2072,5,-2.59
"Longyearbyen",78.22,15.63,78.5,15.625,2072,6,-0.03
"Longyearbyen",78.22,15.63,78.5,15.625,2072,7,1.71
"Longyearbyen",78.22,15.63,78.5,15.625,2072,8,1.52
"Longyearbyen",78.22,15.63,78.5,15.625,2072,9,0.1
"Longyearbyen",78.22,15.63,78.5,15.625,2072,10,-2.26
"Longyearbyen",78.22,15.63,78.5,15.625,2072,11,-4.14
"Longyearbyen",78.22,15.63,78.5,15.625,2072,12,-8.53
"Longyearbyen",78.22,15.63,78.5,15.625,2073,1,-11.45
"Longyearbyen",78.22,15.63,78.5,15.625,2073,2,-13.86
"Longyearbyen",78.22,15.63,78.5,15.625,2073,3,-12.38
"Longyearbyen",78.22,15.63,78.5,15.625,2073,4,-9.66
"Longyearbyen",78.22,15.63,78.5,15.625,2073,5,0.17
"Longyearbyen",78.22,15.63,78.5,15.625,2073,6,1.02
"Longyearbyen",78.22,15.63,78.5,15.625,2073,7,4.74
"Longyearbyen",78.22,15.63,78.5,15.625,2073,8,4.59
"Longyearbyen",78.22,15.63,78.5,15.625,2073,9,0.72
"Longyearbyen",78.22,15.63,78.5,15.625,2073,10,-2.53
"Longyearbyen",78.22,15.63,78.5,15.625,2073,11,-3.21
"Longyearbyen",78.22,15.63,78.5,15.625,2073,12,-8.14
"Longyearbyen",78.22,15.63,78.5,15.625,2074,1,-14.06
"Longyearbyen",78.22,15.63,78.5,15.625,2074,2,-9.19
"Longyearbyen",78.22,15.63,78.5,15.625,2074,3,-15.04
"Longyearbyen",78.22,15.63,78.5,15.625,2074,4,-11.62
"Longyearbyen",78.22,15.63,78.5,15.625,2074,5,-1.31
"Longyearbyen",78.22,15.63,78.5,15.625,2074,6,0.94
"Longyearbyen",78.22,15.63,78.5,15.625,2074,7,2.54
"Longyearbyen",78.22,15.63,78.5,15.625,2074,8,1.75
"Longyearbyen",78.22,15.63,78.5,15.625,2074,9,0.7
"Longyearbyen",78.22,15.63,78.5,15.625,2074,10,-1.21
"Longyearbyen",78.22,15.63,78.5,15.625,2074,11,-2.16
"Longyearbyen",78.22,15.63,78.5,15.625,2074,12,-8.45
"Longyearbyen",78.22,15.63,78.5,15.625,2075,1,-4.85
"Longyearbyen",78.22,15.63,78.5,15.625,2075,2,-13.43
"Longyearbyen",78.22,15.63,78.5,15.625,2075,3,-9.78
"Longyearbyen",78.22,15.63,78.5,15.625,2075,4,-6.17
"Longyearbyen",78.22,15.63,78.5,15.625,2075,5,-2.81
"Longyearbyen",78.22,15.63,78.5,15.625,2075,6,1.97
"Longyearbyen",78.22,15.63,78.5,15.625,2075,7,4.36
"Longyearbyen",78.22,15.63,78.5,15.625,2075,8,3.18
"Longyearbyen",78.22,15.63,78.5,15.625,2075,9,3.36
"Longyearbyen",78.22,15.63,78.5,15.625,2075,10,-0.27
"Longyearbyen",78.22,15.63,78.5,15.625,2075,11,-1.76
"Longyearbyen",78.22,15.63,78.5,15.625,2075,12,-5.89
"Longyearbyen",78.22,15.63,78.5,15.625,2076,1,-14.17
"Longyearbyen",78.22,15.63,78.5,15.625,2076,2,-16.11
"Longyearbyen",78.22,15.63,78.5,15.625,2076,3,-9
"Longyearbyen",78.22,15.63,78.5,15.625,2076,4,-2.83
"Longyearbyen",78.22,15.63,78.5,15.625,2076,5,-2.5
"Longyearbyen",78.22,15.63,78.5,15.625,2076,6,1.38
"Longyearbyen",78.22,15.63,78.5,15.625,2076,7,3.86
"Longyearbyen",78.22,15.63,78.5,15.625,2076,8,4.46
"Longyearbyen",78.22,15.63,78.5,15.625,2076,9,2.59
"Longyearbyen",78.22,15.63,78.5,15.625,2076,10,-0.99
"Longyearbyen",78.22,15.63,78.5,15.625,2076,11,-2.4
"Longyearbyen",78.22,15.63,78.5,15.625,2076,12,-6.69
"Longyearbyen",78.22,15.63,78.5,15.625,2077,1,-9.87
"Longyearbyen",78.22,15.63,78.5,15.625,2077,2,-9.05
"Longyearbyen",78.22,15.63,78.5,15.625,2077,3,-7.56
"Longyearbyen",78.22,15.63,78.5,15.625,2077,4,-11.82
"Longyearbyen",78.22,15.63,78.5,15.625,2077,5,-0.93
"Longyearbyen",78.22,15.63,78.5,15.625,2077,6,0.3
"Longyearbyen",78.22,15.63,78.5,15.625,2077,7,2.99
"Longyearbyen",78.22,15.63,78.5,15.625,2077,8,2.35
"Longyearbyen",78.22,15.63,78.5,15.625,2077,9,-0.07
"Longyearbyen",78.22,15.63,78.5,15.625,2077,10,-1.9
"Longyearbyen",78.22,15.63,78.5,15.625,2077,11,-4.12
"Longyearbyen",78.22,15.63,78.5,15.625,2077,12,-9.13
"Longyearbyen",78.22,15.63,78.5,15.625,2078,1,-14.94
"Longyearbyen",78.22,15.63,78.5,15.625,2078,2,-19.35
"Longyearbyen",78.22,15.63,78.5,15.625,2078,3,-10.49
"Longyearbyen",78.22,15.63,78.5,15.625,2078,4,-14.13
"Longyearbyen",78.22,15.63,78.5,15.625,2078,5,-1.97
"Longyearbyen",78.22,15.63,78.5,15.625,2078,6,-0.05
"Longyearbyen",78.22,15.63,78.5,15.625,2078,7,2.51
"Longyearbyen",78.22,15.63,78.5,15.625,2078,8,2.82
"Longyearbyen",78.22,15.63,78.5,15.625,2078,9,-0.16
"Longyearbyen",78.22,15.63,78.5,15.625,2078,10,-0.31
"Longyearbyen",78.22,15.63,78.5,15.625,2078,11,-3.16
"Longyearbyen",78.22,15.63,78.5,15.625,2078,12,-7.98
"Longyearbyen",78.22,15.63,78.5,15.625,2079,1,-18.76
"Longyearbyen",78.22,15.63,78.5,15.625,2079,2,-22.83
"Longyearbyen",78.22,15.63,78.5,15.625,2079,3,-11.91
"Longyearbyen",78.22,15.63,78.5,15.625,2079,4,-9.12
"Longyearbyen",78.22,15.63,78.5,15.625,2079,5,-2.53
"Longyearbyen",78.22,15.63,78.5,15.625,2079,6,0.61
"Longyearbyen",78.22,15.63,78.5,15.625,2079,7,4.33
"Longyearbyen",78.22,15.63,78.5,15.625,2079,8,2.45
"Longyearbyen",78.22,15.63,78.5,15.625,2079,9,0.47
"Longyearbyen",78.22,15.63,78.5,15.625,2079,10,-1.08
"Longyearbyen",78.22,15.63,78.5,15.625,2079,11,-2.26
"Longyearbyen",78.22,15.63,78.5,15.625,2079,12,-2.58
"Longyearbyen",78.22,15.63,78.5,15.625,2080,1,-8.28
"Longyearbyen",78.22,15.63,78.5,15.625,2080,2,-13.53
"Longyearbyen",78.22,15.63,78.5,15.625,2080,3,-15.31
"Longyearbyen",78.22,15.63,78.5,15.625,2080,4,-11
"Longyearbyen",78.22,15.63,78.5,15.625,2080,5,-0.77
"Longyearbyen",78.22,15.63,78.5,15.625,2080,6,0.29
"Longyearbyen",78.22,15.63,78.5,15.625,2080,7,3.14
"Longyearbyen",78.22,15.63,78.5,15.625,2080,8,5.04
"Longyearbyen",78.22,15.63,78.5,15.625,2080,9,0.28
"Longyearbyen",78.22,15.63,78.5,15.625,2080,10,0.59
"Longyearbyen",78.22,15.63,78.5,15.625,2080,11,-0.3
"Longyearbyen",78.22,15.63,78.5,15.625,2080,12,-0.34
"Longyearbyen",78.22,15.63,78.5,15.625,2081,1,-5.15
"Longyearbyen",78.22,15.63,78.5,15.625,2081,2,-2.39
"Longyearbyen",78.22,15.63,78.5,15.625,2081,3,-12.14
"Longyearbyen",78.22,15.63,78.5,15.625,2081,4,-5.55
"Longyearbyen",78.22,15.63,78.5,15.625,2081,5,-2.54
"Longyearbyen",78.22,15.63,78.5,15.625,2081,6,2.11
"Longyearbyen",78.22,15.63,78.5,15.625,2081,7,4.63
"Longyearbyen",78.22,15.63,78.5,15.625,2081,8,3.63
"Longyearbyen",78.22,15.63,78.5,15.625,2081,9,2.33
"Longyearbyen",78.22,15.63,78.5,15.625,2081,10,1.96
"Longyearbyen",78.22,15.63,78.5,15.625,2081,11,-5.21
"Longyearbyen",78.22,15.63,78.5,15.625,2081,12,-5.48
"Longyearbyen",78.22,15.63,78.5,15.625,2082,1,-6.27
"Longyearbyen",78.22,15.63,78.5,15.625,2082,2,-16.13
"Longyearbyen",78.22,15.63,78.5,15.625,2082,3,-14.42
"Longyearbyen",78.22,15.63,78.5,15.625,2082,4,-3.4
"Longyearbyen",78.22,15.63,78.5,15.625,2082,5,-0.55
"Longyearbyen",78.22,15.63,78.5,15.625,2082,6,2.1
"Longyearbyen",78.22,15.63,78.5,15.625,2082,7,5.5
"Longyearbyen",78.22,15.63,78.5,15.625,2082,8,4.95
"Longyearbyen",78.22,15.63,78.5,15.625,2082,9,2.77
"Longyearbyen",78.22,15.63,78.5,15.625,2082,10,-1.02
"Longyearbyen",78.22,15.63,78.5,15.625,2082,11,-3.81
"Longyearbyen",78.22,15.63,78.5,15.625,2082,12,-7.54
"Longyearbyen",78.22,15.63,78.5,15.625,2083,1,-2.24
"Longyearbyen",78.22,15.63,78.5,15.625,2083,2,-4.85
"Longyearbyen",78.22,15.63,78.5,15.625,2083,3,-3.82
"Longyearbyen",78.22,15.63,78.5,15.625,2083,4,-6.21
"Longyearbyen",78.22,15.63,78.5,15.625,2083,5,-1.65
"Longyearbyen",78.22,15.63,78.5,15.625,2083,6,1.83
"Longyearbyen",78.22,15.63,78.5,15.625,2083,7,4.41
"Longyearbyen",78.22,15.63,78.5,15.625,2083,8,4.29
"Longyearbyen",78.22,15.63,78.5,15.625,2083,9,3.69
"Longyearbyen",78.22,15.63,78.5,15.625,2083,10,-0.39
"Longyearbyen",78.22,15.63,78.5,15.625,2083,11,-2.81
"Longyearbyen",78.22,15.63,78.5,15.625,2083,12,-6.74
"Longyearbyen",78.22,15.63,78.5,15.625,2084,1,-8.59
"Longyearbyen",78.22,15.63,78.5,15.625,2084,2,-4.82
"Longyearbyen",78.22,15.63,78.5,15.625,2084,3,-10.81
"Longyearbyen",78.22,15.63,78.5,15.625,2084,4,-8.04
"Longyearbyen",78.22,15.63,78.5,15.625,2084,5,-0.38
"Longyearbyen",78.22,15.63,78.5,15.625,2084,6,2.19
"Longyearbyen",78.22,15.63,78.5,15.625,2084,7,3.92
"Longyearbyen",78.22,15.63,78.5,15.625,2084,8,6
"Longyearbyen",78.22,15.63,78.5,15.625,2084,9,4.61
"Longyearbyen",78.22,15.63,78.5,15.625,2084,10,0.86
"Longyearbyen",78.22,15.63,78.5,15.625,2084,11,-2.52
"Longyearbyen",78.22,15.63,78.5,15.625,2084,12,-7.18
"Longyearbyen",78.22,15.63,78.5,15.625,2085,1,-11.75
"Longyearbyen",78.22,15.63,78.5,15.625,2085,2,-10.98
"Longyearbyen",78.22,15.63,78.5,15.625,2085,3,-10.28
"Longyearbyen",78.22,15.63,78.5,15.625,2085,4,-8.16
"Longyearbyen",78.22,15.63,78.5,15.625,2085,5,-1.65
"Longyearbyen",78.22,15.63,78.5,15.625,2085,6,1.33
"Longyearbyen",78.22,15.63,78.5,15.625,2085,7,4.25
"Longyearbyen",78.22,15.63,78.5,15.625,2085,8,4.32
"Longyearbyen",78.22,15.63,78.5,15.625,2085,9,2.49
"Longyearbyen",78.22,15.63,78.5,15.625,2085,10,-2.64
"Longyearbyen",78.22,15.63,78.5,15.625,2085,11,-4.58
"Longyearbyen",78.22,15.63,78.5,15.625,2085,12,-4.18
"Longyearbyen",78.22,15.63,78.5,15.625,2086,1,-10.46
"Longyearbyen",78.22,15.63,78.5,15.625,2086,2,-8.43
"Longyearbyen",78.22,15.63,78.5,15.625,2086,3,-2.77
"Longyearbyen",78.22,15.63,78.5,15.625,2086,4,-7.01
"Longyearbyen",78.22,15.63,78.5,15.625,2086,5,-1.86
"Longyearbyen",78.22,15.63,78.5,15.625,2086,6,1.5
"Longyearbyen",78.22,15.63,78.5,15.625,2086,7,3.21
"Longyearbyen",78.22,15.63,78.5,15.625,2086,8,3.54
"Longyearbyen",78.22,15.63,78.5,15.625,2086,9,0.13
"Longyearbyen",78.22,15.63,78.5,15.625,2086,10,1.03
"Longyearbyen",78.22,15.63,78.5,15.625,2086,11,-1.85
"Longyearbyen",78.22,15.63,78.5,15.625,2086,12,-6.51
"Longyearbyen",78.22,15.63,78.5,15.625,2087,1,-4.2
"Longyearbyen",78.22,15.63,78.5,15.625,2087,2,-8.16
"Longyearbyen",78.22,15.63,78.5,15.625,2087,3,-9.71
"Longyearbyen",78.22,15.63,78.5,15.625,2087,4,-4.9
"Longyearbyen",78.22,15.63,78.5,15.625,2087,5,-1.79
"Longyearbyen",78.22,15.63,78.5,15.625,2087,6,1.46
"Longyearbyen",78.22,15.63,78.5,15.625,2087,7,3.37
"Longyearbyen",78.22,15.63,78.5,15.625,2087,8,4.78
"Longyearbyen",78.22,15.63,78.5,15.625,2087,9,1.37
"Longyearbyen",78.22,15.63,78.5,15.625,2087,10,-1.64
"Longyearbyen",78.22,15.63,78.5,15.625,2087,11,-1.93
"Longyearbyen",78.22,15.63,78.5,15.625,2087,12,-6.14
"Longyearbyen",78.22,15.63,78.5,15.625,2088,1,-11.71
"Longyearbyen",78.22,15.63,78.5,15.625,2088,2,-10.28
"Longyearbyen",78.22,15.63,78.5,15.625,2088,3,-15.44
"Longyearbyen",78.22,15.63,78.5,15.625,2088,4,-1.93
"Longyearbyen",78.22,15.63,78.5,15.625,2088,5,-0.97
"Longyearbyen",78.22,15.63,78.5,15.625,2088,6,1.32
"Longyearbyen",78.22,15.63,78.5,15.625,2088,7,4.43
"Longyearbyen",78.22,15.63,78.5,15.625,2088,8,4
"Longyearbyen",78.22,15.63,78.5,15.625,2088,9,2.77
"Longyearbyen",78.22,15.63,78.5,15.625,2088,10,0.28
"Longyearbyen",78.22,15.63,78.5,15.625,2088,11,-0.17
"Longyearbyen",78.22,15.63,78.5,15.625,2088,12,-8.47
"Longyearbyen",78.22,15.63,78.5,15.625,2089,1,-12.96
"Longyearbyen",78.22,15.63,78.5,15.625,2089,2,-13.53
"Longyearbyen",78.22,15.63,78.5,15.625,2089,3,-14.8
"Longyearbyen",78.22,15.63,78.5,15.625,2089,4,-7.82
"Longyearbyen",78.22,15.63,78.5,15.625,2089,5,-1.15
"Longyearbyen",78.22,15.63,78.5,15.625,2089,6,1.98
"Longyearbyen",78.22,15.63,78.5,15.625,2089,7,3.76
"Longyearbyen",78.22,15.63,78.5,15.625,2089,8,4.17
"Longyearbyen",78.22,15.63,78.5,15.625,2089,9,0.66
"Longyearbyen",78.22,15.63,78.5,15.625,2089,10,0.26
"Longyearbyen",78.22,15.63,78.5,15.625,2089,11,-3.74
"Longyearbyen",78.22,15.63,78.5,15.625,2089,12,-8.02
"Longyearbyen",78.22,15.63,78.5,15.625,2090,1,-12.15
"Longyearbyen",78.22,15.63,78.5,15.625,2090,2,-14.72
"Longyearbyen",78.22,15.63,78.5,15.625,2090,3,-14.68
"Longyearbyen",78.22,15.63,78.5,15.625,2090,4,-6.93
"Longyearbyen",78.22,15.63,78.5,15.625,2090,5,-1.27
"Longyearbyen",78.22,15.63,78.5,15.625,2090,6,0.37
"Longyearbyen",78.22,15.63,78.5,15.625,2090,7,3.06
"Longyearbyen",78.22,15.63,78.5,15.625,2090,8,2.81
"Longyearbyen",78.22,15.63,78.5,15.625,2090,9,0.31
"Longyearbyen",78.22,15.63,78.5,15.625,2090,10,-1.32
"Longyearbyen",78.22,15.63,78.5,15.625,2090,11,-3.29
"Longyearbyen",78.22,15.63,78.5,15.625,2090,12,-9.61
"Longyearbyen",78.22,15.63,78.5,15.625,2091,1,-6
"Longyearbyen",78.22,15.63,78.5,15.625,2091,2,-7.6
"Longyearbyen",78.22,15.63,78.5,15.625,2091,3,-3.24
"Longyearbyen",78.22,15.63,78.5,15.625,2091,4,-6.09
"Longyearbyen",78.22,15.63,78.5,15.625,2091,5,-2.25
"Longyearbyen",78.22,15.63,78.5,15.625,2091,6,0.75
"Longyearbyen",78.22,15.63,78.5,15.625,2091,7,2.43
"Longyearbyen",78.22,15.63,78.5,15.625,2091,8,4.47
"Longyearbyen",78.22,15.63,78.5,15.625,2091,9,2.31
"Longyearbyen",78.22,15.63,78.5,15.625,2091,10,-0.44
"Longyearbyen",78.22,15.63,78.5,15.625,2091,11,-2.75
"Longyearbyen",78.22,15.63,78.5,15.625,2091,12,-5.3
"Longyearbyen",78.22,15.63,78.5,15.625,2092,1,-8.18
"Longyearbyen",78.22,15.63,78.5,15.625,2092,2,-7.7
"Longyearbyen",78.22,15.63,78.5,15.625,2092,3,-11.45
"Longyearbyen",78.22,15.63,78.5,15.625,2092,4,-5.45
"Longyearbyen",78.22,15.63,78.5,15.625,2092,5,-0.96
"Longyearbyen",78.22,15.63,78.5,15.625,2092,6,2.22
"Longyearbyen",78.22,15.63,78.5,15.625,2092,7,6.51
"Longyearbyen",78.22,15.63,78.5,15.625,2092,8,4.19
"Longyearbyen",78.22,15.63,78.5,15.625,2092,9,3.06
"Longyearbyen",78.22,15.63,78.5,15.625,2092,10,-1.13
"Longyearbyen",78.22,15.63,78.5,15.625,2092,11,-2.91
"Longyearbyen",78.22,15.63,78.5,15.625,2092,12,-0.58
"Longyearbyen",78.22,15.63,78.5,15.625,2093,1,-1.05
"Longyearbyen",78.22,15.63,78.5,15.625,2093,2,-8.72
"Longyearbyen",78.22,15.63,78.5,15.625,2093,3,-9.19
"Longyearbyen",78.22,15.63,78.5,15.625,2093,4,-5.37
"Longyearbyen",78.22,15.63,78.5,15.625,2093,5,0.83
"Longyearbyen",78.22,15.63,78.5,15.625,2093,6,3.08
"Longyearbyen",78.22,15.63,78.5,15.625,2093,7,4.84
"Longyearbyen",78.22,15.63,78.5,15.625,2093,8,6.52
"Longyearbyen",78.22,15.63,78.5,15.625,2093,9,3.7
"Longyearbyen",78.22,15.63,78.5,15.625,2093,10,1.84
"Longyearbyen",78.22,15.63,78.5,15.625,2093,11,-0.43
"Longyearbyen",78.22,15.63,78.5,15.625,2093,12,-7.09
"Longyearbyen",78.22,15.63,78.5,15.625,2094,1,-7.26
"Longyearbyen",78.22,15.63,78.5,15.625,2094,2,-7.28
"Longyearbyen",78.22,15.63,78.5,15.625,2094,3,-6.99
"Longyearbyen",78.22,15.63,78.5,15.625,2094,4,-1.49
"Longyearbyen",78.22,15.63,78.5,15.625,2094,5,-1.06
"Longyearbyen",78.22,15.63,78.5,15.625,2094,6,1.11
"Longyearbyen",78.22,15.63,78.5,15.625,2094,7,3.88
"Longyearbyen",78.22,15.63,78.5,15.625,2094,8,4
"Longyearbyen",78.22,15.63,78.5,15.625,2094,9,3.08
"Longyearbyen",78.22,15.63,78.5,15.625,2094,10,0.27
"Longyearbyen",78.22,15.63,78.5,15.625,2094,11,-1.68
"Longyearbyen",78.22,15.63,78.5,15.625,2094,12,-6
"Longyearbyen",78.22,15.63,78.5,15.625,2095,1,-10.14
"Longyearbyen",78.22,15.63,78.5,15.625,2095,2,-9.4
"Longyearbyen",78.22,15.63,78.5,15.625,2095,3,-5.39
"Longyearbyen",78.22,15.63,78.5,15.625,2095,4,-2.25
"Longyearbyen",78.22,15.63,78.5,15.625,2095,5,-0.14
"Longyearbyen",78.22,15.63,78.5,15.625,2095,6,1.95
"Longyearbyen",78.22,15.63,78.5,15.625,2095,7,4.74
"Longyearbyen",78.22,15.63,78.5,15.625,2095,8,4.57
"Longyearbyen",78.22,15.63,78.5,15.625,2095,9,1.59
"Longyearbyen",78.22,15.63,78.5,15.625,2095,10,-1.06
"Longyearbyen",78.22,15.63,78.5,15.625,2095,11,-2.56
"Longyearbyen",78.22,15.63,78.5,15.625,2095,12,-7.45
"Longyearbyen",78.22,15.63,78.5,15.625,2096,1,-8.76
"Longyearbyen",78.22,15.63,78.5,15.625,2096,2,-4.82
"Longyearbyen",78.22,15.63,78.5,15.625,2096,3,-4.07
"Longyearbyen",78.22,15.63,78.5,15.625,2096,4,-3.92
"Longyearbyen",78.22,15.63,78.5,15.625,2096,5,-0.83
"Longyearbyen",78.22,15.63,78.5,15.625,2096,6,1.63
"Longyearbyen",78.22,15.63,78.5,15.625,2096,7,4.07
"Longyearbyen",78.22,15.63,78.5,15.625,2096,8,4.89
"Longyearbyen",78.22,15.63,78.5,15.625,2096,9,2.6
"Longyearbyen",78.22,15.63,78.5,15.625,2096,10,-2.22
"Longyearbyen",78.22,15.63,78.5,15.625,2096,11,-2.22
"Longyearbyen",78.22,15.63,78.5,15.625,2096,12,-6.02
"Longyearbyen",78.22,15.63,78.5,15.625,2097,1,-10.27
"Longyearbyen",78.22,15.63,78.5,15.625,2097,2,-9.75
"Longyearbyen",78.22,15.63,78.5,15.625,2097,3,-4.28
"Longyearbyen",78.22,15.63,78.5,15.625,2097,4,-3.95
"Longyearbyen",78.22,15.63,78.5,15.625,2097,5,-0.02
"Longyearbyen",78.22,15.63,78.5,15.625,2097,6,2.1
"Longyearbyen",78.22,15.63,78.5,15.625,2097,7,5.38
"Longyearbyen",78.22,15.63,78.5,15.625,2097,8,6.07
"Longyearbyen",78.22,15.63,78.5,15.625,2097,9,2.78
"Longyearbyen",78.22,15.63,78.5,15.625,2097,10,0.25
"Longyearbyen",78.22,15.63,78.5,15.625,2097,11,1.25
"Longyearbyen",78.22,15.63,78.5,15.625,2097,12,-6.16
"Longyearbyen",78.22,15.63,78.5,15.625,2098,1,-6.78
"Longyearbyen",78.22,15.63,78.5,15.625,2098,2,-12.07
"Longyearbyen",78.22,15.63,78.5,15.625,2098,3,-5.88
"Longyearbyen",78.22,15.63,78.5,15.625,2098,4,-5.79
"Longyearbyen",78.22,15.63,78.5,15.625,2098,5,-1.23
"Longyearbyen",78.22,15.63,78.5,15.625,2098,6,1.85
"Longyearbyen",78.22,15.63,78.5,15.625,2098,7,3.85
"Longyearbyen",78.22,15.63,78.5,15.625,2098,8,4.37
"Longyearbyen",78.22,15.63,78.5,15.625,2098,9,3.02
"Longyearbyen",78.22,15.63,78.5,15.625,2098,10,-0.34
"Longyearbyen",78.22,15.63,78.5,15.625,2098,11,-1.85
"Longyearbyen",78.22,15.63,78.5,15.625,2098,12,-1.56
"Longyearbyen",78.22,15.63,78.5,15.625,2099,1,-3.86
"Longyearbyen",78.22,15.63,78.5,15.625,2099,2,-6.52
"Longyearbyen",78.22,15.63,78.5,15.625,2099,3,-8.83
"Longyearbyen",78.22,15.63,78.5,15.625,2099,4,-10.69
"Longyearbyen",78.22,15.63,78.5,15.625,2099,5,-2.27
"Longyearbyen",78.22,15.63,78.5,15.625,2099,6,1.11
"Longyearbyen",78.22,15.63,78.5,15.625,2099,7,4.39
"Longyearbyen",78.22,15.63,78.5,15.625,2099,8,4.29
"Longyearbyen",78.22,15.63,78.5,15.625,2099,9,3.41
"Longyearbyen",78.22,15.63,78.5,15.625,2099,10,2.61
"Longyearbyen",78.22,15.63,78.5,15.625,2099,11,-2.65
"Longyearbyen",78.22,15.63,78.5,15.625,2099,12,-2.72
"Longyearbyen",78.22,15.63,78.5,15.625,2100,1,-9.96
"Longyearbyen",78.22,15.63,78.5,15.625,2100,2,-7.38
"Longyearbyen",78.22,15.63,78.5,15.625,2100,3,-6.01
"Longyearbyen",78.22,15.63,78.5,15.625,2100,4,-3.66
"Longyearbyen",78.22,15.63,78.5,15.625,2100,5,-0.36
"Longyearbyen",78.22,15.63,78.5,15.625,2100,6,3.12
"Longyearbyen",78.22,15.63,78.5,15.625,2100,7,6.2
"Longyearbyen",78.22,15.63,78.5,15.625,2100,8,5.69
"Longyearbyen",78.22,15.63,78.5,15.625,2100,9,4.59
"Longyearbyen",78.22,15.63,78.5,15.625,2100,10,-1.98
"Longyearbyen",78.22,15.63,78.5,15.625,2100,11,-4.24
"Longyearbyen",78.22,15.63,78.5,15.625,2100,12,-5.64
